rollout/ep_len_mean,time/fps,time/iterations,long_std,time/time_elapsed,short_std,return_mean,rollout/ep_rew_mean,short_mean,return_std,time/total_timesteps,long_mean,train/value_loss,train/clip_range,train/clip_fraction,train/approx_kl,train/loss,train/policy_gradient_loss,train/explained_variance,train/n_updates,train/learning_rate,train/entropy_loss
2000.0,93,1,0.18672144,21,0.05614658,0.94034445,119.0,0.053665664,2.1876535,2000,0.0012856713,,,,,,,,,,
2000.0,93,2,0.1855964,42,0.07013159,1.1609062,98.0,0.0810161,2.0216262,4000,0.0031450144,5.249990311264992,0.2,0.0,2.3303292e-05,2.113840103149414,-0.00011429301230236888,-0.0021523237228393555,10,1e-05,-0.6931404871866107
2000.0,92,3,0.1904363,64,0.069588624,0.8594057,62.0,0.10249969,2.0890386,6000,0.0018556613,4.161968797445297,0.2,0.0,2.126384e-06,2.2721540927886963,-8.079596445895732e-05,0.000574946403503418,20,1e-05,-0.6931200368329883
2000.0,93,4,0.18728304,86,0.06157666,0.50399894,40.75,0.0772018,2.0434666,8000,0.001099634,4.347358137741685,0.2,0.0,4.833826e-06,1.7933597564697266,-9.506372734904289e-05,-7.033348083496094e-06,30,1e-05,-0.6931283285841345
2000.0,93,5,0.18787237,107,0.063420266,1.2177753,51.4,0.05135223,2.0212045,10000,0.0038663214,4.167746594548225,0.2,0.0,2.39363e-05,1.7811198234558105,-0.00014380061911651866,0.00504225492477417,40,1e-05,-0.6931376861408353
2000.0,93,6,0.18903528,128,0.04323603,0.74960524,38.833333333333336,0.053346906,2.0758994,12000,0.002126962,4.182959482073784,0.2,0.0,3.6844285e-06,2.611957311630249,-4.207294259686023e-05,0.008256375789642334,50,1e-05,-0.6931253224611282
2000.0,93,7,0.18410392,149,0.051634576,0.8513851,37.0,0.044446304,2.2047594,14000,0.0024252553,4.277586000412702,0.2,0.0,7.775932e-06,1.6790965795516968,-7.327985076699406e-05,0.012548089027404785,60,1e-05,-0.6931162487715483
2000.0,93,8,0.18419239,170,0.055563148,1.5933034,45.625,0.07245722,2.0851567,16000,0.003339935,4.761000245809555,0.2,0.0,9.388197e-06,1.2902511358261108,-6.0838458011858165e-05,0.01694309711456299,70,1e-05,-0.6931164160370826
2000.0,93,9,0.18834884,192,0.0588835,1.3677857,41.888888888888886,0.04821136,2.2061641,18000,0.0009571166,4.34336252361536,0.2,0.0,2.5751826e-05,1.7287874221801758,-9.735119965625927e-05,0.02148514986038208,80,1e-05,-0.6930784773081541
2000.0,93,10,0.18185703,213,0.11789994,1.1101291,37.3,0.079876505,2.131057,20000,0.0017134238,4.849089583754539,0.2,0.0,1.831021e-05,1.5229765176773071,-0.00015455726243089883,0.002257108688354492,90,1e-05,-0.6930373966693878
2000.0,93,11,0.1854211,235,0.060851373,1.6698276,42.27272727272727,0.0584036,2.039161,22000,0.0034799285,4.45847940929234,0.2,0.0,4.3467153e-06,2.183999538421631,-0.00010325860930606722,0.016183912754058838,100,1e-05,-0.693057469651103
2000.0,93,12,0.18815193,256,0.05923629,1.5610237,40.666666666666664,0.054342132,1.8623759,24000,0.0027690544,4.168990018963814,0.2,0.0,4.9459923e-06,2.1438024044036865,-0.00010198100935667753,0.011845886707305908,110,1e-05,-0.6930268730968236
2000.0,93,13,0.1848243,277,0.08380423,2.0288649,44.30769230769231,0.09084683,1.9146886,26000,0.0036134191,3.4548135094344614,0.2,0.0,9.716101e-05,1.0111860036849976,-0.00032779028842924165,-0.0018603801727294922,120,1e-05,-0.6929553618654609
2000.0,93,14,0.1815985,299,0.07014252,2.1681323,45.214285714285715,0.09519852,1.9771193,28000,0.0015542764,3.5742647532373666,0.2,0.0,4.6765344e-05,2.1172521114349365,-0.00028380654111970216,0.029208838939666748,130,1e-05,-0.6927636150270701
2000.0,93,15,0.18624088,320,0.07223465,2.8886967,50.733333333333334,0.042491637,2.2119534,30000,0.0030814814,3.8895313955843447,0.2,0.0,2.3764005e-05,2.2888498306274414,-0.00030684515659231695,0.00449371337890625,140,1e-05,-0.6925367046147585
2000.0,93,16,0.19130117,341,0.04985638,2.738613,50.6875,0.05838921,2.0272903,32000,0.0035261272,4.915548771619797,0.2,0.0,2.5521935e-05,1.167840838432312,-0.00010993313044309616,0.005763113498687744,150,1e-05,-0.6922492271289229
2000.0,93,17,0.18797317,362,0.085551634,2.774727,51.470588235294116,0.090561226,1.7933735,34000,0.001115528,4.016478503495454,0.2,0.0,0.00015928736,0.9638830423355103,-0.0005022236349759623,0.0184972882270813,160,1e-05,-0.6920667205005884
2000.0,93,18,0.18730256,384,0.06872326,1.8854126,46.166666666666664,0.059291564,1.9186676,36000,0.0024772193,3.192206368595362,0.2,0.0,0.00046087452,1.91465425491333,-0.0008001478621736169,-0.002120494842529297,170,1e-05,-0.6915892694145441
2000.0,93,19,0.17845103,406,0.072656624,2.2506945,47.94736842105263,0.07441648,2.0689716,38000,0.0011413377,3.6847297552973033,0.2,0.0,0.0001385836,1.8605231046676636,-0.0002607651986181736,0.03312718868255615,180,1e-05,-0.69107610527426
2000.0,93,20,0.19063048,427,0.061016686,2.3226967,48.15,0.036397815,2.34419,40000,0.0020731224,4.113812111318111,0.2,0.0,0.00012300108,4.011387825012207,-0.00024154977581929414,0.03337681293487549,190,1e-05,-0.6907747693359851
2000.0,93,21,0.18116826,449,0.04271577,2.3924696,48.23809523809524,0.040281456,2.2656574,42000,0.002658001,5.126787742972374,0.2,0.0,0.0002406133,1.5507078170776367,-0.0005400238587753847,0.051122188568115234,200,1e-05,-0.6898996816948056
2000.0,93,22,0.18692042,471,0.035608314,2.2350585,48.04545454545455,0.01773515,2.0833633,44000,0.0033916153,4.774942833185196,0.2,0.0,0.00017995259,1.4403431415557861,-0.0001460496918298304,0.057496488094329834,210,1e-05,-0.6893417140468955
2000.0,93,23,0.18605499,493,0.03437575,2.66756,50.17391304347826,0.026027465,2.0968335,46000,0.0022289657,3.8953835763037206,0.2,0.0,8.076758e-05,1.6625944375991821,-0.00024600322649348527,0.09743279218673706,220,1e-05,-0.6894569579511881
2000.0,93,24,0.18487716,515,0.02507676,1.9600388,47.041666666666664,0.024012826,2.1024623,48000,0.0024473034,4.142921616137028,0.2,0.0,0.00032363314,2.60024094581604,-0.0005099610425531864,0.05965769290924072,230,1e-05,-0.6877188455313444
2000.0,92,25,0.1884284,538,0.06362404,1.6439083,45.16,0.048609916,2.244682,50000,0.002425835,4.110846031084657,0.2,0.0,0.0011603029,0.8513603210449219,-0.0010918951127678155,0.07695555686950684,240,1e-05,-0.6851234035566449
2000.0,92,26,0.19051722,560,0.08482795,2.1436143,46.73076923076923,0.03933611,2.1983964,52000,0.0018566181,4.706833151727915,0.2,0.0,0.0005746856,2.7354769706726074,-0.00086523932259297,0.06583064794540405,250,1e-05,-0.683058850094676
2000.0,92,27,0.18053955,584,0.010309627,1.2462056,42.81481481481482,0.008804343,2.259839,54000,0.004590456,4.210718336701393,0.2,0.0,0.0012104716,2.4994595050811768,-0.0009646258637076244,0.11348336935043335,260,1e-05,-0.6853378057479859
2000.0,92,28,0.18616717,607,0.004962585,-2.3617692,26.178571428571427,0.003234829,1.7015547,56000,0.005383025,4.975612034648657,0.2,0.0,0.0032735146,1.3291645050048828,-0.002466675857431255,0.03515118360519409,270,1e-05,-0.6872857704758644
2000.0,92,29,0.18692952,629,0.009216863,-2.9506304,20.586206896551722,0.00821936,1.8777276,58000,0.0036206446,8.234581651911139,0.2,0.0,0.005072752,1.6434216499328613,-0.004572670924244448,-0.07671904563903809,280,1e-05,-0.6843728704378009
2000.0,92,30,0.18974233,652,0.03607641,-2.7730737,18.466666666666665,0.009725493,2.0123708,60000,0.001173203,3.523613508045673,0.2,0.0,6.916346e-05,1.900187611579895,-0.0003238699369831011,0.0021727681159973145,290,1e-05,-0.6746411507949233
2000.0,91,31,0.18017322,674,0.012334642,-2.4810848,17.032258064516128,0.0070947204,1.9391406,62000,0.001878765,3.9276366475969553,0.2,0.0,0.0011843846,1.797623872756958,-0.001220636797370389,0.020628511905670166,300,1e-05,-0.6724798666313291
2000.0,91,32,0.19065376,697,0.023770526,-2.9446542,13.125,0.009013226,1.76779,64000,0.0017500791,3.710415582358837,0.2,0.0,0.0003659043,1.2997562885284424,-0.000441924887127243,-0.0006805658340454102,310,1e-05,-0.665647154673934
2000.0,91,33,0.18214758,718,0.0198003,-1.9996173,14.030303030303031,0.018816153,1.8887048,66000,0.0010096842,2.9876767128705977,0.2,0.0,0.0031794899,0.8170006275177002,-0.0013938924443209545,0.03746098279953003,320,1e-05,-0.6503627125173808
2000.0,91,34,0.1845318,740,0.0076906676,-1.9707412,12.705882352941176,0.0076413695,1.9303015,68000,0.0026895176,3.609728291630745,0.2,0.0,0.0014762196,1.7912737131118774,-0.001429360537440516,0.0018763542175292969,330,1e-05,-0.6483295600861311
2000.0,91,35,0.18517955,763,0.009846244,-1.5555804,12.285714285714286,0.0075996607,2.4462743,70000,0.001998652,3.464272328093648,0.2,0.0,0.00020907642,2.4429261684417725,-0.0003481292922515422,0.005456686019897461,340,1e-05,-0.6507192431017756
2000.0,91,36,0.19274125,785,0.03924666,-0.03745395,14.416666666666666,0.0084492285,2.1277976,72000,0.0012856747,4.829463251680136,0.2,0.0,0.00022178159,1.4421952962875366,-0.0002970720859593712,0.1483975052833557,350,1e-05,-0.6519501458853483
2000.0,91,37,0.18414184,807,0.0075049363,-1.2523998,11.621621621621621,0.0074088518,2.2393713,74000,0.0035959654,3.7905361264944077,0.2,0.0,0.0009711721,1.2027195692062378,-0.0008148985551088117,0.14492905139923096,360,1e-05,-0.6546343060210347
2000.0,91,38,0.18471892,829,0.018139524,0.029943746,13.526315789473685,0.0077622174,1.6764877,76000,0.003242304,3.940352097898722,0.2,0.0,5.5605313e-05,1.5645647048950195,-0.00017267662042286247,0.17252743244171143,370,1e-05,-0.6505671883001923
2000.0,91,39,0.19048305,851,0.0077731307,-1.1742454,11.256410256410257,0.00754364,2.4557598,78000,0.00042788792,2.972307638078928,0.2,0.0,0.00010332171,0.8753269910812378,-0.0002794402971630916,-0.04693436622619629,380,1e-05,-0.6566799335181713
2000.0,91,40,0.18530744,873,0.038856037,1.2615849,14.05,0.009066447,2.0990772,80000,0.0021418298,3.841342689841986,0.2,0.0,0.0027955906,3.0899012088775635,-0.0012597134278621524,0.3284580111503601,390,1e-05,-0.6377967741340399
2000.0,91,41,0.18678056,896,0.006100934,-0.50572324,11.560975609756097,0.005913948,2.4102504,82000,0.0028642593,3.7705234181135894,0.2,0.047412109375,0.010113729,1.5154013633728027,-0.008408075707848184,0.1413467526435852,400,1e-05,-0.6548728886991739
2000.0,91,42,0.18390618,919,0.005996374,-1.9114155,8.452380952380953,0.0062145796,2.9727795,84000,0.00447484,4.04301056265831,0.2,0.0,0.0013149203,1.9425731897354126,-0.0009671579842688516,0.2714582681655884,410,1e-05,-0.6537686519324779
2000.0,91,43,0.18554747,942,0.0054341923,-3.823908,3.186046511627907,0.0050961697,4.224479,86000,0.002937593,3.728789610415697,0.2,0.0,0.0015606335,3.138664722442627,-0.0008407181230722927,0.5413177609443665,420,1e-05,-0.6546674145385623
2000.0,91,44,0.1951304,965,0.00571545,-5.2382946,-1.7272727272727273,0.005090365,4.585184,88000,0.003955491,4.378055994957686,0.2,0.0,0.001630225,1.6241824626922607,-0.0008917996863601729,0.7218725085258484,430,1e-05,-0.6508127940818668
2000.0,91,45,0.18446104,987,0.017924989,-1.5581365,-0.7333333333333333,0.007994977,3.0404441,90000,0.0029685753,3.6791398987174033,0.2,0.000732421875,0.006650192,1.4778412580490112,-0.0028682490810751915,0.8103337287902832,440,1e-05,-0.6325854726135731
2000.0,91,46,0.18646422,1009,0.012251131,-1.5115771,-0.717391304347826,0.0070183254,2.9253922,92000,0.00232634,3.740741465613246,0.2,0.0,0.0003488575,1.7637523412704468,-0.0003067753088544123,0.5896239280700684,450,1e-05,-0.6363594099879265
2000.0,91,47,0.18744554,1032,0.037069116,0.37666425,0.3617021276595745,0.009494938,2.7148168,94000,0.0023860976,3.887527011707425,0.2,0.0,0.00016515098,3.331613063812256,-0.0004426278697792441,0.5317850112915039,460,1e-05,-0.6284490887075662
2000.0,91,48,0.18996884,1054,0.016100533,-0.96874356,0.5416666666666666,0.0078980755,2.4064777,96000,0.0011154901,4.050134275108576,0.2,0.0,0.001504603,3.8016233444213867,-0.0010812172607984395,0.44674915075302124,470,1e-05,-0.6199389168992638
2000.0,91,49,0.17859307,1076,0.015534825,-1.8709517,-0.08163265306122448,0.007696512,2.660264,98000,0.00155219,3.2781115259975193,0.2,0.0,0.00076579006,1.2331180572509766,-0.001414839409699198,0.423470675945282,480,1e-05,-0.6111144777387381
2000.0,91,50,0.19245665,1098,0.006756237,-2.9816601,-2.22,0.0073507973,2.7696774,100000,0.0017162905,3.4759666616097094,0.2,0.0,0.0004945991,1.4139939546585083,-0.001161438855342567,0.5008971989154816,490,1e-05,-0.6068941596895456
2000.0,90,51,0.1816843,1121,0.00795022,-2.8382535,-3.392156862745098,0.006217779,3.7872515,102000,0.00093267777,2.70573845282197,0.2,0.0,0.0003334577,1.321012258529663,-0.0005317634670063854,0.6392010748386383,500,1e-05,-0.5894077166914939
2000.0,90,52,0.18364447,1143,0.01790258,-0.13906983,-2.1923076923076925,0.009254432,3.074215,104000,0.0016162047,2.9963194195181133,0.2,0.019384765625,0.008952787,1.495945692062378,-0.0027108840586151928,0.7782378196716309,510,1e-05,-0.567071776650846
2000.0,90,53,0.18478179,1165,0.010351639,-2.229217,-3.5849056603773586,0.008165525,2.8251207,106000,0.001095247,3.4647498808801176,0.2,0.0408203125,0.007911039,2.130983352661133,-0.005072402494261041,0.6215146481990814,520,1e-05,-0.5946395732462406
2000.0,90,54,0.18045968,1187,0.02135562,-0.95470923,-3.3703703703703702,0.008437728,2.158236,108000,0.0012377305,3.123615188151598,0.2,0.001171875,0.0052152243,2.775963068008423,-0.001794194200192578,0.6017057597637177,530,1e-05,-0.5672195689752698
2000.0,90,55,0.19832473,1209,0.01610296,0.22390796,-2.581818181818182,0.007668687,1.9670571,110000,0.0024298285,2.786627197265625,0.2,0.0,0.00018096002,1.3506393432617188,-0.00045923191646579653,0.3973715901374817,540,1e-05,-0.5629864201880992
2000.0,90,56,0.19219682,1231,0.021159248,-0.42736176,-2.482142857142857,0.01082185,2.3047342,112000,0.0024969757,3.8017713852226733,0.2,0.008447265625,0.004957193,1.3503961563110352,-0.0020603517346899024,-0.06432998180389404,550,1e-05,-0.5487999229691922
2000.0,90,57,0.18039443,1253,0.027636558,-0.8703243,-2.7719298245614037,0.015359034,2.1320794,114000,0.002426236,3.5820287615060806,0.2,0.0,0.0002855042,1.2169928550720215,-0.0007218275684863329,0.3129526376724243,560,1e-05,-0.5117684378288686
2000.0,90,58,0.19308114,1275,0.021017594,-1.8997871,-4.413793103448276,0.008430509,1.8423716,116000,0.0024533542,3.1695876441895963,0.2,0.003662109375,0.0037715905,2.5248911380767822,-0.0013808182411594316,0.28489333391189575,570,1e-05,-0.5207998957484961
2000.0,90,59,0.18265077,1297,0.039744016,0.5941769,-3.6779661016949152,0.010049099,1.917239,118000,0.00086579344,2.495493934676051,0.2,0.0,0.00060802605,1.3920713663101196,-0.00043044853082392366,0.24428528547286987,580,1e-05,-0.5178968175314367
2000.0,90,60,0.18648781,1320,0.01869382,-0.41846478,-4.033333333333333,0.009232728,1.3542281,120000,0.0016484174,3.280308285728097,0.2,0.010205078125,0.0032845205,1.6117215156555176,-0.0030234411970013753,0.09031325578689575,590,1e-05,-0.550350817386061
2000.0,90,61,0.18422471,1344,0.012219683,-1.1765534,-4.721311475409836,0.008086799,1.7199957,122000,0.0025026582,1.9842334315180779,0.2,0.0072265625,0.0062570907,0.5878186821937561,-0.0019202562340069561,-0.11329162120819092,600,1e-05,-0.5104631749913097
2000.0,90,62,0.18767671,1365,0.019064901,-1.4555331,-5.064516129032258,0.012750691,1.7074889,124000,0.00243531,2.2052981758490207,0.2,0.01708984375,0.005642088,0.9497314095497131,-0.002505202259635553,0.24698269367218018,610,1e-05,-0.4721290200017393
2000.0,90,63,0.183615,1387,0.008238372,-1.1461661,-5.380952380952381,0.0075091184,1.8871857,126000,0.0018164945,2.6755387160927055,0.2,0.01318359375,0.0025385264,1.9720301628112793,-0.00198905739816837,0.05839502811431885,620,1e-05,-0.4782973339781165
2000.0,90,64,0.18538205,1409,0.008054198,-2.260149,-6.46875,0.006858477,2.1316316,128000,0.0009991316,2.773757637292147,0.2,0.0072265625,0.0036226655,1.4679676294326782,-0.0018203933082986622,0.21073049306869507,630,1e-05,-0.509032526332885
2000.0,90,65,0.19665746,1431,0.0071041966,-1.8057405,-6.938461538461539,0.0067290952,3.6035495,130000,0.0025338796,2.2147264029830693,0.2,0.010595703125,0.0034427946,0.8564395904541016,-0.001401865712250583,0.4852063059806824,640,1e-05,-0.5098820052109658
2000.0,90,66,0.19017982,1453,0.015537381,1.1485702,-5.606060606060606,0.006880813,2.1706684,132000,0.0025480844,3.502155128866434,0.2,0.001220703125,0.0023470083,1.8179130554199219,-0.001919626208837144,0.6855276226997375,650,1e-05,-0.5061989734880626
2000.0,90,67,0.17724669,1476,0.010032901,-0.85732716,-6.059701492537314,0.009063766,3.8561895,134000,0.0018561847,3.2663151774555446,0.2,0.0,0.00053956395,1.1809192895889282,-0.0009726074029458686,0.30155301094055176,660,1e-05,-0.5493400303646923
2000.0,90,68,0.1857152,1497,0.019801144,0.39149404,-5.926470588235294,0.008208779,2.201384,136000,0.0008571075,2.77335782982409,0.2,0.0083984375,0.0037544554,1.5299869775772095,-0.00207919976382982,0.787317544221878,670,1e-05,-0.47799218986183406
2000.0,90,69,0.18190089,1519,0.006431894,-2.971741,-7.6521739130434785,0.0070755715,3.3524125,138000,0.0034033433,2.757612267881632,0.2,0.016845703125,0.006130186,0.8916700482368469,-0.0018498679855838418,0.4186226725578308,680,1e-05,-0.5219462453387678
2000.0,90,70,0.18453492,1542,0.02932972,-0.7903151,-7.942857142857143,0.008331249,1.5451051,140000,0.0045508104,2.388822795264423,0.2,0.02451171875,0.0046709212,1.3699618577957153,-0.004825930402148515,0.7659735381603241,690,1e-05,-0.44343848843127487
2000.0,90,71,0.18632753,1564,0.030885532,0.34716833,-7.436619718309859,0.008172785,1.7695287,142000,0.0020925158,2.4505844578146934,0.2,0.0103515625,0.0064906804,1.2597180604934692,-0.002284919182420708,-0.07046782970428467,700,1e-05,-0.46014959840103986
2000.0,90,72,0.18423058,1586,0.014830089,-1.0295955,-8.319444444444445,0.008514356,1.7077265,144000,0.0012442751,3.2370868656784295,0.2,0.003515625,0.0032927836,3.738114833831787,-0.0011776863684644923,-0.05193138122558594,710,1e-05,-0.4848629348911345
2000.0,90,73,0.1833157,1608,0.024477134,-1.2976341,-8.753424657534246,0.010277035,1.6913375,146000,0.0014285286,2.5698715914040804,0.2,0.0169921875,0.004734891,1.7453442811965942,-0.0027830158025608396,0.09244537353515625,720,1e-05,-0.4270073898136616
2000.0,90,74,0.18907127,1630,0.020158354,-0.40815735,-8.054054054054054,0.009876874,1.8020259,148000,0.0015642802,2.47428660094738,0.2,0.02041015625,0.0053876033,1.7002506256103516,-0.0028676946021732874,0.11658531427383423,730,1e-05,-0.38414329970255495
2000.0,90,75,0.19101477,1651,0.02425531,0.13243091,-6.826666666666667,0.017999787,1.7197175,150000,0.0011782211,2.374643850699067,0.2,0.00048828125,0.0018178613,0.8797053694725037,-0.0028667134014540353,0.25928038358688354,740,1e-05,-0.39520273739472034
2000.0,90,76,0.18787399,1673,0.051604833,0.5977726,-6.697368421052632,0.010668333,2.1926444,152000,0.0030722814,2.444060920923948,0.2,0.04580078125,0.0038863318,0.7770887613296509,-0.004640090232715011,0.13175195455551147,750,1e-05,-0.4382796507328749
2000.0,90,77,0.18447538,1694,0.029677995,0.004338867,-6.090909090909091,0.017482495,1.9261669,154000,0.0014275484,2.7549666564911606,0.2,0.004248046875,0.0034019083,2.581725835800171,-0.0016845894802827387,0.41374582052230835,760,1e-05,-0.407088122330606
2000.0,90,78,0.19044907,1718,0.03339154,0.73594505,-6.166666666666667,0.011268492,1.7927827,156000,0.0019992925,2.635773665830493,0.2,0.03046875,0.003382001,2.356989860534668,-0.004160577651055064,0.2506328225135803,770,1e-05,-0.4159394381567836
2000.0,90,79,0.18339096,1740,0.025214206,-0.95468026,-6.531645569620253,0.010840929,1.6499351,158000,0.00508555,2.8203152671456335,0.2,0.0,0.00072763185,0.6392430067062378,-0.0009738136970554479,0.11625868082046509,780,1e-05,-0.4059010997414589
2000.0,90,80,0.19311084,1762,0.020034531,-0.06389842,-6.45,0.009277704,1.6254348,160000,0.003877809,2.2648549668490885,0.2,0.0025390625,0.0023214957,1.098034381866455,-0.0010013666906161234,0.15381258726119995,790,1e-05,-0.3487427455373108
2000.0,90,81,0.18492532,1784,0.016019465,-0.81441015,-6.160493827160494,0.0116346795,1.3212463,162000,0.0016347868,2.6389880139380693,0.2,0.000537109375,0.0011083117,1.4174293279647827,-0.0012172639602795244,-0.02991330623626709,800,1e-05,-0.3729513404890895
2000.0,90,82,0.18101725,1805,0.059580587,-0.71196866,-5.634146341463414,0.057365645,1.063645,164000,0.003055959,1.5416657548397779,0.2,0.007275390625,0.0019141827,0.3755955100059509,-0.0010295965417753904,0.10279524326324463,810,1e-05,-0.3288417809642851
2000.0,90,83,0.1861189,1826,0.036649607,0.33975977,-5.192771084337349,0.011523454,1.3709459,166000,0.005668675,1.111692356131971,0.2,0.012744140625,0.001433285,0.44743627309799194,-0.001210195447492879,0.006822407245635986,820,1e-05,-0.32976042572408915
2000.0,90,84,0.18599781,1848,0.013478935,0.09351283,-5.357142857142857,0.010954582,1.3744252,168000,0.0017128623,2.0346134742721915,0.2,0.01650390625,0.0027234145,0.8085432052612305,-0.003812624322017655,-0.11348271369934082,830,1e-05,-0.36490866718813775
2000.0,90,85,0.18331562,1869,0.015596596,-0.013249161,-5.011764705882353,0.01199718,1.0254636,170000,0.0015424879,1.970021035335958,0.2,0.007177734375,0.0036499468,0.4656538963317871,-0.0007911940818303264,-0.06468820571899414,840,1e-05,-0.33769638268277047
2000.0,90,86,0.18930255,1890,0.027020559,0.025474453,-4.674418604651163,0.02874024,0.8299199,172000,0.0020930797,1.1712468234822153,0.2,0.006640625,0.0026769775,0.561418890953064,-0.0015855987978284248,-0.1294466257095337,850,1e-05,-0.3007371506653726
2000.0,91,87,0.18563876,1911,0.03624108,0.29613137,-4.333333333333333,0.021193013,1.0398338,174000,0.003536852,0.684101396240294,0.2,0.01728515625,0.0010987653,0.6180182695388794,-0.0023861546302214264,-0.010148406028747559,860,1e-05,-0.3005938683170825
2000.0,91,88,0.19177791,1932,0.011144115,0.33151442,-4.443181818181818,0.008779197,1.1722797,176000,0.0042714137,1.088836530596018,0.2,0.02412109375,0.0014547585,0.4220115542411804,-0.002656121112522669,-0.018054485321044922,870,1e-05,-0.32304478362202643
2000.0,91,89,0.17817621,1954,0.015217268,0.42652515,-4.067415730337078,0.015394249,1.0970957,178000,0.0021400768,1.4387821959331633,0.2,0.0255859375,0.003232255,0.7044614553451538,-0.003073827052139677,-0.06403863430023193,880,1e-05,-0.30008530798368155
2000.0,91,90,0.18330996,1976,0.0147985965,0.9597612,-3.388888888888889,0.012832563,1.300138,180000,0.0025338738,1.174258645065129,0.2,0.012109375,0.0016846075,0.8632957339286804,-0.0030810496129561214,0.0026788711547851562,890,1e-05,-0.2930517332162708
2000.0,91,91,0.18204656,1998,0.022475468,1.0555875,-3.1648351648351647,0.011087275,1.2907653,182000,0.0032878215,1.568355055898428,0.2,0.031884765625,0.0031110402,0.6631516814231873,-0.003596567513886839,0.06158137321472168,900,1e-05,-0.35363082233816384
2000.0,91,92,0.18750586,2019,0.01276963,0.766456,-3.2934782608695654,0.008504369,1.4428424,184000,0.0032159085,1.5187607616186143,0.2,0.03984375,0.0034819972,1.6428402662277222,-0.004934724151098635,0.08875447511672974,910,1e-05,-0.37147084991447626
2000.0,91,93,0.19265313,2041,0.013856978,0.22724395,-3.6344086021505375,0.007607853,1.4692944,186000,0.0042968444,1.907347260788083,0.2,0.014453125,0.0014441182,1.2878187894821167,-0.0036463187396293508,0.07254904508590698,920,1e-05,-0.35964414328336713
2000.0,91,94,0.1905309,2062,0.018100616,-0.076305024,-3.6808510638297873,0.0094503835,1.0822942,188000,0.003160318,2.0333512838929892,0.2,0.0072265625,0.0027218284,0.49066972732543945,-0.0017034671414876356,0.03108590841293335,930,1e-05,-0.316915739281103
2000.0,91,95,0.18674742,2083,0.010249972,-0.27556387,-3.873684210526316,0.00924213,1.2996488,190000,0.00547872,1.1614966174587606,0.2,0.00244140625,0.0012291542,0.47350573539733887,-0.0018978124833665788,-0.010537147521972656,940,1e-05,-0.2956343996338546
2000.0,91,96,0.18040417,2105,0.0378468,-0.14639236,-3.9583333333333335,0.010029673,1.2609332,192000,0.0047760075,1.5698488895781337,0.2,0.019775390625,0.0017714647,0.8995380401611328,-0.002194928366225213,0.05911552906036377,950,1e-05,-0.30415422692894933
2000.0,91,97,0.18412583,2127,0.010687641,-0.23799393,-4.051546391752577,0.00816083,1.291361,194000,0.0029717006,1.583509815298021,0.2,0.000146484375,0.0019521014,0.8755312561988831,-0.0020526132953818887,-0.0005983114242553711,960,1e-05,-0.33825529129244386
2000.0,91,98,0.18614894,2148,0.010638905,-0.10842924,-3.826530612244898,0.009546671,1.148827,196000,0.0052976822,1.6049060687422751,0.2,0.009375,0.0026653418,0.5996031761169434,-0.002244918173528276,0.02996814250946045,970,1e-05,-0.2932543203700334
2000.0,91,99,0.18373284,2170,0.00880711,-0.26519117,-4.02020202020202,0.0072910036,1.2954786,198000,0.0046843016,1.3420934276655316,0.2,0.01962890625,0.0027123676,0.3807253837585449,-0.002971126974443905,-0.031937479972839355,980,1e-05,-0.30626967903226615
2000.0,91,100,0.18166517,2192,0.029151164,-0.22956452,-4.07,0.009096189,1.3096601,200000,0.0038734803,1.485187081247568,0.2,0.0078125,0.0015040912,0.6676931381225586,-0.0015450194507138804,0.09856671094894409,990,1e-05,-0.2929559497628361
2000.0,91,101,0.18179466,2214,0.036692373,-0.45906317,-5.43,0.011033032,1.3588002,202000,0.0049462533,1.64243617746979,0.2,0.00859375,0.0023432123,0.8761083483695984,-0.002071958492160775,0.024502933025360107,1000,1e-05,-0.2989126787520945
2000.0,91,102,0.18437949,2235,0.010790848,0.3806889,-5.45,0.007344949,1.2711855,204000,0.0023204272,1.828165271319449,0.2,0.02900390625,0.0028849621,0.34640786051750183,-0.0038750274266931227,-0.000661015510559082,1010,1e-05,-0.3116934109013528
2000.0,91,103,0.18349852,2257,0.006536734,-0.46717295,-5.91,0.0066092103,1.2654358,206000,0.0051738597,1.5665634963661432,0.2,0.01162109375,0.0016664946,0.8619916439056396,-0.0026063953308039347,0.03791004419326782,1020,1e-05,-0.3165186278987676
2000.0,91,104,0.1819522,2277,0.015813923,-0.32585973,-5.43,0.01767769,0.896198,208000,0.0035275493,1.5630026709288358,0.2,0.04267578125,0.003889135,0.7551870346069336,-0.003961848869221285,0.01037144660949707,1030,1e-05,-0.2553951540030539
2000.0,91,105,0.18677609,2299,0.015444922,-0.5228381,-6.76,0.012006258,1.0927784,210000,0.0077233394,0.7819144458509981,0.2,0.01279296875,0.0013817761,0.4799500107765198,-0.001932603749446571,0.015306651592254639,1040,1e-05,-0.27354491529986263
2000.0,91,106,0.18873051,2320,0.016818786,-0.5213989,-6.43,0.014165897,0.8948364,212000,0.002714358,1.1995883671566845,0.2,0.01728515625,0.0024254217,0.7359452247619629,-0.0016334072686731815,-0.008185029029846191,1050,1e-05,-0.21700895885005594
2000.0,91,107,0.18337268,2341,0.0129404,-0.49832377,-6.84,0.013742417,0.89286226,214000,0.00478984,0.8105060740374028,0.2,0.024951171875,0.0018438029,0.25295311212539673,-0.002989891279139556,-0.013127446174621582,1060,1e-05,-0.24234660929068924
2000.0,91,108,0.18837431,2363,0.027056579,0.027006043,-7.8,0.010534826,1.3218497,216000,0.0042583677,0.722789749596268,0.2,0.006689453125,0.0011174295,0.3746546506881714,-0.0013407055550487712,0.07393205165863037,1070,1e-05,-0.23814702602103352
2000.0,91,109,0.18451439,2385,0.048244465,0.106298484,-7.92,0.010661315,1.4057213,218000,0.0035943137,1.6492587961256504,0.2,0.00048828125,0.0015174772,0.7840192914009094,-0.0018173361604567617,0.04178112745285034,1080,1e-05,-0.28833067659288647
2000.0,91,110,0.19044411,2406,0.009075669,-0.4404212,-7.96,0.008364734,1.1439202,220000,0.006937694,1.7101929757744074,0.2,0.024609375,0.003269991,1.2951725721359253,-0.004938478782423772,0.06990265846252441,1090,1e-05,-0.296576865715906
2000.0,91,111,0.18200195,2427,0.02586095,-0.37970838,-8.86,0.0112330895,1.1576766,222000,0.005368536,1.1043493269011377,0.2,0.00615234375,0.0016325464,0.384718656539917,-0.002212239168875385,0.14147639274597168,1100,1e-05,-0.22738865204155445
2000.0,91,112,0.17518803,2448,0.017279066,-0.52856,-9.03,0.016687797,0.8076752,224000,0.0058761155,1.2448396813124418,0.2,0.01953125,0.0022768923,0.5304730534553528,-0.0030702120362548157,0.06291097402572632,1110,1e-05,-0.22624874864704908
2000.0,91,113,0.18756497,2469,0.0221308,-0.07894759,-9.54,0.018777514,0.771044,226000,0.002447504,0.583854793291539,0.2,0.010302734375,0.0012800265,0.08501584827899933,-0.0013746466662269085,0.09610480070114136,1120,1e-05,-0.20181347178295256
2000.0,91,114,0.1877262,2490,0.017263599,0.018267762,-10.17,0.014440338,0.94022536,228000,0.0037303367,0.6167890544049441,0.2,0.0015625,0.00075740425,0.45165562629699707,-0.00010172479087486864,-0.048397064208984375,1130,1e-05,-0.22823822903446853
2000.0,91,115,0.18547708,2512,0.024664095,0.1665515,-11.2,0.02054292,0.92677724,230000,0.001872757,0.9569024711847305,0.2,0.02109375,0.0020948276,0.6133832931518555,-0.002819365126197226,-0.11612462997436523,1140,1e-05,-0.21699695936404167
2000.0,91,116,0.18155454,2533,0.007874651,0.20707405,-11.93,0.008144448,1.1982763,232000,0.0051496373,0.8820235793478787,0.2,0.029736328125,0.0021538245,0.23456430435180664,-0.0033568900427781044,-0.037897706031799316,1150,1e-05,-0.23185467203147708
2000.0,91,117,0.1776482,2554,0.006833623,0.17924732,-12.45,0.0068654763,1.0323756,234000,0.004468358,1.5048496063798666,0.2,0.0134765625,0.0021323485,1.2631325721740723,-0.002876927307806909,-0.08042633533477783,1160,1e-05,-0.23092939099296927
2000.0,91,118,0.18116175,2575,0.015062294,0.30898136,-11.8,0.008702573,1.0795643,236000,0.00346772,1.0063087411224843,0.2,0.0,0.00086007116,0.6629893183708191,-0.000680812168866396,0.01462477445602417,1170,1e-05,-0.2170553573407233
2000.0,91,119,0.17916602,2596,0.016288396,0.53709733,-12.28,0.012734013,1.0072992,238000,0.0034433873,1.1098566874861717,0.2,0.003125,0.0012859486,0.43695658445358276,-0.0008919715706724674,0.04043471813201904,1180,1e-05,-0.2184905934613198
2000.0,91,120,0.18366937,2618,0.0075416127,0.44898185,-12.87,0.007827748,1.2309456,240000,0.0012441498,1.0051627039909363,0.2,0.0419921875,0.002370224,0.449679970741272,-0.0036777423141757027,0.0036367177963256836,1190,1e-05,-0.23145922645926476
2000.0,91,121,0.19008699,2639,0.031648856,0.43530154,-13.19,0.0131187225,0.86335963,242000,0.002884126,1.4549953984096646,0.2,0.029833984375,0.002606632,1.1900848150253296,-0.0033083479109336624,0.033378422260284424,1200,1e-05,-0.21625400194898248
2000.0,91,122,0.19179276,2659,0.015693,0.10967551,-13.91,0.013989056,1.0262898,244000,0.0025708904,0.7557234631851315,0.2,0.022802734375,0.0020453404,0.44342342019081116,-0.0025885023729642852,-0.03531467914581299,1210,1e-05,-0.21286894408985974
2000.0,91,123,0.18176126,2680,0.014816655,0.10278737,-14.94,0.012008823,1.0825068,246000,0.0017860844,0.9963964123278857,0.2,0.011767578125,0.0010441004,0.6158385276794434,-0.0014837664217338896,0.04692953824996948,1220,1e-05,-0.1794206691905856
2000.0,91,124,0.18555096,2701,0.012613573,0.1696799,-14.64,0.01230237,1.0449802,248000,0.0033298046,0.9956011094152928,0.2,0.0060546875,0.0012006823,0.5326584577560425,-0.0016119886917294935,0.11706310510635376,1230,1e-05,-0.16943085889797657
2000.0,91,125,0.1906828,2721,0.02099169,0.9128275,-13.75,0.021029694,1.3040901,250000,0.0024282236,0.8995057957246899,0.2,0.016943359375,0.0016481116,0.6553388237953186,-0.0025100097234826537,0.14835554361343384,1240,1e-05,-0.15879668188281357
2000.0,91,126,0.17800125,2742,0.0081741,0.31712553,-14.97,0.008627569,0.9332994,252000,0.004569549,1.5186350099742412,0.2,0.0126953125,0.001239075,0.7907699346542358,-0.0015027134242700413,0.11501318216323853,1250,1e-05,-0.19715641476213933
2000.0,91,127,0.18471615,2762,0.015963791,0.18792734,-14.38,0.00984911,0.8755167,254000,0.002389041,0.6263381035998463,0.2,0.00703125,0.0010309835,0.3412100672721863,-0.0008573626808356493,0.2678754925727844,1260,1e-05,-0.14663449137005954
2000.0,91,128,0.18602608,2784,0.032694757,-0.03781117,-10.06,0.021576742,0.585399,256000,0.0032227999,0.614705843385309,0.2,0.00341796875,0.0015373277,0.2011352926492691,-0.0010336257138988004,0.18238937854766846,1270,1e-05,-0.14573425815906377
2000.0,91,129,0.18951072,2805,0.013065849,0.077727705,-8.51,0.015432498,0.57985866,258000,0.0009854477,0.34223064039833845,0.2,0.00576171875,0.00061912916,0.21624824404716492,-0.0010054121958091855,-0.04355955123901367,1280,1e-05,-0.142645967612043
2000.0,92,130,0.18607497,2825,0.0268372,0.34143677,-7.94,0.016996773,1.0122607,260000,0.0038714895,0.313034522999078,0.2,0.026806640625,0.0010076503,0.11419788002967834,-0.0035017687216168268,0.06445199251174927,1290,1e-05,-0.14465052660088987
2000.0,92,131,0.18524134,2846,0.029896758,0.82807565,-7.23,0.015148028,1.0441744,262000,0.0019994571,0.9787067888304591,0.2,0.015283203125,0.0011516649,0.6052629351615906,-0.001535962542402558,0.025018393993377686,1300,1e-05,-0.16249968155752867
2000.0,92,132,0.18720986,2867,0.016395053,1.1116345,-5.76,0.016586835,1.2002953,264000,0.0027530869,0.9391540196724236,0.2,0.001513671875,0.00036827876,0.45534223318099976,-0.0005359872404369526,0.11948305368423462,1310,1e-05,-0.1716347431531176
2000.0,92,133,0.18735877,2889,0.023141198,0.9844729,-5.91,0.026055524,0.9650327,266000,0.002499969,1.1734015403315425,0.2,0.007080078125,0.0012358523,0.6121700406074524,-0.0016620753362076358,0.16820955276489258,1320,1e-05,-0.15967495448421687
2000.0,92,134,0.19059597,2910,0.015558012,1.2371064,-5.4,0.016990136,1.1502969,268000,0.0018570997,0.6573968291282654,0.2,0.02177734375,0.0013227611,0.20491987466812134,-0.0021991117580910215,0.27518075704574585,1330,1e-05,-0.16425320100970567
2000.0,92,135,0.1837836,2931,0.019868866,1.5191072,-4.82,0.01565033,1.3219507,270000,0.0023859432,0.9932543260976672,0.2,0.0220703125,0.0013648933,0.6593104600906372,-0.002677474697702564,0.23500323295593262,1340,1e-05,-0.17714496662374585
2000.0,92,136,0.18532088,2952,0.015682615,1.4156256,-5.52,0.017757349,1.3583179,272000,0.0035704633,1.4462448421865701,0.2,0.016162109375,0.0011441407,0.34747907519340515,-0.003415078707621433,0.15841513872146606,1350,1e-05,-0.2082859454676509
2000.0,92,137,0.17724435,2973,0.00892804,1.0181361,-4.6,0.010161636,1.1641145,274000,0.0012465586,1.5521184457466006,0.2,0.010205078125,0.0011037722,0.77696692943573,-0.0019469220016617328,0.15515881776809692,1360,1e-05,-0.19499133159406484
2000.0,92,138,0.18899465,2994,0.013609555,1.3949149,-5.0,0.014166316,1.4154016,276000,0.0037899306,1.0662668984383346,0.2,0.01328125,0.0017291058,0.5780642628669739,-0.002386489427590277,0.19718331098556519,1370,1e-05,-0.17248656968586146
2000.0,92,139,0.18771735,3015,0.013663761,0.89271605,-4.16,0.014026492,1.1612434,278000,0.0024282034,1.5125970223918557,0.2,0.019287109375,0.0016897792,0.7689973711967468,-0.0014965310518164187,0.21666687726974487,1380,1e-05,-0.157897435920313
2000.0,92,140,0.18424465,3036,0.010185196,0.45213634,-5.18,0.010850961,0.8928633,280000,0.0022340622,0.6592356543987989,0.2,0.008447265625,0.0008739803,0.5221714377403259,-0.001708645446342416,0.48333704471588135,1390,1e-05,-0.12517270133830607
2000.0,92,141,0.18234663,3057,0.023472296,0.963787,-4.18,0.01598505,1.4576097,282000,0.0035651473,0.4878355963155627,0.2,0.017236328125,0.00091270613,0.41481533646583557,-0.002084277299582027,0.3734111785888672,1400,1e-05,-0.13650622537825258
2000.0,92,142,0.18752594,3079,0.010993817,1.2373468,-2.8,0.010491806,1.4998829,284000,0.006587803,1.2468176865950227,0.2,0.018994140625,0.001508168,0.49863219261169434,-0.0013828006311086937,0.4001721143722534,1410,1e-05,-0.16812820588238536
2000.0,92,143,0.18780942,3100,0.021572959,1.5116059,-0.2,0.016338538,1.4420663,286000,0.0047088936,1.6575797636061906,0.2,0.019287109375,0.0019065836,1.422027349472046,-0.003139228039071895,0.25690358877182007,1420,1e-05,-0.18035303659271448
2000.0,92,144,0.18133904,3121,0.028612824,1.5575744,2.23,0.02160285,1.2183803,288000,0.0027670609,1.6947098441421986,0.2,0.005908203125,0.0012562706,0.6344729661941528,-0.0015830265590921044,0.16676396131515503,1430,1e-05,-0.17550814431160688
2000.0,92,145,0.18108028,3143,0.016594429,1.3608779,2.22,0.015452791,1.3279029,290000,0.003428925,1.061117209494114,0.2,0.02041015625,0.0013342284,0.5783769488334656,-0.0015471192280529066,0.2702614665031433,1440,1e-05,-0.18256299775093793
2000.0,92,146,0.18576078,3164,0.012694116,1.4502901,2.53,0.012526687,1.421914,292000,0.0032155572,1.0903612554073334,0.2,0.012744140625,0.0014704834,0.20205077528953552,-0.0014294452557805926,0.36942601203918457,1450,1e-05,-0.15931926774792374
2000.0,92,147,0.1883513,3185,0.02298397,1.2720934,2.26,0.017132467,1.6609476,294000,0.0017142356,0.8865729657933116,0.2,0.00576171875,0.00046571833,0.5644548535346985,-0.00106223366165068,0.5275402665138245,1460,1e-05,-0.1512746557360515
2000.0,92,148,0.18656558,3207,0.021247013,2.0057445,2.69,0.019283935,1.3996645,296000,0.0038734232,0.9954060937277973,0.2,0.0123046875,0.0011086902,0.4009835720062256,-0.0012125406821724028,0.6317950487136841,1470,1e-05,-0.15630085864104332
2000.0,92,149,0.18483694,3228,0.012364213,1.1625301,2.9,0.011788894,1.6951604,298000,0.0020051827,1.2319425085559488,0.2,0.019287109375,0.0017828182,0.7056853771209717,-0.001621802957379259,0.3652883768081665,1480,1e-05,-0.20112323616631328
2000.0,92,150,0.18469228,3251,0.016143193,1.3760571,4.17,0.011984468,1.666452,300000,0.0026407037,1.7364612974226474,0.2,0.02666015625,0.0020966602,1.0621411800384521,-0.004420737663167529,0.3725874423980713,1490,1e-05,-0.18931971290148794
2000.0,92,151,0.18966834,3273,0.012111536,1.1047739,5.04,0.010231048,1.8858197,302000,0.0029728848,1.6697668999433517,0.2,0.032421875,0.0016930569,0.7989194393157959,-0.0041532328526955094,0.38416218757629395,1500,1e-05,-0.20828134450130165
2000.0,92,152,0.18371323,3294,0.009980569,1.2060686,4.5,0.009109422,1.9719332,304000,0.004832629,1.4870801851153375,0.2,0.019482421875,0.0025603455,0.4215763807296753,-0.0033303855656413362,0.5575824975967407,1510,1e-05,-0.18300680629909039
2000.0,92,153,0.18348187,3316,0.012852927,1.3603157,5.54,0.011595,2.1257493,306000,0.003283349,2.235484443604946,0.2,0.004833984375,0.0016407203,0.5542009472846985,-0.0014099973821430467,0.4180924892425537,1520,1e-05,-0.2001415528357029
2000.0,92,154,0.17710423,3337,0.016559426,0.25682783,5.33,0.013653013,1.5727454,308000,0.0019021699,3.038887306675315,0.2,0.01650390625,0.002480401,1.1707572937011719,-0.001805746387981344,0.3176839351654053,1530,1e-05,-0.20436006088275463
2000.0,92,155,0.17581235,3358,0.015856106,-0.44814315,4.79,0.012461831,1.3496977,310000,0.002995158,1.2213736340403556,0.2,0.011962890625,0.00094254536,0.34646961092948914,-0.0024223522166721525,0.49349457025527954,1540,1e-05,-0.12929057702422142
2000.0,92,156,0.18526478,3379,0.010886108,-0.35735688,4.79,0.010548723,1.1941643,312000,0.003694158,0.5746885649859905,0.2,0.0125,0.0008299727,0.2216568887233734,-0.0011142646515509113,0.6820586025714874,1550,1e-05,-0.09525998700410128
2000.0,92,157,0.1793403,3400,0.007859586,-0.6675133,4.66,0.008284809,1.0892224,314000,0.004362364,0.561451050825417,0.2,0.007568359375,0.00065381627,0.11877765506505966,-0.0010290884732967243,0.5967266857624054,1560,1e-05,-0.11268556830473245
2000.0,92,158,0.17838816,3421,0.010494861,-0.435693,5.52,0.012241057,1.0344838,316000,0.004827683,0.36455100434832277,0.2,0.020654296875,0.00094748614,0.1927497386932373,-0.002290282805915922,0.6882886290550232,1570,1e-05,-0.09124292520573363
2000.0,92,159,0.17432228,3442,0.01289476,-0.5450633,5.03,0.014018684,0.92542696,318000,0.003713292,0.4980018286965787,0.2,0.000146484375,0.00042891325,0.20320098102092743,-0.00016238741663983093,0.5261325240135193,1580,1e-05,-0.09945665661944077
2000.0,92,160,0.19073619,3464,0.011625082,0.80890423,5.47,0.01098712,1.6090527,320000,0.00387607,0.3604781673289835,0.2,0.012158203125,0.00063212577,0.2092703878879547,-0.0012701569503406063,0.5721522271633148,1590,1e-05,-0.11043832716532051
2000.0,92,161,0.17657629,3486,0.013089645,0.50601935,6.29,0.01407078,1.9715238,322000,0.0036583024,1.9987280059605836,0.2,0.011181640625,0.0022285285,0.782929539680481,-0.0021908156806603072,0.22179299592971802,1600,1e-05,-0.17785373430233448
2000.0,92,162,0.18128462,3507,0.028579272,0.9480773,6.55,0.012673158,1.4533424,324000,0.0039399196,1.5023652110248804,0.2,0.020068359375,0.0015063512,0.36330991983413696,-0.0033835585840279237,0.6004622578620911,1610,1e-05,-0.1509097607806325
2000.0,92,163,0.1787,3528,0.008407395,-0.2534286,6.3,0.0098142205,1.2245823,326000,0.0014273908,1.986067958176136,0.2,0.02373046875,0.0027442132,0.934790849685669,-0.002580279878748115,0.008167088031768799,1620,1e-05,-0.16100813737139105
2000.0,92,164,0.18759692,3549,0.010465159,-0.31391072,6.83,0.0082015535,1.1635265,328000,0.0024726915,0.7564156223554164,0.2,0.017138671875,0.0008942908,0.48521357774734497,-0.002445145684760064,0.46701622009277344,1630,1e-05,-0.08706107985926792
2000.0,92,165,0.18322878,3570,0.008840952,-0.72832584,6.89,0.0099397255,1.1099967,330000,0.0048275176,0.5251437876839191,0.2,0.008251953125,0.0008272985,0.422997385263443,-0.0012563274067360908,0.6087665557861328,1640,1e-05,-0.09149170935852453
2000.0,92,166,0.17833315,3591,0.0117840925,-1.0412072,5.81,0.011139258,0.92547524,332000,0.0040061846,0.263604594161734,0.2,0.0125,0.00080235745,0.28852295875549316,-0.0011095785899669862,0.7729668021202087,1650,1e-05,-0.0710690822917968
2000.0,92,167,0.18030503,3612,0.019838803,-1.1527863,6.03,0.013443018,0.9419389,334000,0.0047097085,0.22273461567237973,0.2,0.006298828125,0.0004056614,0.04629610478878021,-0.0006094787240726873,0.726360023021698,1660,1e-05,-0.059829234750941394
2000.0,92,168,0.18374418,3633,0.021291472,-1.3312341,5.84,0.012256184,0.8794993,336000,0.0034265942,0.4098559106234461,0.2,0.00205078125,0.0002302927,0.22200995683670044,-0.0006833820429164916,0.517338901758194,1670,1e-05,-0.06379610038129613
2000.0,92,169,0.18781781,3654,0.007899838,-1.151828,6.92,0.0073138922,0.5876449,338000,0.0048560165,0.2334802067372948,0.2,0.00615234375,0.0004204601,0.15850026905536652,-0.0008751863118959591,0.687531590461731,1680,1e-05,-0.049717356561450286
2000.0,92,170,0.18071055,3675,0.012909531,-1.2908005,7.28,0.014900443,0.42842364,340000,0.0030703791,0.22531144162639977,0.2,0.002392578125,0.00040131598,0.17754073441028595,-0.00031317657558247445,0.31355977058410645,1690,1e-05,-0.05142988174920902
2000.0,92,171,0.1830922,3696,0.0070602805,-1.1001073,6.99,0.0069844676,0.4942729,342000,0.0020390088,0.14869019947946072,0.2,0.00556640625,0.00026266387,0.017324836924672127,-0.0010093802266055718,0.16700220108032227,1700,1e-05,-0.05942913830513134
2000.0,92,172,0.18609495,3717,0.02899856,-0.83537245,7.76,0.017155223,0.39437535,344000,0.0009989776,0.21770332350861282,0.2,0.011181640625,0.00050400745,0.2709229588508606,-0.0010911802353803068,0.07285809516906738,1710,1e-05,-0.05170783866196871
2000.0,92,173,0.1820842,3738,0.012626445,-0.41213098,8.15,0.012110028,0.55617887,346000,0.0033688038,0.06817955728620291,0.2,0.00693359375,0.00034608506,0.021971596404910088,-0.0006318986022961326,0.5620342195034027,1720,1e-05,-0.05548647648538463
2000.0,92,174,0.18847759,3759,0.011683795,-0.3960525,7.77,0.019111972,0.3354976,348000,0.0025701942,0.2559771511238068,0.2,0.006494140625,0.00052799133,0.16168545186519623,-0.0007498121281969361,0.13346397876739502,1730,1e-05,-0.058437201206106695
2000.0,92,175,0.18391849,3780,0.011152882,-0.24330163,7.02,0.012665096,0.46358627,350000,0.0034266578,0.10514537173439749,0.2,0.002734375,0.00016755576,0.0604192391037941,-0.0005977688546408899,0.06660932302474976,1740,1e-05,-0.05986457427497953
2000.0,92,176,0.18333495,3800,0.0110982,-0.3098283,7.05,0.014777108,0.3822845,352000,0.0017138011,0.19074994177790358,0.2,0.003076171875,0.0004470806,0.06709065288305283,-0.0006853794824564829,0.10306394100189209,1750,1e-05,-0.06707163675455377
2000.0,92,177,0.1829649,3821,0.01029606,-0.26642305,6.69,0.009444038,0.35597408,354000,0.0034434057,0.12602642542915418,0.2,0.011669921875,0.00030579919,0.06272152066230774,-0.0017174735141452402,0.1273379921913147,1760,1e-05,-0.07064980715513229
2000.0,92,178,0.18751265,3842,0.008131979,0.19157635,6.43,0.008356615,0.8248702,356000,0.0025713786,0.12520272623514755,0.2,0.003369140625,0.00011437616,0.019779298454523087,-0.00023085683351382614,-0.010370135307312012,1770,1e-05,-0.07276260501239448
2000.0,92,179,0.17948791,3863,0.015360301,-0.3942213,6.82,0.013506558,0.31228575,358000,0.0009999644,0.6303277843631804,0.2,0.014892578125,0.0010524851,0.12129983305931091,-0.0019578530322178268,0.06401389837265015,1780,1e-05,-0.07091836248291657
2000.0,92,180,0.17747673,3885,0.010963917,-0.22673444,6.92,0.014248663,0.63989365,360000,0.0027131664,0.10109466028516181,0.2,0.007080078125,0.0005479399,0.008878328837454319,-0.0007279913028469309,-0.04941582679748535,1790,1e-05,-0.06705422608647496
2000.0,92,181,0.18066336,3906,0.005740795,-0.33407566,6.2,0.0047936286,0.7044486,362000,0.0014826903,0.4322919976897538,0.2,0.0115234375,0.00086069794,0.11462774127721786,-0.0009619248172384687,-0.0967947244644165,1800,1e-05,-0.07943438452202826
2000.0,92,182,0.18720038,3927,0.008736699,-0.5836537,5.8,0.011242605,0.30351025,364000,0.0014275467,0.5937200920656324,0.2,0.03017578125,0.0017505498,0.2898233234882355,-0.00462478312838357,-0.26913928985595703,1810,1e-05,-0.06784616243094206
2000.0,92,183,0.1872161,3948,0.0065616635,-0.38243407,5.54,0.008748592,0.23526216,366000,0.0024280362,0.08747481382451952,0.2,0.002734375,0.00017755624,0.0235969889909029,-0.0006679280704702251,0.0005246996879577637,1820,1e-05,-0.053581679344642905
2000.0,92,184,0.18735261,3969,0.0097477855,-0.300049,5.6,0.010584213,0.57266486,368000,0.005332055,0.05023672578099649,0.2,0.00244140625,0.00023812393,0.003917761147022247,-0.00036974041140638294,0.08249884843826294,1830,1e-05,-0.059653515159152445
2000.0,92,185,0.18389733,3990,0.0163333,-0.23671383,5.45,0.01860976,0.31439438,370000,0.0032010917,0.3266885918099433,0.2,0.019970703125,0.0011295816,0.2492448091506958,-0.003927803147234954,-0.04330801963806152,1840,1e-05,-0.05767552045872435
2000.0,92,186,0.18899994,4012,0.03845512,-0.19843866,5.16,0.019985633,0.59537137,372000,0.0014862703,0.09916700977482833,0.2,0.00361328125,0.00020626173,0.06930027157068253,-0.0006515442713862285,-0.025920391082763672,1850,1e-05,-0.05789373356383294
2000.0,92,187,0.17820695,4032,0.0077539957,-0.12729155,4.81,0.007592998,0.52467877,374000,0.003142807,0.3693022960796952,0.2,0.0107421875,0.00060328096,0.19070115685462952,-0.0014115145793766714,-0.06051909923553467,1860,1e-05,-0.06795543318148703
2000.0,92,188,0.1831943,4053,0.021492392,-0.2391851,4.97,0.01874153,0.44708636,376000,0.0022271862,0.24474683962762356,0.2,0.00908203125,0.0005788245,0.1313844621181488,-0.0013063497957773508,0.0940142273902893,1870,1e-05,-0.060797945281956346
2000.0,92,189,0.17866863,4075,0.012634877,-0.08730666,4.48,0.013173328,0.6078281,378000,0.004176704,0.18217070864047855,0.2,0.004248046875,0.00030214075,0.04620656371116638,-0.0008433253038674593,0.06808966398239136,1880,1e-05,-0.06391046352218836
2000.0,92,190,0.18688035,4096,0.007719038,-0.23159325,3.83,0.0075890985,0.714432,380000,0.0018852121,0.29057341245934365,0.2,0.0138671875,0.0008355526,0.26912233233451843,-0.0026344085621531122,0.17452681064605713,1890,1e-05,-0.05813949739094824
2000.0,92,191,0.18944408,4117,0.011864487,-0.35651875,3.57,0.014306436,0.60078275,382000,0.0049592652,0.4378332046791911,0.2,0.005078125,0.0011495734,0.19900661706924438,-0.000989475441747345,0.12971973419189453,1900,1e-05,-0.06980973483296112
2000.0,92,192,0.18001504,4139,0.00704325,-0.26874983,3.56,0.0071746595,0.64289355,384000,0.0051425695,0.34394405242055653,0.2,0.01337890625,0.00062086666,0.12410008907318115,-0.002628068474587053,0.030786871910095215,1910,1e-05,-0.06639299906673841
2000.0,92,193,0.18285003,4161,0.009402481,-0.5043291,3.69,0.007582021,0.43695235,386000,0.004866766,0.34354179971851406,0.2,0.01083984375,0.00060055556,0.12706561386585236,-0.0019246597526944242,0.1327822208404541,1920,1e-05,-0.0554525219136849
2000.0,92,194,0.18715453,4181,0.012826503,-0.5915581,3.79,0.012639855,0.299114,388000,0.0011418666,0.162073505949229,0.2,0.014306640625,0.000854194,0.0965203046798706,-0.0017554018180817367,0.10532259941101074,1930,1e-05,-0.04656053945655003
2000.0,92,195,0.18648815,4203,0.007621585,-0.36778963,4.1,0.006973655,0.29336178,390000,0.001285672,0.10278642517514527,0.2,0.002001953125,0.00011497023,0.030460186302661896,-0.00037245637213345617,-0.17153525352478027,1940,1e-05,-0.0452155125210993
2000.0,92,196,0.18411438,4224,0.012844984,-0.29962564,4.15,0.011051553,0.37090203,392000,0.0011413384,0.0687367953825742,0.2,0.003271484375,0.00015932685,0.011622995138168335,-0.0005757510720286518,0.19513094425201416,1950,1e-05,-0.05728825844125822
2000.0,92,197,0.18040569,4244,0.008480613,-0.35150257,4.06,0.007856212,0.50181025,394000,0.0028570995,0.15351193775422872,0.2,0.002978515625,8.853024e-05,0.17859835922718048,-0.00035776697914116087,-0.18126940727233887,1960,1e-05,-0.058154317771550265
2000.0,92,198,0.1841666,4265,0.0054792794,-0.34643108,3.84,0.0049104467,0.30093318,396000,0.0015713854,0.26788356110919265,0.2,0.011669921875,0.00072993524,0.05280976742506027,-0.0019399608558160254,-0.09826815128326416,1970,1e-05,-0.05409043222898617
2000.0,92,199,0.19281925,4286,0.013939666,-0.30884576,4.11,0.013922389,0.3093977,398000,0.00291067,0.09858517857501284,0.2,0.002197265625,0.00031286833,0.060414209961891174,-0.00036035802477272225,-0.1281263828277588,1980,1e-05,-0.05499646996613592
2000.0,92,200,0.18031883,4307,0.020451205,-0.25528315,4.26,0.016558046,0.32613513,400000,0.0027767697,0.09825494830729439,0.2,0.0021484375,0.00026017273,0.014183107763528824,-0.00017471454775659369,-0.04576408863067627,1990,1e-05,-0.05584592109080404
2000.0,92,201,0.18011071,4329,0.008445737,-0.14561184,4.31,0.008509277,0.6604405,402000,0.005588999,0.10748509589757305,0.2,0.008984375,0.0003670032,0.019248664379119873,-0.0015692735789343715,-0.030361533164978027,2000,1e-05,-0.05653329390333965
2000.0,92,202,0.18107392,4349,0.006005627,-0.37022415,3.53,0.0033298917,0.2494868,404000,0.0028191318,0.4085525743896142,0.2,0.00703125,0.0005202777,0.36993542313575745,-0.0009521842031972483,0.023220062255859375,2010,1e-05,-0.059450679167639464
2000.0,92,203,0.18936537,4370,0.011955901,-0.27243587,4.12,0.010328237,0.24704263,406000,0.0025705332,0.060476937226485464,0.2,0.003173828125,0.000119927834,0.010999560356140137,-0.0005783470143796877,-0.15911424160003662,2020,1e-05,-0.042508183751488106
2000.0,92,204,0.19038601,4391,0.012989214,-0.16926758,3.94,0.013200848,0.357661,408000,0.003130073,0.05277973063057288,0.2,0.002880859375,0.0002719301,0.011122732423245907,-0.0008330941083841026,0.14092177152633667,2030,1e-05,-0.04249948469805531
2000.0,92,205,0.18793507,4411,0.009482591,-0.061045174,4.37,0.009696627,0.23659706,410000,0.0018547717,0.13178510228171944,0.2,0.00869140625,0.0004387432,0.06711337715387344,-0.0010269968828652055,-0.03300178050994873,2040,1e-05,-0.04182093944400549
2000.0,92,206,0.18597841,4432,0.009267347,-0.034377694,4.29,0.0067916983,0.2487518,412000,0.0034254498,0.05829569971101591,0.2,0.00380859375,0.00018002451,0.004422072786837816,-0.0008017715241294354,-0.06316149234771729,2050,1e-05,-0.04589431545464322
2000.0,92,207,0.18595701,4452,0.00789472,-0.023196155,4.51,0.009485252,0.31775448,414000,0.0021205412,0.058922545626410285,0.2,0.001904296875,0.00022113917,0.0138735082000494,-0.0006990821770159527,0.04012984037399292,2060,1e-05,-0.043913495680317285
2000.0,92,208,0.19207746,4473,0.017615493,0.08656051,4.26,0.010193173,0.8840886,416000,0.0029994624,0.08921238742186688,0.2,0.012744140625,0.0005989605,0.049371205270290375,-0.0018630537990247831,0.11021941900253296,2070,1e-05,-0.04901904109865427
2000.0,93,209,0.18164693,4494,0.038826082,-0.15066245,4.31,0.014024434,0.41007763,418000,0.0025449018,0.6931473487988115,0.2,0.01572265625,0.0011134378,0.29108041524887085,-0.0027848982048453764,0.09122037887573242,2080,1e-05,-0.05950523753417656
2000.0,93,210,0.1849357,4514,0.010641047,-0.11607275,4.26,0.011562621,0.58048725,420000,0.0026185012,0.1370530250365846,0.2,0.0078125,0.00062493805,0.11549602448940277,-0.001655389774532523,0.10580390691757202,2090,1e-05,-0.05539081981405616
2000.0,93,211,0.18930326,4535,0.0074405135,-0.32070196,4.01,0.008210173,0.6591468,422000,0.0027522787,0.3111147080780938,0.2,0.008984375,0.00051153614,0.08062827587127686,-0.0018388387630693614,0.07071852684020996,2100,1e-05,-0.05100756955798715
2000.0,93,212,0.18856119,4556,0.007381535,-0.27557403,3.96,0.0052822814,0.34417766,424000,0.0014285356,0.4329941971693188,0.2,0.020703125,0.0011041394,0.135960653424263,-0.0024974205007310957,-0.04141128063201904,2110,1e-05,-0.05162216251483187
2000.0,93,213,0.18579699,4577,0.015580718,-0.14961866,3.68,0.013850147,0.26216522,426000,0.0018305173,0.11691380460979417,0.2,0.00048828125,0.00021955697,0.05470913648605347,-0.00024347587605006994,0.0013075470924377441,2120,1e-05,-0.04161743320873938
2000.0,93,214,0.19170527,4597,0.012677049,-0.09134749,3.79,0.01315425,0.28013742,428000,0.0021871077,0.06738511096336879,0.2,0.01083984375,0.00041922746,0.06417837738990784,-0.0019430824759183452,0.002602517604827881,2130,1e-05,-0.040116518596187235
2000.0,93,215,0.18695277,4618,0.013367424,-0.08599843,3.57,0.011830501,0.4863947,430000,0.0011428213,0.0728016488661524,0.2,0.00341796875,0.00018627456,0.022548209875822067,-0.0005880989076104016,0.06571441888809204,2140,1e-05,-0.04458439718000591
2000.0,93,216,0.18498982,4638,0.011758435,0.00895372,3.82,0.01324741,0.36003074,432000,0.001284692,0.2247094861930236,0.2,0.00341796875,0.00032895434,0.10201041400432587,-0.0006807063618907705,0.026205897331237793,2150,1e-05,-0.050715108099393544
2000.0,93,217,0.18650855,4659,0.01800112,0.03610605,3.75,0.021809693,0.29983228,434000,0.0014285285,0.12971236495941413,0.2,0.00439453125,0.00023381587,0.023625362664461136,-0.001411683636251837,-0.018315911293029785,2160,1e-05,-0.041134564782259984
2000.0,93,218,0.19026859,4679,0.0065275636,0.04918101,3.52,0.007044075,0.21019219,436000,0.0027368756,0.09243606253294274,0.2,0.00185546875,6.254215e-05,0.03489958867430687,-0.00036930596106685696,-0.0314335823059082,2170,1e-05,-0.04649861212819815
2000.0,93,219,0.18398395,4700,0.01143056,0.00989813,3.2,0.008929692,0.273921,438000,0.0014270608,0.041529783861187754,0.2,0.00126953125,7.9543155e-05,0.007584794424474239,-0.0001497776305768639,0.04194056987762451,2180,1e-05,-0.03656226185848936
2000.0,93,220,0.18437019,4721,0.012428616,0.043634757,3.34,0.021991035,0.32672587,440000,0.0027124144,0.0739115541713545,0.2,0.004345703125,0.0003589029,0.030018309131264687,-0.000938385094923433,-0.003798365592956543,2190,1e-05,-0.03752295640297234
2000.0,93,221,0.17267379,4742,0.0059197927,0.07630338,3.21,0.00615339,0.62539715,442000,0.0038548894,0.10036762810195796,0.2,0.003271484375,0.00010766118,0.02426055446267128,-0.0005404303170507774,0.053592145442962646,2200,1e-05,-0.04395994836231694
2000.0,93,222,0.1864831,4763,0.007926941,-0.13348928,3.43,0.010325241,1.073214,444000,0.0021179565,0.3674959782860242,0.2,0.0115234375,0.0007207539,0.016951432451605797,-0.002164688942139037,0.04533255100250244,2210,1e-05,-0.04617895995033905
2000.0,93,223,0.1833054,4785,0.030855788,-1.0823362,2.39,0.0210501,1.1809136,446000,0.006763975,0.9451013516634703,0.2,0.010791015625,0.00081303634,0.7834712862968445,-0.0021266423762426713,0.1619642972946167,2220,1e-05,-0.058299324207473545
2000.0,93,224,0.18300131,4806,0.005837365,-0.93680626,2.04,0.004444852,0.6077586,448000,0.0026970652,1.2997734585776926,0.2,0.02509765625,0.0020621195,0.5088313817977905,-0.0030533721757819874,0.08646523952484131,2230,1e-05,-0.06899057481205091
2000.0,93,225,0.17739801,4827,0.016628481,-0.9092935,0.96,0.016533848,0.5183566,450000,0.0043077436,0.34678398836404084,0.2,0.017529296875,0.0009922959,0.10370101779699326,-0.002078468711988535,0.02272343635559082,2240,1e-05,-0.04592087937053293
2000.0,93,226,0.18175817,4848,0.0143756615,-0.6941576,1.36,0.0133121945,0.3128377,452000,0.0014340675,0.22805320853367447,0.2,0.01142578125,0.000570814,0.06534029543399811,-0.0019092368384008296,0.1296117901802063,2250,1e-05,-0.0424272398406174
2000.0,93,227,0.17946477,4869,0.007967244,-0.65023756,1.27,0.005495581,0.65300614,454000,0.002708551,0.08924562779138796,0.2,0.001416015625,9.603624e-05,0.05564851313829422,-7.510651485063136e-05,0.058567941188812256,2260,1e-05,-0.04406607417622581
2000.0,93,228,0.1844528,4890,0.014520593,-0.5487796,1.21,0.012415783,0.31124377,456000,0.001856118,0.4265273078228347,0.2,0.014990234375,0.0007130347,0.2234625518321991,-0.002343982052116189,-0.02347731590270996,2270,1e-05,-0.03832407311419957
2000.0,93,229,0.19193563,4911,0.013370774,-0.38065812,1.09,0.015488355,0.3018019,458000,0.0030981435,0.09594384577940218,0.2,0.002490234375,0.00015758182,0.053164042532444,-0.0005564955848967656,0.001227736473083496,2280,1e-05,-0.034801644057733935
2000.0,93,230,0.18865313,4932,0.008175881,-0.19952457,1.07,0.009796621,0.37423134,460000,0.0021419097,0.08144209824095014,0.2,0.000390625,6.684981e-05,0.05089964717626572,-7.295874820556492e-05,0.08480215072631836,2290,1e-05,-0.03773617768310942
2000.0,93,231,0.18774654,4953,0.011881799,-0.23611183,0.58,0.010509051,0.84988636,462000,0.0029987993,0.13340774405514821,0.2,0.00576171875,0.00023916515,0.03879541531205177,-0.0008094403980067,0.04827451705932617,2300,1e-05,-0.04137406586669386
2000.0,93,232,0.1922061,4975,0.009941641,-0.70273393,-0.3,0.009510628,1.1248286,464000,0.0024453897,0.6201174304587767,0.2,0.007861328125,0.00049130805,0.08108449727296829,-0.0012311032332945615,0.13786381483078003,2310,1e-05,-0.0460757770575583
2000.0,93,233,0.19154933,4996,0.02189962,-0.60382557,-0.61,0.016772123,0.9602612,466000,0.0034851688,1.1600996526889502,0.2,0.016943359375,0.0016991254,0.44547927379608154,-0.0015665739541873337,0.07038915157318115,2320,1e-05,-0.052921327186049895
2000.0,93,234,0.1855133,5017,0.012640837,-0.36798763,-1.0,0.012425841,0.8109122,468000,0.0025709006,0.8586103560402989,0.2,0.016845703125,0.00135683,0.34637513756752014,-0.00222281800233759,0.05202198028564453,2330,1e-05,-0.05955431620823219
2000.0,93,235,0.1821151,5038,0.006972974,-0.46249092,-1.76,0.0063298806,0.6753467,470000,0.0030409389,0.5601740802638233,0.2,0.01005859375,0.0007435107,0.37682440876960754,-0.0016603842726908625,0.10844337940216064,2340,1e-05,-0.04428593586198985
2000.0,93,236,0.18520206,5059,0.008992709,-0.79700726,-2.38,0.007760351,0.88129,472000,0.0032309385,0.39650208365637807,0.2,0.009375,0.0005998781,0.3509730100631714,-0.0008554030195227824,0.08829855918884277,2350,1e-05,-0.043480669241398574
2000.0,93,237,0.1828471,5080,0.0095892465,-0.8252948,-2.73,0.00773135,0.71051687,474000,0.0026264058,0.6641858895309269,0.2,0.02294921875,0.001186217,0.5800975561141968,-0.00419994346157182,0.1356297731399536,2360,1e-05,-0.044634624052559954
2000.0,93,238,0.17815378,5101,0.008275442,-0.9433805,-3.6,0.0075258026,0.60561055,476000,0.0031125157,0.4209662296343595,0.2,0.017041015625,0.0008814429,0.5361905694007874,-0.0021785488293971866,0.16464942693710327,2370,1e-05,-0.041908717231126505
2000.0,93,239,0.18480581,5122,0.0066969655,-1.0443181,-3.93,0.006149142,0.5579531,478000,0.0044121626,0.3293133697938174,0.2,0.0171875,0.00071303925,0.14707785844802856,-0.0027154253650223835,0.10982155799865723,2380,1e-05,-0.039432731369743124
2000.0,93,240,0.18149611,5143,0.008980457,-1.2885083,-4.73,0.007202615,0.7806951,480000,0.0027207262,0.22062339454423635,0.2,0.005078125,0.0004127924,0.131906658411026,-0.0006593433790840209,0.2622182369232178,2390,1e-05,-0.03413500409806147
2000.0,93,241,0.18660402,5164,0.00575934,-1.4801815,-5.38,0.0037800602,0.618831,482000,0.0018354392,0.5888954086229206,0.2,0.02099609375,0.0009942222,0.5176524519920349,-0.0038041120569687337,0.03296476602554321,2400,1e-05,-0.03552419738844037
2000.0,93,242,0.18553686,5184,0.00767827,-1.6451199,-5.71,0.0044095423,0.4375682,484000,0.0034905835,0.31540238596498965,0.2,0.0232421875,0.000939359,0.20177096128463745,-0.003136635382543318,0.16200971603393555,2410,1e-05,-0.031091564812231808
2000.0,93,243,0.18803565,5205,0.010560387,-1.4053186,-6.1,0.009106356,0.25565013,486000,0.0018961966,0.1902386717032641,0.2,0.007763671875,0.00048570835,0.05366819351911545,-0.001637135863711592,-0.05307197570800781,2420,1e-05,-0.02708890173234977
2000.0,93,244,0.18684325,5225,0.0134699615,-1.1078025,-6.34,0.010687356,0.2312282,488000,0.0018561177,0.06952392704843077,0.2,0.00029296875,0.000112211914,0.02896367385983467,3.3920136047527193e-06,-0.03833341598510742,2430,1e-05,-0.026963561118463986
2000.0,93,245,0.17375702,5247,0.014365273,-0.8121822,-6.69,0.012465979,0.6461165,490000,0.0051356754,0.0476069574491703,0.2,0.00087890625,6.767208e-05,0.011455857194960117,-0.00021990319364704192,0.1333279013633728,2440,1e-05,-0.024586720654042438
2000.0,93,246,0.18980171,5268,0.00641031,-0.6895738,-6.97,0.0061390838,0.17107911,492000,0.001284695,0.39742880864068864,0.2,0.000830078125,0.00010431415,0.10260379314422607,-8.733769791433588e-05,0.03801167011260986,2450,1e-05,-0.03168212872114964
2000.0,93,247,0.18537603,5289,0.00807701,-0.49329478,-7.2,0.0057845293,0.21147549,494000,0.0020000476,0.02796343942063686,0.2,0.00126953125,6.695275e-05,0.011856550350785255,-0.00039269953995244575,0.040541648864746094,2460,1e-05,-0.026928295294055715
2000.0,93,248,0.1886812,5309,0.012654581,-0.45132926,-7.73,0.0066410503,0.2550138,496000,0.0021085234,0.05246724086173345,0.2,0.000146484375,7.497927e-05,0.07988890260457993,-0.00011938189345528372,-0.23856878280639648,2470,1e-05,-0.025969912484288215
2000.0,93,249,0.19231811,5330,0.011446883,-0.3735213,-7.6,0.011694706,0.23304236,498000,0.00071374845,0.03514145107510558,0.2,0.001611328125,7.916751e-05,0.026703767478466034,-0.0005471191776450724,0.4284391403198242,2480,1e-05,-0.021898042075918056
2000.0,93,250,0.18049158,5351,0.010308956,-0.21856585,-7.74,0.010219696,0.26332468,500000,0.0019994797,0.05400070241303183,0.2,0.00068359375,5.489646e-05,0.017741842195391655,-0.000174893403891474,-0.005878925323486328,2490,1e-05,-0.020070677518378943
2000.0,93,251,0.18701452,5372,0.0060757753,-0.16580723,-7.98,0.0039634416,0.11694367,502000,0.001427065,0.06190392618445913,0.2,0.00205078125,0.000107456784,0.032171837985515594,-0.0006252757331822068,0.0950133204460144,2500,1e-05,-0.019327978842193262
2000.0,93,252,0.18808483,5393,0.0056575304,-0.104884565,-8.02,0.0027436148,0.13833551,504000,0.0022847594,0.013596019797387272,0.2,0.00068359375,3.018824e-05,0.009005207568407059,-4.0469727537129074e-05,-0.011314988136291504,2510,1e-05,-0.021594163903500885
2000.0,93,253,0.18273932,5414,0.008151447,-0.10246339,-8.26,0.0065160324,0.18938316,506000,0.0025694203,0.02177641047273937,0.2,0.0029296875,0.00015089102,0.0010873128194361925,-0.0010073694458696992,-0.2060171365737915,2520,1e-05,-0.019841255055507646
2000.0,93,254,0.18508928,5435,0.011214069,-0.13344058,-8.18,0.009760622,0.23492749,508000,0.002425435,0.035687677232635905,0.2,0.002734375,0.00014315714,0.005175197497010231,-0.000703544999123551,-0.02916872501373291,2530,1e-05,-0.020529806386912243
2000.0,93,255,0.18977258,5456,0.0059214337,-0.07147979,-8.05,0.0038672267,0.16656744,510000,0.0014280343,0.04702939328708453,0.2,0.0033203125,0.00011904864,0.01719827391207218,-0.0006455495720729231,0.14287292957305908,2540,1e-05,-0.020392029971117154
2000.0,93,256,0.18545596,5478,0.005286265,-0.084694244,-8.08,0.0023162824,0.14340179,512000,0.0018561512,0.02070414429945231,0.2,0.000830078125,6.9573754e-05,0.012457629665732384,-0.00021277346240822226,0.23722779750823975,2550,1e-05,-0.018953271536156537
2000.0,93,257,0.18666847,5499,0.011288632,-0.031325743,-7.69,0.013594971,0.20160727,514000,0.0015708947,0.017370642586138275,0.2,0.001171875,7.965768e-05,0.023811811581254005,-0.00030021644633961844,0.1515253186225891,2560,1e-05,-0.019204271544003858
2000.0,93,258,0.1827495,5520,0.00787405,0.050939046,-7.55,0.0076944456,0.20007282,516000,0.0018029659,0.03645388823715621,0.2,0.001708984375,0.00011140978,0.043031517416238785,-0.000542535973363556,0.09733748435974121,2570,1e-05,-0.017713169628405013
2000.0,93,259,0.18718392,5541,0.016069578,0.052448533,-7.41,0.011690825,0.1733107,518000,0.0018561125,0.034085889994639726,0.2,0.00166015625,0.000111859,0.01298640575259924,-0.00046755748480791225,0.15193092823028564,2580,1e-05,-0.01824272674275562
2000.0,93,260,0.18218093,5562,0.0067113577,0.06413573,-7.59,0.0040772427,0.11145922,520000,0.0019989822,0.02793150078286999,0.2,0.001025390625,5.2477262e-05,0.004589107818901539,-0.00015382376004708932,0.02997833490371704,2590,1e-05,-0.016824223633739165
2000.0,93,261,0.1868363,5583,0.006791678,0.072672874,-7.93,0.005389531,0.1582073,522000,0.0011428209,0.01266614873893559,0.2,0.000634765625,6.1149854e-05,0.002550943521782756,-0.0004106131338630803,-0.04144573211669922,2600,1e-05,-0.01731355955998879
2000.0,93,262,0.17996758,5605,0.0068756077,-0.15819351,-8.26,0.004692308,0.42366406,524000,0.0051560253,0.02493463139880987,0.2,0.00107421875,0.0001892689,0.00536426343023777,-0.00016875228611752392,-0.024124622344970703,2610,1e-05,-0.023261120007373393
2000.0,93,263,0.19337395,5626,0.0173164,-0.15196829,-7.71,0.015502993,0.31601346,526000,0.0008561338,0.16454729539109395,0.2,0.014892578125,0.0005367822,0.0291135236620903,-0.003214712104818318,0.05224180221557617,2620,1e-05,-0.024824265704955904
2000.0,93,264,0.18680231,5646,0.009871968,-0.13758428,-7.47,0.009025303,0.2004784,528000,0.0018566049,0.08827020165444992,0.2,0.0013671875,7.708595e-05,0.0204049963504076,-0.00010421834886074067,0.04392838478088379,2630,1e-05,-0.020045299289631658
2000.0,93,265,0.1847909,5668,0.017120982,-0.06623281,-7.09,0.015406868,0.26196977,530000,0.0015709113,0.04080529933653452,0.2,0.00087890625,7.841573e-05,0.04184390604496002,-0.00023986313317436725,-0.013915061950683594,2640,1e-05,-0.017997814639238642
2000.0,93,266,0.18177043,5689,0.007347891,0.045689248,-6.8,0.004711253,0.15129276,532000,0.0014285361,0.0668295816052705,0.2,0.000439453125,4.218027e-05,0.011993365362286568,-0.0001884288532892242,-0.0019325017929077148,2650,1e-05,-0.01728923948830925
2000.0,93,267,0.18562856,5710,0.012978549,0.024434133,-6.65,0.009657166,0.1731594,534000,0.0015708986,0.021619002923034713,0.2,0.001123046875,9.32494e-05,0.01503484882414341,-0.0003190294803061988,0.04087185859680176,2660,1e-05,-0.01796581501548644
2000.0,93,268,0.1883919,5730,0.0,-0.012332818,-6.51,0.0,0.10268568,536000,0.0007142575,0.027502621241364978,0.2,0.0009765625,2.3163244e-05,0.0007396084838546813,-0.0001646453165449202,0.08623212575912476,2670,1e-05,-0.016004356162738986
2000.0,93,269,0.18384233,5751,0.0051048934,0.011031011,-6.36,0.002146181,0.12774472,538000,0.00157092,0.008293859455352503,0.2,0.00078125,6.138833e-05,0.0006562653579749167,-0.0005251668218988926,0.19135749340057373,2680,1e-05,-0.011486985576630105
2000.0,93,270,0.18623379,5772,0.0076990174,-0.017872239,-6.43,0.0035348318,0.08899793,540000,0.0021670898,0.013580173682930763,0.2,0.001220703125,6.333308e-05,0.0002516994718462229,-0.0004274231643648818,0.14342975616455078,2690,1e-05,-0.011217918162583374
2000.0,93,271,0.1839207,5792,0.020904325,0.01059018,-6.37,0.019418873,0.26456925,542000,0.0014285353,0.006959833373957736,0.2,0.001708984375,8.9118694e-05,0.0003831099020317197,-0.0007392366853309796,0.08017653226852417,2700,1e-05,-0.014789142043446191
2000.0,93,272,0.18788585,5813,0.012362079,0.07202755,-6.39,0.009982384,0.18934488,544000,0.0017133147,0.06277238930342718,0.2,0.0015625,2.2395427e-05,0.01833230070769787,-0.00028598467470146715,0.09692102670669556,2710,1e-05,-0.01675575919507537
2000.0,93,273,0.19427706,5834,0.010803354,0.08924048,-6.35,0.006801636,0.19708607,546000,0.002711777,0.03344724916787527,0.2,0.00146484375,7.896038e-05,0.037795718759298325,-0.00027448387118056417,0.05711489915847778,2720,1e-05,-0.017983616812853143
2000.0,93,274,0.18235639,5856,0.011880625,-0.4626752,-6.85,0.0096166115,0.84219193,548000,0.0024275414,0.03674206089635845,0.2,0.001953125,8.7747874e-05,0.006653031799942255,-0.0004490403371164575,0.04174536466598511,2730,1e-05,-0.022435614684945905
2000.0,93,275,0.18392614,5877,0.01073247,-0.09400499,-6.88,0.011609576,0.16619334,550000,0.00071375555,0.6709824892692268,0.2,0.021826171875,0.0011980126,0.37578505277633667,-0.0022177344653755426,0.03927129507064819,2740,1e-05,-0.029476802924182265
2000.0,93,276,0.18927166,5897,0.01590033,-0.042206295,-6.86,0.015246136,0.2610837,552000,0.0018537694,0.026821232626389246,0.2,0.0029296875,0.00012299413,0.033476099371910095,-0.0009622915604268201,-0.12847816944122314,2750,1e-05,-0.022383566916687414
2000.0,93,277,0.18507814,5919,0.006439895,-1.1925988,-7.89,0.00624965,1.3880763,554000,0.0040638885,0.0769169325067196,0.2,0.003857421875,0.0002964898,0.038450051099061966,-0.001209128757182043,-0.15631520748138428,2760,1e-05,-0.027102760307025166
2000.0,93,278,0.18672425,5940,0.009121506,-1.1810349,-8.03,0.006344121,1.0229136,556000,0.0022829333,1.2767354300245644,0.2,0.049951171875,0.0028046367,0.4809073805809021,-0.006116972121526487,0.2816532850265503,2770,1e-05,-0.03269844277529046
2000.0,93,279,0.17418191,5960,0.0038408223,-0.8094218,-8.32,0.001942766,0.4135847,558000,0.0043122917,0.9192807843908668,0.2,0.036572265625,0.0016690247,0.377661794424057,-0.005591576005099341,0.08748865127563477,2780,1e-05,-0.02891643265611492
2000.0,93,280,0.18624915,5981,0.0062646056,-0.72351295,-8.53,0.0048370725,0.36209497,560000,0.00128422,0.15491177984513343,0.2,0.009619140625,0.0003297847,0.11756581813097,-0.0017356621188810094,0.06156390905380249,2790,1e-05,-0.019175289652775974
2000.0,93,281,0.18344484,6002,0.0,-0.54283434,-8.0,0.0,0.10411979,562000,0.0014275612,0.10191832394048106,0.2,0.006298828125,0.0003116562,0.03271535411477089,-0.0015403200683067552,0.16617101430892944,2800,1e-05,-0.016130182883352974
2000.0,93,282,0.19085824,6023,0.001987356,-0.4497705,-7.98,0.00056497083,0.12631735,564000,0.001427569,0.01072122043933632,0.2,0.00068359375,3.623776e-05,0.002128820400685072,-0.0004197863498120569,-0.03939974308013916,2810,1e-05,-0.01282615187810734
2000.0,93,283,0.18741223,6045,0.006231526,-0.37182668,-8.02,0.003993466,0.112863034,566000,0.0024270453,0.01570616968401737,0.2,0.00107421875,7.851541e-05,0.0015441568102687597,-0.00036115188704570754,-0.026738882064819336,2820,1e-05,-0.01269688931060955
2000.0,93,284,0.18958424,6065,0.022468356,-0.3247967,-7.87,0.010994234,0.1437589,568000,0.0018558803,0.00958268113381564,0.2,0.000146484375,4.667527e-06,8.305130177177489e-05,-2.6118083042092622e-06,0.23684388399124146,2830,1e-05,-0.011951740366930608
2000.0,93,285,0.18290673,6087,0.012875215,-0.257844,-7.95,0.00853475,0.24088964,570000,0.0011418477,0.014605406294867862,0.2,0.000830078125,7.538067e-05,0.015552790835499763,-0.00017916461220011116,0.2580487132072449,2840,1e-05,-0.015934468949853908
2000.0,93,286,0.18263018,6108,0.011498367,-0.21791859,-7.85,0.010874531,0.19867711,572000,0.0027118083,0.04866465256745869,0.2,0.00224609375,0.00014251049,0.0001378455781377852,-0.0006332044897135348,0.16633015871047974,2850,1e-05,-0.014423387602437287
2000.0,93,287,0.18348122,6129,0.005668031,-0.17253543,-7.77,0.0032049261,0.27609873,574000,0.003672899,0.03221429602854187,0.2,0.009814453125,0.00030622087,0.008259052410721779,-0.0016717775157303548,0.1807299256324768,2860,1e-05,-0.016868101587169802
2000.0,93,288,0.19090447,6150,0.0059809145,-0.06316732,-7.74,0.009988534,0.16875155,576000,0.0012851802,0.04544685608670988,0.2,0.002685546875,0.00014947983,0.018847059458494186,-0.000672027244581841,0.3648328185081482,2870,1e-05,-0.01444719470164273
2000.0,93,289,0.19204634,6171,0.030510364,-0.09501498,-7.53,0.011071284,0.2031869,578000,0.0019871155,0.020953933108830824,0.2,0.0013671875,7.942499e-05,0.0019209531601518393,-0.00019978571799583733,0.24074453115463257,2880,1e-05,-0.015940142059116626
2000.0,93,290,0.18500453,6192,0.004269699,0.023716472,-7.45,0.0017936368,0.09441948,580000,0.0018561339,0.03586852108164749,0.2,0.005908203125,0.00039594652,0.07163766026496887,-0.0006032544421032071,0.05890011787414551,2890,1e-05,-0.0148678441735683
2000.0,93,291,0.1866461,6213,0.004500116,0.0515516,-7.36,0.002279113,0.11576117,582000,0.0022846905,0.009203291176572748,0.2,0.000341796875,3.7776685e-05,0.017914069816470146,-0.00024325570848304778,-0.03163552284240723,2900,1e-05,-0.012855497028795071
2000.0,93,292,0.18099567,6234,0.0045362436,0.031128727,-7.2,0.0019075637,0.09187779,584000,0.00085711444,0.01236605391732155,0.2,0.001025390625,6.720188e-05,0.0012063009198755026,-0.000349635916063562,0.059921324253082275,2910,1e-05,-0.011116053551086224
2000.0,93,293,0.18472067,6255,0.0042247544,0.0027843302,-6.97,0.0017735459,0.07338543,586000,0.001285187,0.008812658127817485,0.2,0.00078125,2.8294395e-05,0.005917561240494251,-0.0003037875081645325,-0.05237174034118652,2920,1e-05,-0.009572973083413672
2000.0,93,294,0.19255184,6277,0.011754536,0.016912216,-6.95,0.010186218,0.25350222,588000,0.001855676,0.00447936943746754,0.2,0.002197265625,0.00016365861,8.756013994570822e-05,-0.0006635530589846894,0.1657184362411499,2930,1e-05,-0.01180123130325228
2000.0,93,295,0.1841787,6298,0.0042767874,0.05838901,-7.06,0.0017927026,0.13164802,590000,0.0009999637,0.05287331261206418,0.2,0.00146484375,6.84626e-05,0.004914747551083565,-0.0005702190726879052,0.15676206350326538,2940,1e-05,-0.014792672815383412
2000.0,93,296,0.1866032,6319,0.007556904,0.067133464,-6.95,0.004453632,0.1239022,592000,0.0012856713,0.014342030954048823,0.2,0.0009765625,4.7834794e-05,-0.00010233095963485539,-0.00015278968785423786,0.13691449165344238,2950,1e-05,-0.01250374713272322
2000.0,93,297,0.17943811,6340,0.006548342,-0.23629102,-6.95,0.0058855903,0.5147333,594000,0.004971777,0.015314644118370779,0.2,0.00224609375,0.00012756462,0.0015552882105112076,-0.0005157912470167503,-0.03291678428649902,2960,1e-05,-0.016737689566798507
2000.0,93,298,0.18180853,6361,0.0068601333,-0.2629035,-6.99,0.0063426727,0.41213596,596000,0.0027027049,0.21318944329977968,0.2,0.011767578125,0.00045292446,0.010705656372010708,-0.0015776903834193944,0.14666515588760376,2970,1e-05,-0.017815407816669904
2000.0,93,299,0.18683453,6383,0.021425575,-0.14153369,-7.02,0.009399574,0.1876339,598000,0.0013095338,0.11905896170646883,0.2,0.004052734375,0.0002500386,0.03884992003440857,-0.0002816441294271499,0.24997854232788086,2980,1e-05,-0.017217246675863863
2000.0,93,300,0.18691038,6404,0.0060820067,-0.07284014,-7.11,0.0044143237,0.1942042,600000,0.0021404806,0.030920875884294218,0.2,0.00068359375,8.727488e-05,0.005386302247643471,-0.00010520026335143484,0.08565986156463623,2990,1e-05,-0.015248969086678698
2000.0,93,301,0.19179915,6426,0.004259998,-0.08381198,-7.0,0.001907108,0.13999005,602000,0.0009989878,0.033757091959341776,0.2,0.00107421875,5.1427138e-05,0.0061589498072862625,-0.00036515542888082564,0.0929374098777771,3000,1e-05,-0.01549331893620547
2000.0,93,302,0.1860418,6447,0.006204443,-0.12933837,-7.01,0.0042893067,0.22539744,604000,0.0014992645,0.01693879062650012,0.2,0.0005859375,5.0239207e-05,0.0022411507088690996,-0.0001393790473230183,0.11167526245117188,3010,1e-05,-0.014206674987508449
2000.0,93,303,0.18855597,6467,0.005735424,-0.052799385,-7.01,0.004255827,0.12662707,606000,0.002470728,0.047145085598458536,0.2,0.003662109375,0.00034702884,0.004850832745432854,-0.0011761218309402465,0.0664290189743042,3020,1e-05,-0.01162331751838792
2000.0,93,304,0.18980685,6488,0.007074497,-0.030747838,-7.07,0.0034415505,0.11489131,608000,0.0016032293,0.012191018918019835,0.2,0.0015625,8.960167e-05,0.005390236619859934,-0.00041551796457497405,0.22555327415466309,3030,1e-05,-0.01305206014367286
2000.0,93,305,0.1767632,6509,0.00727971,-0.18250449,-7.29,0.0038038252,0.3894291,610000,0.0039355773,0.012651383932552562,0.2,0.00302734375,0.00011685991,0.002624037442728877,-0.0005422909613116645,0.0009551048278808594,3040,1e-05,-0.012949288747040554
2000.0,93,306,0.17852469,6530,0.0,-0.11467433,-7.31,0.0,0.0690874,612000,0.0019989768,0.14085204075090588,0.2,0.012841796875,0.0005982459,0.05792320892214775,-0.002381491116830148,0.04788869619369507,3050,1e-05,-0.012009518768172711
2000.0,93,307,0.18268883,6550,0.005778289,-0.109867916,-7.36,0.0040395134,0.13139245,614000,0.0012856863,0.0038189813128155945,0.2,0.0005859375,0.00049840735,0.00014978088438510895,-0.00039586352795595303,-0.27485013008117676,3060,1e-05,-0.008907657176314388
2000.0,93,308,0.1903858,6571,0.0060548014,-0.10148558,-7.2,0.0039353617,0.11798093,616000,0.0014270508,0.0167368021364382,0.2,0.00087890625,6.229052e-05,0.0011871164897456765,-1.9561548833735286e-05,0.010996758937835693,3070,1e-05,-0.009100447902164887
2000.0,93,309,0.18840827,6591,0.0,-0.058586705,-7.25,0.0,0.026070252,618000,0.0018556424,0.012524068834227364,0.2,0.000537109375,4.382804e-05,0.0037160285282880068,-4.611992335412651e-05,0.0825270414352417,3080,1e-05,-0.008142686817154753
2000.0,93,310,0.18242875,6611,0.0,-0.040374376,-7.14,0.0,0.09771468,620000,0.0024285356,0.0004972399775851954,0.2,0.0,1.3707904e-08,0.00010362794273532927,-4.809480742551386e-06,0.14010411500930786,3090,1e-05,-0.007833251195552293
2000.0,93,311,0.18858427,6631,0.0026238249,-0.03968302,-6.9,0.0005922184,0.06711727,622000,0.0011423279,0.009237754225205208,0.2,0.000830078125,6.8352994e-05,0.0020582028664648533,-0.00030235135927796363,0.01378166675567627,3100,1e-05,-0.006693959528638516
2000.0,93,312,0.19198364,6652,0.0,-0.043246176,-6.92,0.0,0.07391128,624000,0.001427565,0.0042605055479270956,0.2,0.000341796875,2.1884072e-05,0.0006163828074932098,-9.008705674204976e-05,0.010338187217712402,3110,1e-05,-0.005529599949659314
2000.0,93,313,0.19118223,6673,0.004488512,-0.039420806,-6.99,0.0019441782,0.09625998,626000,0.002049309,0.0046886010052048736,0.2,0.000341796875,2.7864706e-05,8.953729411587119e-05,-5.260462930891663e-05,0.10297006368637085,3120,1e-05,-0.004407679784344509
2000.0,93,314,0.1890329,6694,0.0017262363,-0.02710376,-7.03,0.00021657934,0.07028692,628000,0.00085710734,0.008567329031302506,0.2,0.002392578125,0.00035128914,0.0012859889538958669,-0.0004889081901637837,0.08515375852584839,3130,1e-05,-0.006191633603884838
2000.0,93,315,0.19216718,6715,0.0,0.0012108737,-7.06,0.0,0.022596234,630000,0.001945799,0.0050337869606210004,0.2,0.00048828125,2.440947e-05,0.00029452730086632073,-0.00010953464079648257,-0.04294884204864502,3140,1e-05,-0.005541918677045033
2000.0,93,316,0.18362753,6735,0.005985285,-0.0077653867,-7.07,0.0038077512,0.11507162,632000,0.0021423195,0.0005193421753915573,0.2,0.0,9.516953e-09,-2.6042489480460063e-06,-2.0566396415233614e-06,-0.40779662132263184,3150,1e-05,-0.005323988443706185
2000.0,93,317,0.18751504,6756,0.0100011015,-0.015344716,-7.11,0.0038156973,0.0670884,634000,0.0012842052,0.01277244102016084,0.2,0.0005859375,2.8953189e-05,0.0009999411413446069,-8.442668622592464e-05,0.020495295524597168,3160,1e-05,-0.006032830680487678
2000.0,93,318,0.18542759,6778,0.008588115,-1.6889963,-8.43,0.007912204,1.2435383,636000,0.0030266105,0.003348721266047505,0.2,0.000439453125,0.00017813264,-0.00045192099059931934,-0.00036666564992628994,0.18789541721343994,3170,1e-05,-0.011449701256060507
2000.0,93,319,0.1809362,6799,0.0051029786,-1.739125,-9.31,0.0039641056,0.8733338,638000,0.0023990702,1.17424711342901,0.2,0.057373046875,0.0032671243,0.5396761298179626,-0.006618859220179729,0.22466182708740234,3180,1e-05,-0.023871472605969758
2000.0,93,320,0.18233524,6821,0.005795043,-2.0383127,-9.97,0.0046251584,0.84953386,640000,0.0022589487,0.7696483140811324,0.2,0.0423828125,0.0017531592,0.26502519845962524,-0.004392015463963617,-0.09297549724578857,3190,1e-05,-0.01768269169551786
2000.0,93,321,0.18527861,6842,0.0048935832,-1.9648007,-10.52,0.0034855972,0.6879215,642000,0.0029075623,0.6415187085047365,0.2,0.035791015625,0.0014798073,0.20997914671897888,-0.006530740801827051,0.09612661600112915,3200,1e-05,-0.016236701200250538
2000.0,93,322,0.175685,6863,0.0032159267,-1.7518674,-10.75,0.0009828182,0.4249473,644000,0.003985459,0.40836614975705743,0.2,0.01376953125,0.00084749545,0.057637907564640045,-0.0020850580534897746,0.11173593997955322,3210,1e-05,-0.013189750583842396
2000.0,93,323,0.179855,6884,0.0039171656,-1.6442146,-9.92,0.0014002764,0.4071645,646000,0.004221028,0.17416024318663403,0.2,0.012548828125,0.0004969043,0.027098502963781357,-0.0022065446915803476,-0.03264129161834717,3220,1e-05,-0.009273982116428669
2000.0,93,324,0.17963964,6905,0.008658901,-1.488264,-9.59,0.004999335,0.14574872,648000,0.0009989784,0.1491252834443003,0.2,0.009912109375,0.00036195776,0.0731380432844162,-0.0012758719618432223,0.06591176986694336,3230,1e-05,-0.009052774398878683
2000.0,93,325,0.1791905,6926,0.0040245685,-1.3702502,-9.66,0.001690464,0.41000944,650000,0.004477514,0.026719271877664142,0.2,0.003759765625,0.00011093274,0.0021088377106934786,-0.0009561452738125808,-1.041106939315796,3240,1e-05,-0.010842710291035474
2000.0,93,326,0.1884745,6947,0.0,-1.1862649,-9.7,0.0,0.08450788,652000,0.0015713994,0.1558630320127122,0.2,0.011572265625,0.00042706414,0.015133162960410118,-0.0030142537405481564,0.04273343086242676,3250,1e-05,-0.009461306096636691
2000.0,93,327,0.18559557,6968,0.0,-0.9960764,-9.61,0.0,0.06821946,654000,0.0027642709,0.008027424345618784,0.2,0.0,1.8073479e-07,-7.322526653297246e-05,-7.931597938295453e-05,-0.6726067066192627,3260,1e-05,-0.007661678158910945
2000.0,93,328,0.18749902,6989,0.0,-0.81226707,-9.66,0.0,0.108200915,656000,0.0022846903,0.005621300265784157,0.2,0.0,1.8568244e-08,0.00018867402104660869,-5.726591916754842e-06,-0.04228794574737549,3270,1e-05,-0.0066117188573116435
2000.0,93,329,0.18508677,7010,0.0,-0.69183004,-9.73,0.0,0.04806599,658000,0.0018561307,0.011978046988497226,0.2,0.00078125,3.823018e-05,0.011805539950728416,-0.0004547283228021115,-0.0003838539123535156,3280,1e-05,-0.005357648991775932
2000.0,93,330,0.19019507,7031,0.0,-0.57230055,-9.85,0.0,0.04110035,660000,0.0011424235,0.0028139812482777414,0.2,0.0,2.2060703e-08,3.9770959119778126e-05,-3.0953524401411414e-06,-0.1024855375289917,3290,1e-05,-0.005776858888566494
2000.0,93,331,0.19129467,7052,0.004562341,-0.47108006,-9.8,0.002416513,0.091785274,662000,0.0014275528,0.0020385201480394243,0.2,0.0,1.6530976e-08,5.327495455276221e-05,-7.3456190875731405e-06,-0.14959919452667236,3300,1e-05,-0.005878103142458712
2000.0,93,332,0.18718174,7073,0.007289124,-0.3842292,-9.32,0.0050094402,0.18975158,664000,0.0009974912,0.007591579144082062,0.2,0.000244140625,2.7966802e-05,0.014664609916508198,-0.00023710074747214095,0.1287716031074524,3310,1e-05,-0.007143728042137809
2000.0,93,333,0.19007295,7094,0.0041442206,-0.30640605,-9.3,0.0017425182,0.11093582,666000,0.00085616455,0.03221575417210261,0.2,0.002880859375,0.00019200798,0.0008526960737071931,-0.0005167623501620255,0.07323896884918213,3320,1e-05,-0.008381553931394592
2000.0,93,334,0.18598166,7115,0.0,-0.2486261,-9.11,0.0,0.02722483,668000,0.0009999716,0.01029862540508475,0.2,0.001171875,5.6138233e-05,0.0001495438045822084,-0.00028814308752771466,0.12927186489105225,3330,1e-05,-0.006313874424085953
2000.0,93,335,0.18739603,7136,0.008416418,-0.22370902,-8.91,0.0031464763,0.10195184,670000,0.0032638486,0.000583063279873386,0.2,0.0,1.0416261e-07,7.33512279111892e-05,-2.8066725644748657e-05,0.10966658592224121,3340,1e-05,-0.006977622366684954
2000.0,93,336,0.19004753,7157,0.0059585343,-0.22974686,-8.52,0.0042663524,0.29554746,672000,0.0015703969,0.007479031373759426,0.2,0.00029296875,1.7471088e-05,0.0002612268435768783,-0.00021340617677196861,0.2858300805091858,3350,1e-05,-0.007766357819491532
2000.0,93,337,0.1877795,7178,0.0,-0.15427485,-8.2,0.0,0.02334166,674000,0.0019980166,0.06023943269246956,0.2,0.00166015625,0.00013377293,0.0034117698669433594,-0.00022174967598402872,0.29530417919158936,3360,1e-05,-0.009020012068504002
2000.0,93,338,0.18129785,7199,0.0072305733,-0.3203349,-8.01,0.005474502,0.45569724,676000,0.0028184357,0.000510542965980676,0.2,0.0,9.368523e-08,-5.7454584748484194e-05,-3.862410085275769e-05,-0.7059015035629272,3370,1e-05,-0.009061594361264724
2000.0,93,339,0.18574426,7220,0.007362749,-0.29033196,-7.73,0.0044369106,0.13506804,678000,0.0009994699,0.1927178008365445,0.2,0.012451171875,0.00063088024,0.05193331092596054,-0.0017336576303932816,0.05307424068450928,3380,1e-05,-0.009343212377279997
2000.0,93,340,0.18636853,7242,0.004308239,-0.73373073,-7.86,0.0018095124,0.67734057,680000,0.0017132986,0.016207453387323767,0.2,0.000634765625,3.0692463e-05,0.0020689270459115505,-0.00028989268466830256,-0.15792787075042725,3390,1e-05,-0.0103475129159051
2000.0,93,341,0.18582466,7263,0.00211307,-0.55879265,-7.33,0.00039638384,0.10308253,682000,0.0011413331,0.4736729700583965,0.2,0.028076171875,0.0009387271,0.3354368507862091,-0.005731101127457805,-0.10983479022979736,3400,1e-05,-0.009708007371227723
2000.0,93,342,0.17275564,7284,0.0057630553,-0.93042076,-7.6,0.0031581083,0.6243934,684000,0.0027758337,0.010434515698125323,0.2,0.0005859375,2.4241133e-05,0.00010780726734083146,9.890452784020454e-05,-0.3311183452606201,3410,1e-05,-0.009546194710128474
2000.0,93,343,0.18714154,7305,0.006064197,-0.682482,-7.67,0.003918233,0.2536384,686000,0.0024262725,0.3085630990564823,0.2,0.021044921875,0.0008069055,0.06649816036224365,-0.0036322776970337143,0.17723572254180908,3420,1e-05,-0.009129150523222052
2000.0,93,344,0.18784411,7326,0.0044639907,-0.4721048,-7.72,0.0018756962,0.08756569,688000,0.002276137,0.03296412524032348,0.2,0.00224609375,0.00015263443,0.003084625117480755,-0.0006295764949754811,0.38876742124557495,3430,1e-05,-0.006820595465251244
2000.0,93,345,0.18993585,7346,0.0,-0.42877948,-7.79,0.0,0.046383835,690000,0.0029990156,0.006719594513378979,0.2,0.00029296875,2.1641405e-05,0.007852310314774513,-7.217420206870884e-05,0.06396442651748657,3440,1e-05,-0.005661826355208177
2000.0,93,346,0.18817975,7367,0.003479604,-0.31562456,-7.81,0.0014631109,0.07695551,692000,0.001998992,0.0028735612542277523,0.2,0.0,8.8475645e-09,0.004845714662224054,-2.9686634661629796e-06,-0.5295490026473999,3450,1e-05,-0.005832002935494529
2000.0,93,347,0.18749286,7388,0.0,-0.25619593,-7.83,0.0,0.087726206,694000,0.0029202346,0.005324379983267136,0.2,0.000390625,1.8844614e-05,0.005494116339832544,-0.00014727672969456763,0.12693703174591064,3460,1e-05,-0.006673452771792654
2000.0,93,348,0.1873102,7409,0.005286113,-0.24557824,-7.83,0.002078541,0.12715603,696000,0.0018561506,0.0031474768771204255,0.2,0.000830078125,5.318079e-05,0.00021906252368353307,-0.00046141475904732944,0.544700413942337,3470,1e-05,-0.005410018711700104
2000.0,93,349,0.18343084,7430,0.0,-0.18644072,-7.87,0.0,0.04268955,698000,0.0012846953,0.012985885890520877,0.2,0.001171875,4.3802982e-05,0.0006721549434587359,-0.0002502064613508992,0.19688189029693604,3480,1e-05,-0.0043151612495421435
2000.0,93,350,0.18610254,7450,0.0,-0.15909326,-7.93,0.0,0.037877772,700000,0.0019238414,0.0010831642827270117,0.2,0.0,1.0681106e-08,0.0011999141424894333,-1.3162323739379645e-06,0.2868143916130066,3490,1e-05,-0.004255803136766189
