time/total_timesteps,time/time_elapsed,time/iterations,rollout/ep_len_mean,long_std,rollout/ep_rew_mean,long_mean,return_mean,short_mean,short_std,time/fps,return_std,train/n_updates,train/value_loss,train/clip_range,train/policy_gradient_loss,train/approx_kl,train/entropy_loss,train/loss,train/learning_rate,train/clip_fraction,train/explained_variance
2000,19,1,2000.0,0.18672144,119.0,0.0012856713,0.94034445,0.053665664,0.05614658,101,2.1876535,,,,,,,,,,
4000,39,2,2000.0,0.1855964,98.0,0.0031450144,1.1608193,0.0810161,0.07013159,100,2.021628,10,5.250116409361363,0.2,-0.00018000874551944436,2.3361383e-05,-0.6931399360299111,2.109950542449951,1e-05,0.0,-0.0021523237228393555
6000,59,3,2000.0,0.19244447,61.333333333333336,0.0018566288,0.84400666,0.104691006,0.06906081,100,2.1244814,20,4.162098599225283,0.2,-0.0002051373681752011,3.2554206e-05,-0.6930818948894739,2.2743310928344727,1e-05,0.0,0.0005768537521362305
8000,79,4,2000.0,0.18728304,40.5,0.001099634,0.5008468,0.07855078,0.0621363,100,2.0469072,30,4.496812744811177,0.2,-0.00030155456624925137,3.5840785e-05,-0.6930727927014232,1.9240187406539917,1e-05,0.0,-3.612041473388672e-05
10000,99,5,2000.0,0.18787237,52.0,0.0038663214,1.2489052,0.049765002,0.063555785,100,2.0177882,40,4.180250541865826,0.2,-0.00018689047283260152,2.2098568e-05,-0.6931054042652249,1.7930843830108643,1e-05,0.0,0.005216717720031738
12000,118,6,2000.0,0.19042756,38.666666666666664,0.002156424,0.7383425,0.051620558,0.04217851,100,2.0911245,50,4.187464612722397,0.2,-0.00035386599047342314,6.8902154e-05,-0.6930512288585305,2.6251072883605957,1e-05,0.0,0.007862627506256104
14000,138,7,2000.0,0.1832692,37.57142857142857,0.0025681013,0.8925002,0.039164804,0.04904573,100,2.1807585,60,4.340683019906282,0.2,-0.00025187640567310156,1.2517383e-05,-0.6929345939308404,1.8213189840316772,1e-05,0.0,0.013359248638153076
16000,158,8,2000.0,0.17987126,47.75,0.0033326326,1.7232172,0.07526124,0.06282674,100,2.0631225,70,4.669188053905964,0.2,-0.0003285562532255426,2.4101173e-05,-0.6928078362718224,1.2394410371780396,1e-05,0.0,0.01525181531906128
18000,178,9,2000.0,0.19025184,46.666666666666664,0.0008945186,1.6986142,0.055134457,0.060922854,100,2.3290415,80,4.301953539997339,0.2,-0.00022864167840452865,2.3019937e-05,-0.6925750041380525,1.6795246601104736,1e-05,0.0,0.02344799041748047
20000,198,10,2000.0,0.18423243,42.0,0.0016604782,1.4039998,0.07072969,0.13048877,100,2.1938365,90,5.383122237026692,0.2,-0.0006189057690789923,0.00010671237,-0.6922113534063101,1.6514824628829956,1e-05,0.0,0.002576887607574463
22000,217,11,2000.0,0.18223986,45.09090909090909,0.0031094584,1.7632192,0.068282306,0.062290423,100,2.135698,100,4.7338608186692,0.2,-0.0007874245551647618,0.00036083735,-0.691895492002368,2.594386100769043,1e-05,0.0,0.012456715106964111
24000,237,12,2000.0,0.18734403,44.25,0.0030539206,1.7579486,0.051214416,0.057573173,100,1.9923875,110,4.475144930928946,0.2,-0.001379768054903252,0.0009174178,-0.6910500656813383,2.449972629547119,1e-05,0.0,0.018008828163146973
26000,257,13,2000.0,0.18620713,51.07692307692308,0.0037109377,2.5708818,0.09997406,0.072453,100,2.0601094,120,3.96668633967638,0.2,-0.0016167208756087347,0.0005781284,-0.6882954780012369,1.3671382665634155,1e-05,0.0,-0.0030851364135742188
28000,277,14,2000.0,0.19052207,55.214285714285715,0.0020555358,3.0506086,0.08325398,0.067243144,100,2.0510962,130,4.253617437183857,0.2,-0.0029266585763252804,0.002986024,-0.6810650803148747,2.021531343460083,1e-05,0.0,0.02364867925643921
30000,297,15,2000.0,0.18650602,59.46666666666667,0.0034245695,3.5565445,0.04527451,0.057753306,100,2.45984,140,4.2141178853809835,0.2,-0.0026948484970489516,0.002958008,-0.6665237313136458,2.3728394508361816,1e-05,0.0,0.0021324753761291504
32000,317,16,2000.0,0.1893491,62.0625,0.0045264843,3.7269177,0.114289045,0.059562277,100,2.285479,150,5.9486291542649266,0.2,-0.0025582014000974595,0.0017372603,-0.6461583837866783,1.306547999382019,1e-05,0.0,0.013299822807312012
34000,337,17,2000.0,0.1845083,65.6470588235294,0.0017137746,4.0836887,0.14433831,0.08113116,100,1.9090385,160,4.930536875128746,0.2,-0.003648614330450073,0.0024560087,-0.6393576018512249,2.278167963027954,1e-05,0.0,0.04860532283782959
36000,357,18,2000.0,0.18472856,65.5,0.0024835973,3.9579394,0.10548894,0.07619507,100,2.1106339,170,3.6334697883576155,0.2,-0.005549909203546121,0.0059415936,-0.6153783552348614,2.5615978240966797,1e-05,0.03544921875,-0.010463118553161621
38000,377,19,2000.0,0.1817826,73.15789473684211,0.0011409392,5.0183935,0.09787961,0.08337466,100,2.235589,180,4.31904565691948,0.2,-0.0038444284640718252,0.0037533145,-0.6072952264919877,1.9862140417099,1e-05,0.002734375,0.029820024967193604
40000,397,20,2000.0,0.1930072,79.65,0.0015704067,5.9420166,0.09851357,0.088567145,100,2.4323304,190,5.0304925501346585,0.2,-0.002763800183311105,0.0041918326,-0.5773465501144528,3.2905824184417725,1e-05,0.006787109375,0.021167457103729248
42000,418,21,2000.0,0.19018893,85.47619047619048,0.0032838096,6.625355,0.07027232,0.053425435,100,2.3971298,200,5.771533141285181,0.2,-0.0036258207896025852,0.0022600738,-0.5587637774646282,1.3943111896514893,1e-05,0.0060546875,0.027322232723236084
44000,438,22,2000.0,0.18385719,95.63636363636364,0.0037243986,7.919172,0.08834501,0.08671818,100,2.617424,210,5.734234841167927,0.2,-0.003878866993181873,0.0046932893,-0.5565902505069971,1.4209970235824585,1e-05,0.01396484375,-8.237361907958984e-05
46000,458,23,2000.0,0.188028,103.04347826086956,0.0024274006,8.817642,0.07202011,0.056854747,100,2.412789,220,6.839915793389082,0.2,-0.0019343168736668304,0.0027215995,-0.5388122217729687,1.3859195709228516,1e-05,0.002978515625,0.03583043813705444
48000,478,24,2000.0,0.18635069,106.625,0.003040235,8.864098,0.074495964,0.06879376,100,2.0771441,230,5.826180960610509,0.2,-0.001881298354419414,0.0032301405,-0.5105150545015931,1.9645073413848877,1e-05,0.00830078125,0.0029630661010742188
50000,498,25,2000.0,0.19104964,110.64,0.002121011,8.907508,0.15404488,0.077554464,100,2.3909698,240,4.48046997860074,0.2,-0.004594155997619964,0.0035509071,-0.5141621103510261,1.6625314950942993,1e-05,0.02978515625,-0.042565226554870605
52000,518,26,2000.0,0.18334824,117.07692307692308,0.0014276049,9.64756,0.15677273,0.103329994,100,2.2407732,250,5.8520004786551,0.2,-0.0038459685019915923,0.0027130176,-0.5026342213153839,5.113128185272217,1e-05,0.01181640625,-0.02898561954498291
54000,538,27,2000.0,0.19217579,117.5925925925926,0.0024943436,8.954593,0.16351864,0.07055425,100,2.3114936,260,5.095263296365738,0.2,-0.002736130083212629,0.0015751077,-0.4871680986136198,2.1239302158355713,1e-05,0.0005859375,-0.007195830345153809
56000,558,28,2000.0,0.19359857,126.35714285714286,0.0036448517,10.518502,0.14975515,0.09324965,100,2.18142,270,5.594365981221199,0.2,-0.002345643278385978,0.0014977208,-0.46652384297922256,1.433374047279358,1e-05,0.0,-0.05038273334503174
58000,578,29,2000.0,0.18491615,129.31034482758622,0.0015708971,10.378851,0.12508467,0.06458457,100,2.1377113,280,4.959009385108947,0.2,-0.000845172988192644,0.00055888854,-0.42433585226535797,1.9577637910842896,1e-05,0.0,0.0045531392097473145
60000,598,30,2000.0,0.17853206,133.5,0.0014275851,10.73174,0.14473863,0.083514996,100,2.3464482,290,4.263407639414072,0.2,-0.0035772868199273945,0.002614452,-0.40675854589790106,4.20442533493042,1e-05,0.007177734375,0.06051492691040039
62000,618,31,2000.0,0.189586,140.96774193548387,0.0034800044,12.040255,0.15407495,0.07267658,100,2.175477,300,5.496915140002966,0.2,-0.0011233691955567337,0.001268296,-0.3825385301373899,3.068441152572632,1e-05,0.001904296875,-0.0010118484497070312
64000,638,32,2000.0,0.18737997,147.3125,0.0043109152,12.666985,0.19416706,0.09396692,100,2.2956803,310,4.725901574641466,0.2,-0.0012053387967171148,0.0012603217,-0.37273826636373997,2.3589210510253906,1e-05,0.006982421875,0.018256068229675293
66000,658,33,2000.0,0.19072273,152.93939393939394,0.0032780457,13.216849,0.15968677,0.0775496,100,2.432754,320,5.161136005818844,0.2,-0.0009423574316315353,0.0023638792,-0.3765710131265223,2.2012133598327637,1e-05,0.00576171875,0.02690821886062622
68000,678,34,2000.0,0.18057661,158.2941176470588,0.0031842496,13.821376,0.099200375,0.068089604,100,2.32954,330,5.895741261541843,0.2,-0.0007893154310295358,0.0028612283,-0.38182440456002953,2.601356029510498,1e-05,0.003466796875,-0.0012118816375732422
70000,698,35,2000.0,0.18909317,164.34285714285716,0.0019168076,14.57888,0.093444854,0.061930623,100,2.5940912,340,5.415228030085563,0.2,-0.003566610989946639,0.0035009254,-0.3519154775887728,2.3328633308410645,1e-05,0.02705078125,-0.004266977310180664
72000,718,36,2000.0,0.19040775,170.05555555555554,0.0033689155,15.046191,0.11430298,0.060495097,100,2.6915123,350,6.9515422530472275,0.2,-0.0015037929610116408,0.0008997553,-0.3329933863133192,2.3274643421173096,1e-05,0.002783203125,-0.03248584270477295
74000,738,37,2000.0,0.1849628,173.35135135135135,0.002425683,14.886957,0.12557624,0.070788525,100,2.252438,360,7.406695993244648,0.2,-0.0028452562750317157,0.0024453397,-0.31420493298210206,6.352514743804932,1e-05,0.025537109375,-0.017691373825073242
76000,758,38,2000.0,0.18614317,179.5,0.0027716407,15.85116,0.14138165,0.06541178,100,2.714877,370,5.238302267342806,0.2,-0.001277047023177147,0.0018781926,-0.28730151294730605,1.7324447631835938,1e-05,0.005126953125,-0.04408121109008789
78000,778,39,2000.0,0.18593475,184.46153846153845,0.0031501774,16.195196,0.1279419,0.08950796,100,2.371106,380,7.246347513794899,0.2,-0.0012640188026125543,0.0008784936,-0.2811495851259679,3.8462464809417725,1e-05,0.006884765625,0.00904083251953125
80000,798,40,2000.0,0.18385246,189.375,0.0029826798,16.51743,0.14372618,0.07509883,100,2.6269577,390,5.666404910385609,0.2,-0.0003239772457163781,0.0003806199,-0.2768124955706298,3.346036434173584,1e-05,0.0,-0.014336228370666504
82000,818,41,2000.0,0.18679458,192.82926829268294,0.0025258684,16.298864,0.123214066,0.07557886,100,2.3521006,400,6.823990719020367,0.2,-0.0009574431693181396,0.0007167631,-0.25929223564453424,3.469083786010742,1e-05,0.001904296875,0.011424601078033447
84000,838,42,2000.0,0.18390453,197.66666666666666,0.001559754,16.94106,0.10821918,0.09191971,100,2.560958,410,5.5451991312205795,0.2,-0.0003779373568249866,0.0010763186,-0.25742224981077017,1.3056914806365967,1e-05,0.002587890625,-0.019150733947753906
86000,858,43,2000.0,0.18617442,201.3953488372093,0.0022830237,17.03404,0.08325124,0.0669046,100,2.5806084,420,6.512428890913725,0.2,-0.0024785825778963046,0.0020650802,-0.24697216805070638,5.130281448364258,1e-05,0.023583984375,7.480382919311523e-05
88000,878,44,2000.0,0.18665805,206.5,0.0035100803,17.548454,0.09024015,0.08969072,100,2.407315,430,6.3956718891859055,0.2,-0.0009528170936391689,0.00068932254,-0.23733052616007627,3.371917724609375,1e-05,0.000341796875,0.02554374933242798
90000,898,45,2000.0,0.18712929,212.8,0.0027678786,18.610422,0.08801288,0.09262493,100,2.6440105,440,5.732332637906074,0.2,-0.0006827793054981157,0.0010005004,-0.21712895804084836,2.397937536239624,1e-05,0.006005859375,0.006979644298553467
92000,919,46,2000.0,0.18276477,216.7826086956522,0.0036872148,18.455832,0.13574705,0.058048446,100,2.5225427,450,6.673220244795084,0.2,-0.0015334184776293115,0.0013931335,-0.20186155163682998,3.266348123550415,1e-05,0.010888671875,0.041376471519470215
94000,939,47,2000.0,0.18082231,219.19148936170214,0.0026096685,18.08856,0.070938155,0.065409705,100,2.3977633,460,6.398897971212864,0.2,-0.0004167811930528842,0.0010623544,-0.1943707787897438,3.276698112487793,1e-05,0.002734375,-0.011784672737121582
96000,959,48,2000.0,0.18136553,222.9375,0.002370505,18.229738,0.07894517,0.09404537,100,2.51885,470,5.859830699115991,0.2,-0.000364786344289314,0.0008127373,-0.2017658372875303,2.4686973094940186,1e-05,0.001318359375,-0.018512487411499023
98000,979,49,2000.0,0.193096,226.75510204081633,0.0014270556,18.527998,0.07003436,0.04315121,100,2.794622,480,6.308983715623617,0.2,-0.0019061372935539112,0.0008710923,-0.19216812965460123,1.8012137413024902,1e-05,0.00341796875,0.00251692533493042
100000,999,50,2000.0,0.19154951,229.58,0.0017132605,18.409258,0.069921,0.0760453,100,2.670207,490,7.582704167068004,0.2,-0.0009098502763663418,0.00046682678,-0.17824542350135744,5.54916524887085,1e-05,0.002197265625,0.019143879413604736
102000,1020,51,2000.0,0.18765922,234.49019607843138,0.0022757882,19.259836,0.046130806,0.05394591,99,2.817464,500,6.7596612580120565,0.2,-0.00031548863917123525,0.00018808112,-0.1712665124796331,2.0563859939575195,1e-05,0.000634765625,0.053661048412323
104000,1040,52,2000.0,0.18396842,239.51923076923077,0.0035419322,19.758074,0.11277022,0.0837937,99,2.7101634,510,7.897052864730358,0.2,-0.000455331448756624,0.00046041128,-0.17244735001586378,2.539977550506592,1e-05,0.00322265625,0.013401806354522705
106000,1061,53,2000.0,0.18297844,243.0566037735849,0.0027848415,19.838676,0.16782285,0.11394673,99,2.9331746,520,7.337098067253828,0.2,-0.0010607401549350471,0.0012199967,-0.18121350929141045,2.9049460887908936,1e-05,0.0064453125,0.006221115589141846
108000,1081,54,2000.0,0.19211213,245.22222222222223,0.0042794603,19.430439,0.121134415,0.08243253,99,2.400563,530,7.946095142513514,0.2,-0.0006052990996977314,0.00027799557,-0.1759092839900404,4.228785991668701,1e-05,0.000146484375,0.07064306735992432
110000,1101,55,2000.0,0.19211186,248.34545454545454,0.0026051148,19.541742,0.14042401,0.099736094,99,2.7077582,540,5.643329826742411,0.2,-0.0005906085280003026,0.0009478234,-0.18588313506916165,1.9959933757781982,1e-05,0.002099609375,0.014231443405151367
112000,1121,56,2000.0,0.18336597,250.80357142857142,0.0040159943,19.384293,0.16188265,0.071795784,99,2.7467036,550,6.984722618386149,0.2,-0.0007336358918109909,0.001068159,-0.17993671256117522,0.957287609577179,1e-05,0.010498046875,0.039370715618133545
114000,1143,57,2000.0,0.19239534,253.33333333333334,0.001506423,19.256683,0.08654331,0.09613182,99,2.5955138,560,7.320844307541847,0.2,-0.0002898833598010242,0.0001913891,-0.16517914314754306,3.2927193641662598,1e-05,0.0,0.02134716510772705
116000,1168,58,2000.0,0.18798557,255.55172413793105,0.0019976369,19.01923,0.17423525,0.092467524,99,2.4205902,570,5.920506599545479,0.2,-0.0017115464084781705,0.0012805021,-0.19062134618870913,3.2328097820281982,1e-05,0.011767578125,0.10658425092697144
118000,1190,59,2000.0,0.18855253,258.1186440677966,0.0024280779,19.158453,0.14640857,0.060335003,99,2.3259761,580,6.113409167528152,0.2,-0.0009586843298166059,0.0006457296,-0.18649203069508075,1.4821808338165283,1e-05,0.00419921875,-0.05307316780090332
120000,1211,60,2000.0,0.19074035,260.03333333333336,0.002057487,18.904982,0.20292728,0.08931954,99,2.368142,590,5.454670231416822,0.2,-0.0002419255717541091,0.00047894864,-0.17367983250878752,1.7943495512008667,1e-05,0.0,-0.022315263748168945
122000,1232,61,2000.0,0.18485662,263.4590163934426,0.0034099594,19.460535,0.14116836,0.08222262,98,2.4945815,600,5.3822271674871445,0.2,-0.0010582400544080883,0.00096096715,-0.19823967115953564,2.041212797164917,1e-05,0.00830078125,0.03015422821044922
124000,1254,62,2000.0,0.18336207,265.43548387096774,0.0018546652,19.207493,0.1666133,0.07047494,98,2.5955856,610,5.724435505270958,0.2,-0.0006414559305994771,0.00039811293,-0.18414531399030237,3.338468313217163,1e-05,0.011083984375,0.07266479730606079
126000,1276,63,2000.0,0.1944482,268.5079365079365,0.0019478158,19.725872,0.17173186,0.056248814,98,2.8425117,620,5.733268316835165,0.2,-0.0023295169055927547,0.0009906704,-0.17931983468588442,3.217647075653076,1e-05,0.01923828125,0.13933449983596802
128000,1298,64,2000.0,0.18001702,270.34375,0.0022851967,19.51207,0.13300076,0.09261444,98,2.8454866,630,7.768177780508995,0.2,-0.000983307568822056,0.0012951883,-0.15938996935728938,2.3724963665008545,1e-05,0.010498046875,0.03715246915817261
130000,1319,65,2000.0,0.17964996,271.9846153846154,0.0030303209,19.270378,0.16514204,0.07887822,98,2.492017,640,8.272157987952232,0.2,-0.0005288710672175512,0.001233673,-0.16908793414477258,5.566842555999756,1e-05,0.00087890625,-0.03584635257720947
132000,1340,66,2000.0,0.19041295,275.1060606060606,0.0025661124,19.957842,0.107058816,0.07688672,98,2.5622492,650,6.190068006515503,0.2,-0.00045430247555486856,0.00017594466,-0.176802744762972,2.596158027648926,1e-05,0.003076171875,-0.0023279190063476562
134000,1361,67,2000.0,0.18562338,277.1940298507463,0.0028251715,19.963463,0.14420855,0.0896179,98,2.7231634,660,6.403704509139061,0.2,-0.0007760445994790643,0.0006833727,-0.14796987019944935,2.028057336807251,1e-05,0.006640625,0.02385246753692627
136000,1382,68,2000.0,0.18652563,279.1617647058824,0.001844868,19.984373,0.13551636,0.07378143,98,2.5422583,670,7.1738399177789685,0.2,-0.000928026637120638,0.0005039441,-0.14497700741048902,2.2413220405578613,1e-05,0.0046875,0.022043943405151367
138000,1403,69,2000.0,0.18422526,280.1014492753623,0.0030756015,19.27387,0.17400707,0.085575074,98,2.4729316,680,6.200938040018082,0.2,-0.000585992143896874,0.00066050625,-0.13832860875409098,1.4657857418060303,1e-05,0.002880859375,0.0430111289024353
140000,1424,70,2000.0,0.18515733,282.0857142857143,0.0037762127,19.40422,0.15944788,0.06700583,98,2.436516,690,6.131676558405161,0.2,-0.0010588297547656112,0.0012018136,-0.14236615933477878,2.436612844467163,1e-05,0.0115234375,-0.024806618690490723
142000,1445,71,2000.0,0.17991385,284.59154929577466,0.0031348593,19.876995,0.110853106,0.059661217,98,2.421313,700,5.500215870141983,0.2,-0.00128132498357445,0.0010330959,-0.1330605093971826,2.1049132347106934,1e-05,0.0125,0.04347163438796997
144000,1465,72,2000.0,0.18906716,285.09722222222223,0.004109371,19.006054,0.10422815,0.06618659,98,2.5706966,710,5.523453310504555,0.2,-0.0005322183889802546,0.00023741944,-0.11526887759100646,2.1926229000091553,1e-05,0.0,0.05625343322753906
146000,1487,73,2000.0,0.17948894,286.36986301369865,0.0014280966,18.801146,0.13949344,0.085673444,98,2.6075695,720,6.360929819196462,0.2,-0.00015761469549033791,0.000101170604,-0.12849227176047862,2.220500946044922,1e-05,0.00087890625,0.03476905822753906
148000,1509,74,2000.0,0.19552101,288.1081081081081,0.0020974027,19.07675,0.12876345,0.08708022,98,2.4442403,730,6.426841968297959,0.2,-0.0005440744891529903,0.0010004023,-0.11410684356233106,4.005730152130127,1e-05,0.00234375,0.054127395153045654
150000,1530,75,2000.0,0.18506433,290.1066666666667,0.0033240758,19.332436,0.14702259,0.067122,98,2.6775208,740,5.83332467675209,0.2,-0.0013692677559447475,0.0007529174,-0.12923672529868782,1.5323728322982788,1e-05,0.014208984375,0.013677716255187988
152000,1551,76,2000.0,0.18847059,291.3421052631579,0.002633531,19.171503,0.14638716,0.06542491,97,2.4776423,750,6.627597909420729,0.2,-0.00037698866071878,0.00030904505,-0.11532707661390304,2.325223207473755,1e-05,0.000341796875,0.06816482543945312
154000,1572,77,2000.0,0.18676886,292.5584415584416,0.0018561182,19.106981,0.12094138,0.06878907,97,2.4819493,760,5.997258479893207,0.2,-1.720235886750743e-05,0.00016345608,-0.1312700554728508,5.123632907867432,1e-05,0.000146484375,0.01646411418914795
156000,1593,78,2000.0,0.18382202,292.97435897435895,0.0014854334,18.374582,0.14246446,0.07710619,97,2.4977906,770,6.038356885313988,0.2,-0.0019879795028828083,0.0018195272,-0.1276600378099829,4.662304878234863,1e-05,0.015771484375,0.021697998046875
158000,1613,79,2000.0,0.18620777,294.62025316455697,0.0017508254,18.560701,0.15174271,0.06997284,97,2.8313441,780,5.929800778254867,0.2,-0.00044298793363850564,0.00057118444,-0.13253550473600625,0.545749843120575,1e-05,0.003125,0.04445236921310425
160000,1634,80,2000.0,0.18778615,295.525,0.0031712756,18.502245,0.18002336,0.050634284,97,2.6359496,790,7.929332927614451,0.2,-0.0009116402361541986,0.00044002885,-0.13408479660283773,2.530116081237793,1e-05,0.001708984375,0.0014125704765319824
162000,1655,81,2000.0,0.18378752,297.037037037037,0.0019539932,18.761665,0.111894816,0.064207636,97,2.4744515,800,6.947028623521328,0.2,-0.0001997314771870151,0.00046585393,-0.13424694852437824,1.6906299591064453,1e-05,0.006494140625,-0.009746313095092773
164000,1675,82,2000.0,0.17571232,298.0609756097561,0.00441648,18.627758,0.14283872,0.10206344,97,2.6189528,810,5.8283525876700875,0.2,-0.00066471315221861,0.00080319913,-0.12823957353830337,2.8005471229553223,1e-05,0.004541015625,0.03418022394180298
166000,1697,83,2000.0,0.18847872,300.1686746987952,0.0032824245,19.243567,0.14154868,0.053078275,97,2.7808936,820,6.568835566937923,0.2,-0.001118592990678735,0.0008474927,-0.13018307460006326,1.877994418144226,1e-05,0.0130859375,0.033058345317840576
168000,1718,84,2000.0,0.18748419,301.4404761904762,0.0019538503,19.2925,0.14786768,0.056453574,97,2.743715,830,7.704012516885996,0.2,-0.0006418653167202138,0.0003777646,-0.11353448166046291,1.2248377799987793,1e-05,0.004248046875,-0.0057822465896606445
170000,1739,85,2000.0,0.18737806,303.3764705882353,0.0032823738,19.759874,0.10128107,0.06803276,97,2.4565907,840,7.312969442456961,0.2,-0.0005494916375027969,0.0004912153,-0.11375397230731324,2.8445544242858887,1e-05,0.0015625,0.020591795444488525
172000,1760,86,2000.0,0.19220807,303.9418604651163,0.0011418214,19.260555,0.13408417,0.12854256,97,2.3977022,850,5.407995507866144,0.2,-0.0003258263721363619,0.0011546611,-0.10156760123791173,2.942382574081421,1e-05,0.00849609375,0.09634172916412354
174000,1781,87,2000.0,0.18700285,305.18390804597703,0.0027137445,19.30567,0.07343172,0.059323188,97,2.6432002,860,5.309378921985626,0.2,-0.0005800776416435838,0.0005029974,-0.12610884148161858,1.9189319610595703,1e-05,0.000732421875,0.072101891040802
176000,1802,88,2000.0,0.18185544,306.1136363636364,0.002188876,19.2212,0.1423345,0.09354585,97,2.6622825,870,6.940891562402248,0.2,-0.0012208125815959647,0.00079096865,-0.12042011676821858,4.093626976013184,1e-05,0.005810546875,-0.004106760025024414
178000,1823,89,2000.0,0.19209957,306.9438202247191,0.0036151225,19.139761,0.16598499,0.08779824,97,2.3970373,880,6.258719647675752,0.2,-0.0008955913945101202,0.0007533373,-0.11684279763139785,2.0185067653656006,1e-05,0.00849609375,0.09414613246917725
180000,1845,90,2000.0,0.17750995,308.81111111111113,0.0026099968,19.692251,0.18165296,0.06691248,97,2.5773284,890,5.709818929061294,0.2,-0.002115810348186642,0.00082303525,-0.10946811842732132,3.4518818855285645,1e-05,0.01865234375,-0.018344640731811523
182000,1866,91,2000.0,0.18548438,309.3956043956044,0.0015507377,19.282766,0.122556455,0.06705579,97,2.53214,900,6.178363490849733,0.2,-0.0007222253829240799,0.00051585084,-0.1185428007505834,1.423966884613037,1e-05,0.006494140625,0.07034420967102051
184000,1887,92,2000.0,0.18070944,310.60869565217394,0.0034603397,19.55699,0.101636425,0.064905,97,2.4062316,910,5.612936902046203,0.2,-0.0012311629994655958,0.0011036855,-0.12260056287050247,3.636237382888794,1e-05,0.014306640625,0.1167420744895935
186000,1909,93,2000.0,0.18384553,312.02150537634407,0.0032765956,19.659842,0.12798275,0.075157516,97,2.5604818,920,5.346343132853508,0.2,-0.00011901014222530648,0.00023484646,-0.11219575868453831,3.771782398223877,1e-05,0.001318359375,0.0731499195098877
188000,1930,94,2000.0,0.1827076,313.36170212765956,0.0039341403,19.973864,0.14631923,0.08501343,97,2.3295922,930,6.188707122951746,0.2,-0.00116107105568517,0.00081141316,-0.09977428778074682,1.705804467201233,1e-05,0.01328125,0.05220001935958862
190000,1950,95,2000.0,0.18196855,314.3578947368421,0.002540966,19.766382,0.15253094,0.07857818,97,2.6225395,940,5.2116851665079595,0.2,-0.00047484427341260016,0.0006994588,-0.11292115268297494,1.2480770349502563,1e-05,0.002734375,0.03428614139556885
192000,1970,96,2000.0,0.18152058,315.6770833333333,0.0023286156,20.070454,0.118004695,0.064975694,97,2.3556354,950,6.262840279191733,0.2,-0.00012289647420402617,0.00015481465,-0.0997373703867197,2.2530264854431152,1e-05,0.0017578125,0.07525759935379028
194000,1991,97,2000.0,0.17692542,316.9484536082474,0.0030286708,20.193983,0.09922926,0.054410283,97,2.7649398,960,5.1833139605820175,0.2,-0.0009990392500185408,0.00057323393,-0.09272603534627706,2.2798209190368652,1e-05,0.012548828125,0.06046617031097412
196000,2012,98,2000.0,0.19246733,318.03061224489795,0.004197755,20.239414,0.18415873,0.103150316,97,2.3652434,970,6.674095924198627,0.2,-0.0002508043427951634,9.722411e-05,-0.09294724010396749,2.179736375808716,1e-05,0.0,0.10320156812667847
198000,2033,99,2000.0,0.17804275,318.6868686868687,0.0027297908,19.739027,0.14360903,0.08313634,97,2.5425084,980,5.220283076167107,0.2,-0.0007662752090254798,0.00053465564,-0.09066683537093922,1.121996283531189,1e-05,0.00673828125,0.04991418123245239
200000,2054,100,2000.0,0.18377662,319.19,0.0035144892,19.401632,0.17469788,0.081331804,97,2.377419,990,6.113052207231521,0.2,5.870477471034974e-05,0.00028981845,-0.08812046326929704,12.94427490234375,1e-05,0.0021484375,0.06312918663024902
202000,2076,101,2000.0,0.18356963,321.54,0.0014285286,19.044897,0.16506995,0.0986058,97,2.4686956,1000,5.260653399676085,0.2,-0.0003683548915432766,0.000274153,-0.08700802407693117,4.44412088394165,1e-05,0.004638671875,0.0658489465713501
204000,2096,102,2000.0,0.18074352,324.96,0.003204509,19.14238,0.2061652,0.096253924,97,2.4410164,1010,5.994290239363909,0.2,-0.0009065452984941657,0.0005415637,-0.08103823787532746,3.3250362873077393,1e-05,0.009423828125,0.025832414627075195
206000,2117,103,2000.0,0.17996103,328.4,0.0038295202,18.585485,0.15668762,0.0917731,97,2.415569,1020,5.614207595586777,0.2,-0.00030237844330258665,0.000104659266,-0.07593575643841177,7.3698577880859375,1e-05,0.004345703125,0.045127153396606445
208000,2137,104,2000.0,0.18626027,332.03,0.0032614206,18.163235,0.17366514,0.08296976,97,2.3868108,1030,5.507609675079584,0.2,-0.00019604298722697422,0.00039727602,-0.07673299808520824,1.5709593296051025,1e-05,0.002001953125,0.065096914768219
210000,2159,105,2000.0,0.18311371,334.97,0.0016967045,18.264023,0.19316675,0.07287366,97,2.4468899,1040,5.2385484673082825,0.2,-0.00074332102376502,0.00030851166,-0.07216139655793086,2.3859641551971436,1e-05,0.00263671875,0.07252764701843262
212000,2180,106,2000.0,0.18454503,338.77,0.003079013,18.03593,0.23935947,0.091236226,97,2.5697858,1050,5.650518079847098,0.2,-0.00020102281705476345,0.000102155755,-0.06306434698635713,1.4900825023651123,1e-05,0.00087890625,0.04410666227340698
214000,2200,107,2000.0,0.18109016,342.66,0.0016433052,18.27314,0.1741759,0.07413468,97,2.4637032,1060,5.894285932183266,0.2,-7.377419533440843e-05,6.0628983e-05,-0.06417815148597583,1.8934937715530396,1e-05,0.00078125,0.11544060707092285
216000,2221,108,2000.0,0.18146525,344.89,0.0018786297,18.203176,0.23599383,0.08970955,97,2.4423456,1070,4.924005072563887,0.2,-0.00030428608151851223,0.00014941892,-0.062056643178220836,1.8291447162628174,1e-05,0.00322265625,0.16914880275726318
218000,2242,109,2000.0,0.185397,348.43,0.0024502906,17.950739,0.1843523,0.07777461,97,2.152518,1080,6.10489821061492,0.2,-3.870262298732996e-05,0.00017124589,-0.06963810537708923,2.394163131713867,1e-05,0.00224609375,-0.08245182037353516
220000,2262,110,2000.0,0.16932213,351.97,0.0020299235,17.717281,0.118910134,0.046158604,97,2.491595,1090,4.448687250539661,0.2,-0.00019951443828176708,0.00018346781,-0.06299209791468456,2.0059707164764404,1e-05,0.001904296875,0.03029698133468628
222000,2282,111,2000.0,0.18237424,354.72,0.0030275418,17.509054,0.1634568,0.07151037,97,2.346269,1100,6.082730083167553,0.2,-0.0005630373256281018,0.00012268909,-0.06160696124425158,2.286273956298828,1e-05,0.002978515625,0.00973522663116455
224000,2303,112,2000.0,0.18497059,358.69,0.0039513945,17.86185,0.13532944,0.09388687,97,2.665935,1110,5.156317842751742,0.2,-0.0004911841097055003,0.00014037354,-0.0614577088272199,1.360249638557434,1e-05,0.00244140625,0.05432003736495972
226000,2324,113,2000.0,0.1835013,361.3,0.0015996706,18.028852,0.09607866,0.069538146,97,2.4870234,1120,6.459558298438788,0.2,-0.0008341542823472991,0.0004661639,-0.05789104881696403,3.519958972930908,1e-05,0.006005859375,0.0814446210861206
228000,2344,114,2000.0,0.18837564,363.46,0.003008471,17.832653,0.098485276,0.091782175,97,2.3376982,1130,4.998924469202757,0.2,-0.0003451799348113127,0.00010377809,-0.05490951397223398,2.2481751441955566,1e-05,0.00107421875,0.16630089282989502
230000,2365,115,2000.0,0.19098277,366.5,0.0011418264,18.074062,0.19696453,0.08997647,97,2.415251,1140,5.027962898463011,0.2,-0.0007013004564214498,0.00014164674,-0.060764719103463,5.575732231140137,1e-05,0.0041015625,0.06741183996200562
232000,2387,116,2000.0,0.18018478,368.84,0.0040585613,17.943949,0.25606,0.0884025,97,2.5069304,1150,4.909557776898145,0.2,-0.0003036226087715477,0.0002804919,-0.05559485356207006,3.194443941116333,1e-05,0.004248046875,0.1580025553703308
234000,2408,117,2000.0,0.19137552,371.81,0.002226646,18.039957,0.13163005,0.076626725,97,2.6052206,1160,5.721128298714757,0.2,-0.00014870961313135923,9.034053e-05,-0.061695051949936894,2.525858163833618,1e-05,0.0001953125,0.07947689294815063
236000,2431,118,2000.0,0.17832693,375.41,0.0027132703,18.30385,0.15860905,0.07420825,97,2.5956836,1170,5.785960815101862,0.2,-0.00032465860567754135,0.00010083942,-0.05246782889007591,4.4211273193359375,1e-05,0.001904296875,0.14470839500427246
238000,2452,119,2000.0,0.1761375,376.71,0.0035016912,18.079868,0.13453357,0.07197779,97,2.9427722,1180,5.574043806642294,0.2,-0.00023873993777669966,8.306882e-05,-0.05179581373231486,2.1033053398132324,1e-05,0.000732421875,0.1606925129890442
240000,2472,120,2000.0,0.18361421,378.16,0.0037908112,17.917887,0.14456697,0.09231927,97,2.4953432,1190,6.869905396550894,0.2,-0.0010504711652174592,0.00036410912,-0.053317710116971284,2.6331522464752197,1e-05,0.008154296875,0.1851169466972351
242000,2493,121,2000.0,0.170081,379.53,0.0030358005,17.590515,0.20609213,0.09222911,97,2.513545,1200,5.33804257363081,0.2,-0.00028457976004574447,0.00010309118,-0.04881874680286273,2.387115955352783,1e-05,0.000341796875,0.13231074810028076
244000,2514,122,2000.0,0.18219784,379.94,0.0012846881,17.447464,0.13725747,0.074669175,97,2.638459,1210,5.330321158841253,0.2,-0.0003243424085667357,0.00013515083,-0.04955164283164777,2.2150862216949463,1e-05,0.002197265625,0.1533219814300537
246000,2534,123,2000.0,0.18813169,381.26,0.0033625418,17.46342,0.11767032,0.05937889,97,2.6661277,1220,6.22430267482996,0.2,-5.317496252246201e-05,6.936604e-05,-0.044115708756726234,4.132950782775879,1e-05,0.000146484375,0.09841233491897583
248000,2555,124,2000.0,0.18478556,383.8,0.0028571,18.175127,0.090212494,0.08238963,97,2.5599613,1230,5.9153471574187275,0.2,-0.00018072621314786376,9.5129246e-05,-0.04367196423118003,2.5074362754821777,1e-05,0.001025390625,0.1666783094406128
250000,2575,125,2000.0,0.18515322,386.02,0.00228388,18.621944,0.18632306,0.0738835,97,2.4667277,1240,5.584762772917747,0.2,-0.0003302059718407691,0.00010521087,-0.043956086155958474,2.4733312129974365,1e-05,0.001025390625,0.14431411027908325
252000,2596,126,2000.0,0.17753083,386.72,0.0018260734,18.159498,0.13873707,0.096351616,97,2.6046252,1250,4.793352580443025,0.2,-0.00010542498202994465,0.000107961736,-0.053785745502682406,2.4136290550231934,1e-05,0.00126953125,0.2032402753829956
254000,2616,127,2000.0,0.18103802,389.36,0.0022847103,18.282211,0.16103582,0.09531886,97,2.6857336,1260,5.369432392716408,0.2,-0.0003073609070270322,0.00012603682,-0.051820694614434615,4.66953182220459,1e-05,0.00107421875,0.20899438858032227
256000,2636,128,2000.0,0.18921706,389.32,0.0011423177,18.231436,0.20422055,0.105077274,97,2.5718372,1270,5.052645879238844,0.2,-0.0004992009664420039,0.00022712431,-0.04515271917916834,1.790409803390503,1e-05,0.0025390625,0.2786862254142761
258000,2657,129,2000.0,0.18271543,390.49,0.0032851847,18.05412,0.28881872,0.08577565,97,2.4732404,1280,5.870141620188951,0.2,-0.00011412690801080317,0.00016275924,-0.0449536370288115,2.7949483394622803,1e-05,0.002685546875,0.10415905714035034
260000,2677,130,2000.0,0.18367521,391.58,0.0029632559,17.391047,0.14756605,0.079008736,97,2.4674506,1290,5.683155208081007,0.2,-0.0006279539054958149,0.0001734395,-0.053744754532817754,1.9646992683410645,1e-05,0.005859375,0.061626315116882324
262000,2697,131,2000.0,0.18554524,392.06,0.0014285287,17.716602,0.10859106,0.06921324,97,2.685985,1300,4.5139130018651485,0.2,-8.460569952148945e-05,6.8080786e-05,-0.03995600783964619,5.4977707862854,1e-05,0.0,0.24756062030792236
264000,2718,132,2000.0,0.17983785,391.44,0.004054459,17.536167,0.1438315,0.082764134,97,2.5097702,1310,5.2017632983624935,0.2,-0.0003628600694355555,0.00010381444,-0.034029732656199484,3.8139455318450928,1e-05,0.0013671875,0.2713305354118347
266000,2738,133,2000.0,0.18403076,391.66,0.0018551326,17.228203,0.1341524,0.12226663,97,2.3129246,1320,5.834066541492939,0.2,-0.0004398470016894862,0.00012919086,-0.040741089440416545,2.2619638442993164,1e-05,0.0029296875,0.08414971828460693
268000,2760,134,2000.0,0.17157109,392.01,0.0022790448,17.33456,0.21335183,0.09849375,97,2.3099291,1330,4.483290694653988,0.2,-0.00019908148387912661,4.284497e-05,-0.034363542322535065,2.3145864009857178,1e-05,0.0009765625,0.16494059562683105
270000,2780,135,2000.0,0.18502446,392.1,0.0022853652,17.448195,0.27623448,0.09328713,97,2.2230682,1340,4.579957222938537,0.2,-0.00010018372267950326,0.00012548029,-0.03238219335325994,2.6317906379699707,1e-05,0.000537109375,0.14760750532150269
272000,2800,136,2000.0,0.17015424,391.86,0.0027119636,17.122105,0.20877555,0.092518665,97,2.588368,1350,4.596258151158691,0.2,-0.0001062888404703699,8.714601e-05,-0.03620412496384233,2.9381203651428223,1e-05,0.00107421875,0.0491412878036499
274000,2820,137,2000.0,0.17799117,392.79,0.0018570994,17.350166,0.24300171,0.06801368,97,2.474277,1360,5.51941250488162,0.2,-0.0003048167534871027,0.00014857363,-0.03539565313258208,3.0263254642486572,1e-05,0.0025390625,0.16400939226150513
276000,2841,138,2000.0,0.18371375,393.56,0.0028551766,18.10094,0.13370435,0.08819287,97,2.7138186,1370,5.567071849107743,0.2,-0.00036121133452979846,7.719276e-05,-0.03572136317961849,2.0480010509490967,1e-05,0.001416015625,0.09296673536300659
278000,2861,139,2000.0,0.18280995,393.65,0.002427639,18.346678,0.21279025,0.05856648,97,2.6335454,1380,6.379062332212925,0.2,-0.0003200955790816806,5.3033582e-05,-0.03209872771985829,2.5260744094848633,1e-05,0.000341796875,0.12752491235733032
280000,2881,140,2000.0,0.18013047,393.51,0.002714235,18.147465,0.15933411,0.06516059,97,2.330795,1390,6.174567711353302,0.2,-0.0004016638617031276,0.000118337135,-0.03202491463162005,9.509260177612305,1e-05,0.002197265625,0.09739750623703003
282000,2901,141,2000.0,0.18633729,394.18,0.003260911,18.230364,0.17300479,0.122331716,97,2.485499,1400,4.836026382446289,0.2,-8.890009776223451e-05,2.5764311e-05,-0.030745564884273335,2.1426844596862793,1e-05,0.0,0.10347193479537964
284000,2922,142,2000.0,0.18836065,394.06,0.004285713,18.28614,0.22314398,0.10088845,97,2.573512,1410,5.250253290683031,0.2,-0.00028595942567335444,0.000115808216,-0.031498446926707405,1.8888853788375854,1e-05,0.0037109375,0.1463099718093872
286000,2942,143,2000.0,0.17725584,394.34,0.003140658,18.398878,0.08753497,0.06606052,97,2.862097,1420,5.600750912725926,0.2,-9.684696415206418e-05,4.4629705e-05,-0.03280184058239684,2.036839723587036,1e-05,0.00068359375,0.15049493312835693
288000,2962,144,2000.0,0.18693496,393.99,0.0028563605,18.431643,0.2574835,0.07965149,97,2.4808187,1430,6.818083224445582,0.2,-6.248916761251167e-05,6.152451e-05,-0.030745998350903393,3.860609531402588,1e-05,0.001171875,0.16393035650253296
290000,2982,145,2000.0,0.18992104,393.94,0.0027190687,18.911242,0.20123969,0.08876149,97,2.6870823,1440,4.682306677475571,0.2,-0.0003248094231821597,0.0001828663,-0.034418718694359994,2.6121702194213867,1e-05,0.001416015625,0.23273587226867676
292000,3003,146,2000.0,0.18591261,393.88,0.0032851775,19.03116,0.19145069,0.06712238,97,2.434648,1450,5.831572768464684,0.2,-0.00030031588103156536,6.381355e-05,-0.030089583981316538,1.119135856628418,1e-05,0.000341796875,0.19586247205734253
294000,3023,147,2000.0,0.18044199,394.85,0.0021315226,19.08039,0.09998468,0.06746859,97,2.8388216,1460,4.895084799081087,0.2,-0.00014569229242624714,7.6208235e-05,-0.03391436784877442,1.8588823080062866,1e-05,0.001416015625,0.16668838262557983
296000,3043,148,2000.0,0.17869025,394.15,0.0019994692,18.74272,0.17015323,0.05411189,97,2.6195564,1470,5.8395910985767845,0.2,-6.324443384073675e-05,8.296149e-05,-0.03383710425114259,3.7472643852233887,1e-05,0.00166015625,0.2589249610900879
298000,3063,149,2000.0,0.18655638,394.77,0.0026932699,19.114265,0.120516144,0.06441271,97,3.123681,1480,5.729955764114857,0.2,-0.00013457798631861807,4.165023e-05,-0.03724442912498489,1.6324883699417114,1e-05,0.00068359375,0.16669052839279175
300000,3083,150,2000.0,0.18306573,395.17,0.0029986405,19.301569,0.1848735,0.10075013,97,2.5342948,1490,6.456008622050286,0.2,-0.00033119499712483955,0.00016746853,-0.03239409335656092,3.538161039352417,1e-05,0.00263671875,0.3281201124191284
302000,3104,151,2000.0,0.19063804,393.97,0.0038554124,18.972963,0.2582672,0.07317699,97,2.3964276,1500,5.024573849141598,0.2,-0.0001316620604484342,4.0755374e-05,-0.03317999003920704,2.549675226211548,1e-05,0.00068359375,0.20807647705078125
304000,3124,152,2000.0,0.18513681,393.36,0.0028556378,19.117746,0.21854039,0.059569117,97,2.8126397,1510,4.612562939897179,0.2,-0.0002409904496744275,8.666192e-05,-0.03517099446617067,1.6082724332809448,1e-05,0.001025390625,0.18764811754226685
306000,3144,153,2000.0,0.18236382,392.32,0.0037137861,18.574308,0.21238026,0.08048396,97,2.9083352,1520,6.148382461071014,0.2,-8.945411391323433e-05,2.8062437e-05,-0.0289728242874844,2.0297677516937256,1e-05,0.00087890625,0.21876347064971924
308000,3165,154,2000.0,0.16823384,392.21,0.002763557,18.379961,0.21615143,0.08595405,97,2.8458714,1530,6.788824833929539,0.2,-0.0004055448778672144,0.00010893989,-0.033520911954110486,2.712759017944336,1e-05,0.00234375,0.19475281238555908
310000,3186,155,2000.0,0.1823616,391.54,0.0023775215,17.828964,0.21894109,0.061991677,97,2.6399806,1540,6.399101896584034,0.2,-0.00021994516428094357,3.1050615e-05,-0.03325361309107393,2.573981285095215,1e-05,0.000439453125,0.19999408721923828
312000,3206,156,2000.0,0.18435937,391.68,0.0029989737,18.141554,0.22569034,0.07383683,97,2.6564026,1550,4.843891960382462,0.2,-0.0006862476700916886,0.00014436693,-0.0273962878389284,2.209357738494873,1e-05,0.00224609375,0.2964022755622864
314000,3227,157,2000.0,0.1774365,391.85,0.0024281342,18.079031,0.1450776,0.0962938,97,2.6929111,1560,5.9331442900002,0.2,-0.00020176931284368038,7.775813e-05,-0.025319102621870114,7.088124752044678,1e-05,0.00146484375,0.15106278657913208
316000,3247,158,2000.0,0.1834711,391.53,0.0044252207,18.252821,0.22844625,0.1082202,97,2.8048003,1570,5.043207777291537,0.2,-0.0003929765342036262,0.00014434394,-0.023726248869206757,1.608323574066162,1e-05,0.003369140625,0.29695749282836914
318000,3267,159,2000.0,0.17636539,391.0,0.003141879,18.008696,0.2734862,0.06767994,97,2.4041326,1580,5.482170925289393,0.2,-7.681332936044782e-05,5.1632203e-05,-0.0252838608721504,5.430166721343994,1e-05,0.000390625,0.3028889298439026
320000,3287,160,2000.0,0.18386093,391.04,0.002328061,17.857416,0.212894,0.10163283,97,2.495532,1590,4.9458347000181675,0.2,-0.0007007530424743891,7.4273295e-05,-0.024564108136110006,1.347270131111145,1e-05,0.0017578125,0.10839039087295532
322000,3308,161,2000.0,0.17446955,390.0,0.0030524996,17.722723,0.1553638,0.047050912,97,2.715988,1600,4.679804261773825,0.2,-0.0002089874615194276,6.776332e-05,-0.02387433114927262,1.9396445751190186,1e-05,0.001416015625,0.23895162343978882
324000,3329,162,2000.0,0.18984018,389.53,0.0018424173,17.665644,0.27684256,0.07802847,97,2.331493,1610,5.490502176433802,0.2,-0.00021387687884271144,0.00015864693,-0.02292712570633739,0.7845255136489868,1e-05,0.002294921875,0.2575628161430359
326000,3349,163,2000.0,0.18190835,388.49,0.0040888586,17.369867,0.18581985,0.08608149,97,2.488729,1620,4.949333941936493,0.2,-0.00036314622266218064,9.298048e-05,-0.023286766654928216,3.4508378505706787,1e-05,0.002392578125,0.07038378715515137
328000,3369,164,2000.0,0.17422691,388.34,0.003717755,17.307682,0.1580585,0.08553684,97,2.3209906,1630,4.770770279318095,0.2,-0.00011976542155025526,0.00023851776,-0.02042417103657499,2.5371406078338623,1e-05,0.000732421875,0.22888785600662231
330000,3390,165,2000.0,0.1787416,387.89,0.002756011,17.281822,0.16059765,0.096388556,97,2.5148888,1640,4.164199328422546,0.2,-0.0003721343629877083,0.00012620099,-0.020075875587644988,1.205370545387268,1e-05,0.000634765625,0.21229875087738037
332000,3410,166,2000.0,0.16966507,386.53,0.002421515,17.092962,0.24873562,0.10370781,97,2.6774585,1650,5.051136484742164,0.2,-0.0002518100489396602,7.6289376e-05,-0.024554547446314245,3.678743600845337,1e-05,0.000634765625,0.19078826904296875
334000,3430,167,2000.0,0.17922236,386.26,0.0023150933,17.110723,0.19497605,0.0773239,97,2.951499,1660,5.524963349848986,0.2,-0.00010772114037536085,5.2770658e-05,-0.02369866443914361,2.0635581016540527,1e-05,0.00087890625,0.22732102870941162
336000,3450,168,2000.0,0.18435434,385.78,0.0031428223,16.869396,0.09377216,0.10021526,97,2.6376266,1670,6.268733977898956,0.2,-0.0005902745324419811,0.00014678546,-0.021620698767947033,2.7273693084716797,1e-05,0.00224609375,0.2690455913543701
338000,3471,169,2000.0,0.18802668,386.82,0.0015248727,17.66415,0.1717067,0.074560255,97,2.7837048,1680,5.05353579968214,0.2,-0.00013442321214824916,3.0467956e-05,-0.024919841295923107,3.2656259536743164,1e-05,0.000341796875,0.2669944763183594
340000,3492,170,2000.0,0.17540926,386.15,0.0024285289,17.837324,0.20158496,0.08512577,97,2.4229045,1690,5.027746408432722,0.2,-0.0005539420468267054,0.00011532026,-0.020491563167888673,1.9011508226394653,1e-05,0.002880859375,0.3477155566215515
342000,3514,171,2000.0,0.17083979,384.82,0.0021311317,17.501,0.19296417,0.062001158,97,2.4461951,1700,4.125995504856109,0.2,-0.0001439970437786542,3.7732185e-05,-0.019309421160141938,1.8892066478729248,1e-05,0.0005859375,0.291309654712677
344000,3536,172,2000.0,0.18426688,385.28,0.0018571063,17.504204,0.26323858,0.12212373,97,2.7075183,1710,4.431890566647053,0.2,-3.208302950952202e-05,2.2021297e-05,-0.018633574908017182,1.34898841381073,1e-05,0.00048828125,0.2539266347885132
346000,3557,173,2000.0,0.17919947,385.29,0.0030714807,17.249453,0.10454389,0.073336765,97,2.6760108,1720,5.341694355010986,0.2,-7.43761076591909e-05,2.0535692e-05,-0.017711993091506884,4.830564022064209,1e-05,0.000341796875,0.2695026397705078
348000,3579,174,2000.0,0.17249063,384.93,0.003259859,17.700296,0.2059464,0.060624048,97,2.5911624,1730,5.42625688239932,0.2,-0.0005598086470854468,0.00013940228,-0.018781784750171938,10.819235801696777,1e-05,0.0009765625,0.23501360416412354
350000,3601,175,2000.0,0.18526135,384.24,0.0038671482,17.4565,0.16178323,0.06560839,97,2.775353,1740,4.701149529963732,0.2,-8.661494211992249e-05,3.1404546e-05,-0.017372040820191614,1.707169532775879,1e-05,0.000830078125,0.29813194274902344
352000,3622,176,2000.0,0.18332449,384.29,0.0021131663,17.729753,0.23984131,0.09063029,97,3.1115944,1750,5.489316590130329,0.2,-3.395382809685543e-05,1.8542865e-05,-0.016792781060212293,2.7137513160705566,1e-05,9.765625e-05,0.2807217240333557
354000,3644,177,2000.0,0.17662269,383.62,0.0035704297,17.43523,0.15874912,0.11832228,97,2.7992046,1760,6.316127055883408,0.2,-0.00027742863749153913,9.5063995e-05,-0.016103097656741738,5.398209571838379,1e-05,0.0017578125,0.3377721905708313
356000,3665,178,2000.0,0.18152444,384.89,0.0020980034,17.552526,0.14211583,0.073762015,97,2.8764775,1770,6.070210182666779,0.2,-6.203631637617946e-05,5.6803343e-05,-0.01709921917936299,2.274965763092041,1e-05,0.000439453125,0.22012335062026978
358000,3686,179,2000.0,0.18293993,384.1,0.0018561298,17.753965,0.19126467,0.09171701,97,2.653231,1780,4.268736073374749,0.2,-0.00016500423953402787,7.5221324e-05,-0.016584013027022594,2.4828293323516846,1e-05,0.00126953125,0.48169922828674316
360000,3707,180,2000.0,0.18302202,384.65,0.0018575576,17.581285,0.17809808,0.071871586,97,3.0055144,1790,5.039959838986396,0.2,-0.00015748374571558088,7.179566e-05,-0.018106508054188453,1.0831888914108276,1e-05,0.001025390625,0.2756398916244507
362000,3729,181,2000.0,0.18503688,384.36,0.0032395162,18.009544,0.1851672,0.074534096,97,2.9377627,1800,4.942759012430907,0.2,-0.00014636604755651205,4.9342838e-05,-0.016054724031710065,2.158806085586548,1e-05,0.00048828125,0.4432485103607178
364000,3749,182,2000.0,0.1674251,384.17,0.003872441,18.012758,0.1810896,0.08140461,97,2.744892,1810,6.2248256303369995,0.2,-1.4957210805732756e-05,1.8233142e-05,-0.01617063970770687,1.9848730564117432,1e-05,0.0001953125,0.26195192337036133
366000,3770,183,2000.0,0.18112926,383.63,0.002859775,18.306547,0.24464361,0.07299134,97,2.9696732,1820,4.151084402948618,0.2,-0.00030341810634126887,0.00013062183,-0.015531664318405091,1.4337140321731567,1e-05,0.0015625,0.4413089156150818
368000,3791,184,2000.0,0.18497774,383.43,0.002712933,17.963133,0.12890522,0.10326465,97,2.8696663,1830,6.511730155348777,0.2,-7.680001726839691e-05,9.128236e-05,-0.014801660986267961,3.3665783405303955,1e-05,0.00068359375,0.2522662878036499
370000,3812,185,2000.0,0.180828,382.18,0.0034053884,17.998707,0.2006539,0.10587378,97,2.9877863,1840,5.688773438334465,0.2,-9.99583804514259e-05,7.438616e-05,-0.015206056858005468,1.8716272115707397,1e-05,0.000732421875,0.3047661781311035
372000,3833,186,2000.0,0.18876505,382.49,0.002845698,18.072891,0.24168454,0.08713701,97,2.859334,1850,6.164186765253544,0.2,-0.00042367156565887855,0.00017471373,-0.015916275055496955,2.0300211906433105,1e-05,0.002490234375,0.3010770082473755
374000,3855,187,2000.0,0.18604998,382.53,0.0028721022,17.901363,0.14110418,0.07007851,97,3.2776704,1860,4.649252999573946,0.2,-0.00017132286448031663,4.0462182e-05,-0.014841908731614239,1.8801060914993286,1e-05,0.000537109375,0.419887900352478
376000,3877,188,2000.0,0.17555167,382.23,0.0036165172,18.1974,0.18794887,0.07361135,96,3.2363656,1870,6.277584262192249,0.2,-0.0002186221885494888,0.000105635845,-0.016326480766292662,5.401880741119385,1e-05,0.001025390625,0.4080010652542114
378000,3898,189,2000.0,0.17839707,382.02,0.0037094317,18.16738,0.24653202,0.08929498,96,2.9233837,1880,5.498678929358721,0.2,-3.621973446570337e-05,2.887458e-05,-0.01756671794428257,1.8789291381835938,1e-05,0.00068359375,0.4597967267036438
380000,3920,190,2000.0,0.17280158,380.81,0.0027545155,17.927517,0.23683584,0.09220023,96,3.0576146,1890,6.60271554812789,0.2,-0.00035390775301493706,0.00010727646,-0.01638336239993805,2.026583671569824,1e-05,0.0025390625,0.19807153940200806
382000,3942,191,2000.0,0.18647112,380.8,0.0029702617,17.78497,0.13105384,0.06638375,96,3.1213424,1900,5.485152041167021,0.2,-0.00013789091899525375,4.1826628e-05,-0.017743829800747336,1.355377197265625,1e-05,0.000732421875,0.4030601382255554
384000,3963,192,2000.0,0.175445,379.64,0.0018016302,17.281052,0.22196157,0.10063645,96,2.7313063,1910,5.852622994035483,0.2,-0.00024236580939032137,5.131794e-05,-0.018352298345416785,3.7292823791503906,1e-05,0.001171875,0.39449799060821533
386000,3984,193,2000.0,0.17711547,379.06,0.0019509328,17.160093,0.21623473,0.070927106,96,3.0378509,1920,5.218224614858627,0.2,-0.0001090911595383659,3.5980134e-05,-0.017569204288884067,2.434290885925293,1e-05,0.00029296875,0.2916662096977234
388000,4006,194,2000.0,0.17811707,377.9,0.0037437316,17.056063,0.23367108,0.08698881,96,2.6612856,1930,5.08070443123579,0.2,-6.859175628051161e-05,3.4213066e-05,-0.015928471434745007,2.1143441200256348,1e-05,0.00048828125,0.44591158628463745
390000,4027,195,2000.0,0.17715563,377.86,0.0038948627,16.872906,0.23085666,0.07427737,96,2.4470713,1940,4.705632058158517,0.2,-7.010152767179534e-05,2.6510796e-05,-0.017089103392208926,2.13143253326416,1e-05,0.000390625,0.3371056318283081
392000,4048,196,2000.0,0.18593177,378.34,0.002427044,17.645823,0.18761006,0.09138434,96,2.749,1950,4.255421321839094,0.2,-0.00014474484487436712,6.403518e-05,-0.01711733212287072,1.97218656539917,1e-05,0.001416015625,0.2549062967300415
394000,4068,197,2000.0,0.18411246,377.03,0.001401345,17.489145,0.08728122,0.06006524,96,2.454078,1960,5.51381006911397,0.2,-8.379937207791954e-05,6.1003782e-05,-0.01602400284027681,3.021134376525879,1e-05,0.001513671875,0.27031421661376953
396000,4089,198,2000.0,0.1771778,376.17,0.004142319,17.339401,0.2556457,0.08229511,96,2.532933,1970,5.185530867800116,0.2,1.568072329973802e-05,3.6381243e-06,-0.017098648738465273,9.50692367553711,1e-05,0.0,0.13408029079437256
398000,4109,199,2000.0,0.19098835,375.98,0.0033615641,17.203274,0.20722105,0.081936195,96,3.0155928,1980,5.72686925753951,0.2,-4.1590903128962965e-05,2.8932292e-05,-0.018348426528973505,2.799159288406372,1e-05,0.00029296875,0.0860636830329895
400000,4129,200,2000.0,0.16646503,375.77,0.0032346966,17.088938,0.19977398,0.080823235,96,2.7465115,1990,6.7931109048426155,0.2,-0.0004493763262871653,0.00012851963,-0.01856944744940847,9.356685638427734,1e-05,0.002197265625,0.2382219433784485
402000,4150,201,2000.0,0.17663996,375.4,0.0041222023,16.700672,0.14941254,0.07803161,96,2.2629824,2000,6.093367719650269,0.2,-0.0001489048183429986,5.1783165e-05,-0.019387870424543506,2.7284774780273438,1e-05,0.00068359375,0.18710565567016602
404000,4170,202,2000.0,0.17362656,374.76,0.002142807,16.725315,0.2091773,0.07569051,96,2.4712853,2010,4.227011154964567,0.2,-0.0001108340555219911,4.3920503e-05,-0.020122074300888925,3.4130046367645264,1e-05,9.765625e-05,0.16221243143081665
406000,4190,203,2000.0,0.18325531,375.13,0.0021563112,16.764715,0.18434551,0.07057255,96,2.4385965,2020,5.4938843958079815,0.2,-0.00026344211073592305,8.539576e-05,-0.021210840449202805,4.405240535736084,1e-05,0.000732421875,0.08738303184509277
408000,4210,204,2000.0,0.178929,375.35,0.0037119335,16.902832,0.13313898,0.08961718,96,2.2214394,2030,4.722136388719082,0.2,-0.0001225368760060519,3.8828322e-05,-0.01928277401602827,2.126007080078125,1e-05,0.000390625,0.19158923625946045
410000,4231,205,2000.0,0.18286288,376.24,0.0027133215,17.529905,0.16954966,0.0766108,96,2.6651268,2040,4.552984704077244,0.2,-0.00013295740500325338,3.0984986e-05,-0.02024532928771805,1.6492536067962646,1e-05,0.00068359375,0.06827491521835327
412000,4251,206,2000.0,0.18098284,377.61,0.0022856637,18.596668,0.12080117,0.077154934,96,2.640974,2050,5.227289560437202,0.2,4.95891144964844e-06,2.7827395e-05,-0.02122558910632506,2.4852681159973145,1e-05,0.000390625,0.25873154401779175
414000,4271,207,2000.0,0.1864004,377.39,0.0034642702,18.9802,0.22645712,0.064607404,96,2.4606752,2060,5.836926178634167,0.2,-0.00012775705981766806,7.03955e-05,-0.02078115216572769,3.8856701850891113,1e-05,0.000537109375,0.15844863653182983
416000,4292,208,2000.0,0.18282795,377.21,0.0033281916,18.459303,0.27020136,0.07983037,96,2.5668454,2070,5.043314190208912,0.2,-0.0006150504050310701,0.000113989954,-0.017690985999070107,1.9905891418457031,1e-05,0.003173828125,0.15758639574050903
418000,4312,209,2000.0,0.17541116,376.79,0.0023129229,18.028135,0.20287597,0.074229494,96,2.4560082,2080,5.187738199532032,0.2,-6.022554007358849e-05,9.085826e-05,-0.020105513447197153,1.1423912048339844,1e-05,0.00078125,0.19131332635879517
420000,4332,210,2000.0,0.18816622,378.06,0.0032620134,18.487085,0.111615114,0.07404472,96,2.8288035,2090,5.247301588207483,0.2,-0.0002104742161463946,6.8786205e-05,-0.02278791596472729,4.225415229797363,1e-05,0.0009765625,0.12468069791793823
422000,4353,211,2000.0,0.18227802,378.91,0.0017132602,18.995523,0.20156744,0.07304696,96,2.6333957,2100,6.013598442822695,0.2,-0.00014836591581115499,6.668919e-05,-0.02592473782133311,2.6408934593200684,1e-05,0.0013671875,0.24132567644119263
424000,4373,212,2000.0,0.18094613,378.31,0.0021423325,19.07986,0.22612736,0.08152448,96,2.8190992,2110,5.654013247787953,0.2,-8.524988952558487e-05,2.1565356e-05,-0.02435928154736757,1.9845857620239258,1e-05,0.0001953125,0.1767471432685852
426000,4393,213,2000.0,0.17701128,378.19,0.0027237018,18.728636,0.23568767,0.090648055,96,2.391882,2120,6.896708385646344,0.2,-0.00018709480646066367,4.742699e-05,-0.022031866759061814,3.232515573501587,1e-05,0.000244140625,0.1319139003753662
428000,4414,214,2000.0,0.18709119,379.12,0.003465895,18.78144,0.17598091,0.061508186,96,2.8970425,2130,4.9138360224664215,0.2,3.0499989225063474e-05,5.722104e-07,-0.021188603772316128,1.5042954683303833,1e-05,0.000146484375,0.12999176979064941
430000,4434,215,2000.0,0.18143688,378.51,0.0021261303,18.840418,0.22752856,0.05844992,96,2.8105257,2140,6.048798783123493,0.2,-0.00010828715167008341,4.557715e-05,-0.021060014495742508,1.7556045055389404,1e-05,0.00048828125,0.26277583837509155
432000,4454,216,2000.0,0.1765194,378.59,0.003954241,18.35855,0.14750886,0.09496485,96,2.421095,2150,5.863626386225223,0.2,-7.853558636270464e-05,1.7352606e-05,-0.02204350597166922,1.1759188175201416,1e-05,9.765625e-05,0.24716168642044067
434000,4475,217,2000.0,0.17904595,377.7,0.0008571,17.853281,0.12949419,0.07851306,96,2.5857775,2160,4.370635317265988,0.2,-0.0004694634015322663,0.00014418561,-0.021274032324436122,3.7928314208984375,1e-05,0.00322265625,0.2354373335838318
436000,4495,218,2000.0,0.18600516,377.05,0.0030354753,17.897509,0.15474014,0.07342354,96,2.4854767,2170,5.645935119688511,0.2,-1.063960517058149e-05,9.474694e-06,-0.0213016219669953,3.4611291885375977,1e-05,0.0,0.15527838468551636
438000,4515,219,2000.0,0.18186238,378.07,0.0024275384,18.086937,0.23098658,0.08149568,96,2.4939747,2180,5.634438946470619,0.2,-0.0003861004748614505,4.983996e-05,-0.019677075822255575,2.9680025577545166,1e-05,0.001318359375,0.0751003623008728
440000,4536,220,2000.0,0.18527001,377.64,0.004125845,17.623137,0.10638487,0.09026197,96,2.4363437,2190,4.94623843356967,0.2,-0.00014967117604101077,3.7287915e-05,-0.01774076397123281,3.3043105602264404,1e-05,4.8828125e-05,0.19762039184570312
442000,4556,221,2000.0,0.18579651,379.29,0.0026787843,18.086424,0.13493487,0.07288179,97,2.6995478,2200,4.688550634682178,0.2,-7.171510515036061e-05,3.6906218e-05,-0.01734443371242378,6.91464900970459,1e-05,0.000732421875,0.20335882902145386
444000,4576,222,2000.0,0.18208176,380.52,0.002941517,18.966719,0.14321978,0.099611126,97,2.520847,2210,5.274704213812948,0.2,-0.00010609802266117185,2.5798101e-05,-0.01644919308600947,1.4929447174072266,1e-05,0.00029296875,0.2816457152366638
446000,4597,223,2000.0,0.18355352,380.67,0.0030950503,19.610765,0.25457212,0.065592095,97,2.2280154,2220,4.870975151658058,0.2,-0.00014258466108003632,4.644197e-05,-0.0152645497553749,2.3987181186676025,1e-05,0.0013671875,0.22867703437805176
448000,4617,224,2000.0,0.18284325,380.36,0.003140581,19.11718,0.11162765,0.08547366,97,2.4621344,2230,4.555835327506065,0.2,-0.00041287519125035035,0.00044943905,-0.016914697393076494,1.4982627630233765,1e-05,0.0021484375,0.05702483654022217
450000,4637,225,2000.0,0.17677459,379.38,0.0022856637,18.881613,0.17520294,0.102665,97,2.4323986,2240,5.268152979016304,0.2,-0.00026467827265150843,4.1318708e-05,-0.021484502279781735,2.4289133548736572,1e-05,0.001904296875,0.12134426832199097
452000,4658,226,2000.0,0.18645136,379.32,0.0028536275,18.618782,0.2796526,0.07601212,97,2.4632096,2250,5.1013328664004804,0.2,-0.00026476646453374995,0.00012478794,-0.01959103082481306,2.010472297668457,1e-05,0.001611328125,0.14078307151794434
454000,4678,227,2000.0,0.18165854,379.27,0.0028557582,18.288937,0.19704242,0.11630837,97,2.611153,2260,5.259842205047607,0.2,-0.0008180386677850038,0.0002500109,-0.017982090180157683,2.0120368003845215,1e-05,0.003076171875,0.12165284156799316
456000,4698,228,2000.0,0.1848994,379.52,0.0034943556,18.323313,0.28256762,0.06979573,97,2.5359716,2270,6.129047847539186,0.2,-0.00025615683698561044,0.00026948343,-0.0184193621535087,2.405869245529175,1e-05,0.002685546875,0.08848804235458374
458000,4719,229,2000.0,0.18633373,379.62,0.004137662,18.040964,0.18856369,0.12297252,97,2.5207992,2280,5.27455649599433,0.2,-0.00013603746774606406,6.6861685e-05,-0.01799972052394878,5.171682357788086,1e-05,0.0013671875,0.16396623849868774
460000,4739,230,2000.0,0.1834097,379.92,0.00246804,18.12747,0.21126874,0.084310465,97,2.2564354,2290,5.840337079018354,0.2,-8.10856930911541e-05,2.2197288e-05,-0.019293415074935184,2.3124356269836426,1e-05,0.000146484375,0.06433522701263428
462000,4760,231,2000.0,0.1870126,379.79,0.0029188094,18.176842,0.18511325,0.054795347,97,2.6316407,2300,4.883525586873293,0.2,-1.429861003998667e-05,1.3018987e-05,-0.020063309368561023,1.6637325286865234,1e-05,0.000341796875,0.03585726022720337
464000,4780,232,2000.0,0.17774737,380.73,0.0028551808,18.33666,0.22074783,0.08242679,97,2.5086296,2310,5.8080814249813555,0.2,-0.0001579754170961678,0.00010113773,-0.020168045471655204,8.709760665893555,1e-05,0.001513671875,0.16310298442840576
466000,4800,233,2000.0,0.18511687,381.25,0.0022856647,18.298262,0.16871485,0.09444865,97,2.5796087,2320,5.6910657323896885,0.2,-0.0002813010782119818,3.8353755e-05,-0.022428847383707762,1.6621617078781128,1e-05,0.0013671875,0.07459008693695068
468000,4821,234,2000.0,0.17884387,381.59,0.002284686,18.55582,0.18745631,0.104137614,97,2.4924412,2330,5.334341274574399,0.2,-0.0002239179244497791,6.658814e-05,-0.024997225773404352,0.7355577945709229,1e-05,0.00185546875,0.18417507410049438
470000,4841,235,2000.0,0.174945,381.11,0.004047776,18.244226,0.21484722,0.09091028,97,2.4910493,2340,5.07605032324791,0.2,-0.0003631565734394826,0.00011058635,-0.020507019542856143,2.094780445098877,1e-05,0.00322265625,0.1724877953529358
472000,4861,236,2000.0,0.18506543,381.89,0.0028561086,18.337986,0.13932456,0.09273926,97,2.5847664,2350,5.088548646867276,0.2,-0.00011177248961757869,4.9771537e-05,-0.016942922890302727,8.695277214050293,1e-05,0.000146484375,0.17717498540878296
474000,4882,237,2000.0,0.18918924,382.29,0.001570889,18.553185,0.09300284,0.057919014,97,2.6687536,2360,5.600695176422596,0.2,-0.00011912958216271363,2.8904964e-05,-0.018208724611031357,2.7063095569610596,1e-05,0.0001953125,0.15682214498519897
476000,4902,238,2000.0,0.18340524,381.57,0.0021418468,18.867891,0.15397978,0.086352296,97,2.7311215,2370,5.66216350197792,0.2,-0.00038797133311163634,5.0840725e-05,-0.015886635854258202,2.6576967239379883,1e-05,0.00087890625,0.20124417543411255
478000,4923,239,2000.0,0.18262726,381.46,0.0025008766,18.94939,0.23995063,0.086166814,97,2.3852274,2380,5.969126654416323,0.2,-3.224796673748642e-05,2.7320959e-05,-0.01578271125908941,1.5272351503372192,1e-05,0.000244140625,0.20045959949493408
480000,4943,240,2000.0,0.1720197,380.77,0.0028984009,18.218449,0.17003572,0.09351057,97,2.3482187,2390,4.491853084415197,0.2,-0.0004648382411687635,0.00021199972,-0.016085589161957615,5.218327045440674,1e-05,0.00302734375,0.20457720756530762
482000,4963,241,2000.0,0.19014199,380.28,0.0014273789,17.666862,0.079358906,0.073305205,97,2.4314919,2400,5.262087910622358,0.2,-8.653841796331107e-05,2.7176196e-05,-0.016064191126497464,2.0226852893829346,1e-05,0.00029296875,0.024815678596496582
484000,4984,242,2000.0,0.17921919,380.7,0.0024266534,18.116676,0.15841971,0.0910189,97,2.8082395,2410,5.251157328486443,0.2,-1.3474342995323241e-05,1.09955145e-05,-0.016649370567756706,1.8456469774246216,1e-05,9.765625e-05,0.10052156448364258
486000,5004,243,2000.0,0.18371779,380.76,0.0024802021,18.288462,0.20198065,0.06570187,97,2.7197006,2420,5.644774875789881,0.2,-0.0001322179043199867,0.00022407513,-0.014991406898479909,1.0408976078033447,1e-05,0.001904296875,0.2510049343109131
488000,5024,244,2000.0,0.17609657,380.43,0.0038511194,18.203094,0.2355748,0.050833967,97,2.4324439,2430,5.870951469615102,0.2,-1.6040471382439137e-05,4.2478758e-05,-0.01599784435820766,3.096128463745117,1e-05,4.8828125e-05,0.1906200647354126
490000,5045,245,2000.0,0.1752188,378.9,0.0025704142,18.023386,0.18943675,0.1150872,97,2.5115583,2440,5.064488971605897,0.2,-9.08125177375041e-05,0.0001353971,-0.018032779233180918,2.4574451446533203,1e-05,0.00107421875,0.13981479406356812
492000,5065,246,2000.0,0.18328884,378.66,0.0023205539,17.592337,0.15207988,0.08401423,97,2.429736,2450,5.760050510987639,0.2,-0.00027322779642418026,0.00012021142,-0.019830482298857532,0.8647879958152771,1e-05,0.00107421875,0.05559772253036499
494000,5085,247,2000.0,0.1880701,378.23,0.0024281617,17.863148,0.16662182,0.082742885,97,2.1994693,2460,5.225809451192617,0.2,-4.6757890959270296e-05,1.4784717e-05,-0.01854280348052271,1.3539059162139893,1e-05,4.8828125e-05,0.10486286878585815
496000,5107,248,2000.0,0.18673584,378.88,0.002436487,17.950407,0.19598763,0.07256377,97,2.417779,2470,4.831309838220477,0.2,-0.00018736269848886877,0.00021130405,-0.018147307724575512,1.6766432523727417,1e-05,0.00263671875,-0.027804851531982422
498000,5128,249,2000.0,0.1773449,377.55,0.0024759953,17.727419,0.18620084,0.09117234,97,2.6664102,2480,5.038612691685557,0.2,-0.00022796988778281957,0.000103212486,-0.01832861666625831,2.1833109855651855,1e-05,0.001904296875,0.12828302383422852
500000,5151,250,2000.0,0.1857428,378.05,0.0017732066,18.17379,0.1614664,0.06627366,97,2.4041736,2490,6.21750600039959,0.2,-6.9722984335385265e-06,2.214461e-05,-0.019730544005869887,2.5118110179901123,1e-05,0.00048828125,0.12280803918838501
502000,5173,251,2000.0,0.17497496,378.11,0.002294746,18.280642,0.1541182,0.081614435,97,2.4464273,2500,5.155324636399746,0.2,-2.9742490733042358e-05,4.181909e-05,-0.01958896805590484,1.2287410497665405,1e-05,0.0001953125,0.10649734735488892
504000,5194,252,2000.0,0.18086527,377.71,0.0021423802,18.370378,0.22604047,0.09100399,97,2.4966257,2510,5.062018402665854,0.2,-0.00023125918523874133,5.344092e-05,-0.019656442650011742,9.905882835388184,1e-05,0.000537109375,0.14563298225402832
506000,5215,253,2000.0,0.18339506,377.43,0.002445076,17.500265,0.07187016,0.07823367,97,2.4066632,2520,5.961762755364179,0.2,-0.00026865686668315903,9.146519e-05,-0.020652159038581884,1.9998383522033691,1e-05,0.0017578125,0.018102526664733887
508000,5236,254,2000.0,0.17636587,377.03,0.0040175053,17.200089,0.14083496,0.056899104,97,2.2949176,2530,5.419519765302539,0.2,-0.00017719807219691576,1.7045735e-05,-0.01986666153825354,1.6650364398956299,1e-05,0.000537109375,0.05814921855926514
510000,5258,255,2000.0,0.18875343,377.19,0.0029249513,16.98473,0.1019246,0.06600809,96,2.5132952,2540,4.760833441466093,0.2,-0.00027213528228458016,0.00012798642,-0.01964350470516365,1.1922049522399902,1e-05,0.00107421875,0.08804041147232056
512000,5279,256,2000.0,0.17388248,376.59,0.0022469107,17.140167,0.12759608,0.075051434,96,2.5432248,2550,5.1046901229768995,0.2,-0.0001510970207164064,5.1940617e-05,-0.017484395764768124,0.565910279750824,1e-05,0.0013671875,0.1748766303062439
514000,5300,257,2000.0,0.1853422,376.45,0.0025070417,17.052721,0.11076504,0.0617842,96,2.5173197,2560,5.9078169513493775,0.2,-0.00010172679176321254,3.6881305e-05,-0.01624276509974152,2.683457374572754,1e-05,0.00029296875,0.07443499565124512
516000,5321,258,2000.0,0.1730117,375.82,0.0044280547,17.113297,0.20581873,0.07089461,96,2.3491244,2570,5.28433585613966,0.2,-0.0004183142737019807,0.00010534059,-0.01619945189158898,1.2995647192001343,1e-05,0.0021484375,0.14108341932296753
518000,5343,259,2000.0,0.18775608,376.32,0.0028571,17.040674,0.17399417,0.08069573,96,2.3083282,2580,5.1930363669991495,0.2,-0.0001522258186014369,6.0585036e-05,-0.016305988977546804,1.8361878395080566,1e-05,0.00107421875,0.04170382022857666
520000,5363,260,2000.0,0.16804771,375.89,0.0034036222,16.939077,0.110720046,0.07402535,96,2.4426827,2590,4.563337284326553,0.2,5.8086588978767395e-06,7.191178e-06,-0.016609552066074684,1.5893394947052002,1e-05,0.0,0.13985377550125122
522000,5384,261,2000.0,0.18629433,376.47,0.0017133035,17.466715,0.21228276,0.12953116,96,2.4597924,2600,5.553518951684237,0.2,-0.0001487224202719517,2.3808883e-05,-0.01575749856128823,3.273000717163086,1e-05,0.000634765625,0.06462538242340088
524000,5405,262,2000.0,0.18149537,376.82,0.0032672144,17.84241,0.28029078,0.10394341,96,2.397371,2610,5.332776553183794,0.2,-9.176946914521978e-05,1.7899816e-05,-0.018408208811888472,2.73614239692688,1e-05,0.000390625,0.10544240474700928
526000,5428,263,2000.0,0.1915839,377.81,0.0017873202,18.063444,0.1727782,0.077974774,96,2.7237415,2620,5.256054744869471,0.2,-0.0002714275906328112,7.1427e-05,-0.01904770362598356,1.814810872077942,1e-05,0.001513671875,0.07760322093963623
528000,5449,264,2000.0,0.17661864,377.77,0.002886271,18.084362,0.14969294,0.09537682,96,2.2828739,2630,6.61280702650547,0.2,-0.00016702719731256365,0.00021907297,-0.019567183632170783,3.4653193950653076,1e-05,0.00146484375,0.11040240526199341
530000,5470,265,2000.0,0.18065475,378.52,0.002550618,18.421087,0.25940147,0.06648042,96,2.677137,2640,4.643552462011575,0.2,-0.0001711805904051289,0.00014536548,-0.025985205787583253,3.1056275367736816,1e-05,0.0021484375,0.09896332025527954
532000,5491,266,2000.0,0.18703927,379.3,0.0023769834,18.573294,0.21653862,0.11034561,96,2.6609373,2650,7.010510466247797,0.2,-0.00018476207042112948,7.69945e-05,-0.021642254354082978,3.4263956546783447,1e-05,0.000830078125,0.0068749189376831055
534000,5511,267,2000.0,0.18368737,379.12,0.0021428068,18.33134,0.13517389,0.08001265,96,2.6004725,2660,5.581127853691578,0.2,-0.00011046017170883715,7.028456e-05,-0.0206325737060979,3.6319754123687744,1e-05,0.00048828125,0.17518842220306396
536000,5532,268,2000.0,0.18779363,379.64,0.0018319464,18.59093,0.21899024,0.06575567,96,2.3923085,2670,5.737593553960323,0.2,-0.0002181454299716279,0.00012248245,-0.020007046438695397,2.481844663619995,1e-05,0.0015625,0.13264167308807373
538000,5554,269,2000.0,0.17437755,378.52,0.0033252914,18.46512,0.14947426,0.0980001,96,2.0750034,2680,4.9410118326544765,0.2,-0.00021619332546833902,8.463822e-05,-0.01678497164102737,7.18392276763916,1e-05,0.00126953125,0.14500808715820312
540000,5574,270,2000.0,0.17572556,378.26,0.0035270657,17.957773,0.21567674,0.08632878,96,2.6343212,2690,4.075373871996999,0.2,-6.113317795097828e-05,6.31056e-05,-0.015588411837234162,0.8900095224380493,1e-05,0.000830078125,0.021716654300689697
542000,5595,271,2000.0,0.18750562,379.22,0.0032860246,18.089146,0.13179627,0.07018875,96,2.4726818,2700,5.694004023075104,0.2,-0.00027334896731190383,8.6913846e-05,-0.015429258023505098,1.143592357635498,1e-05,0.00244140625,0.17244571447372437
544000,5616,272,2000.0,0.19195515,379.73,0.0028607291,18.360949,0.1535018,0.07681514,96,2.6979516,2710,5.161666449904442,0.2,-0.00012258404167369007,6.759964e-05,-0.013811809016624465,1.3230805397033691,1e-05,0.000537109375,0.14532333612442017
546000,5637,273,2000.0,0.17651856,379.12,0.0050507747,18.371214,0.24891582,0.10315084,96,2.1731684,2720,5.40273315012455,0.2,-0.00018135741993319243,6.545879e-05,-0.013702289431239478,1.848365306854248,1e-05,0.002197265625,0.24315857887268066
548000,5657,274,2000.0,0.18162164,379.09,0.0027332979,17.749588,0.10853566,0.072228484,96,2.547346,2730,4.433848964422941,0.2,-0.0003498629434034228,0.00028166414,-0.01587846108013764,1.29497492313385,1e-05,0.00078125,0.045320749282836914
550000,5679,275,2000.0,0.1749465,379.41,0.002428529,18.004845,0.14991744,0.080178075,96,2.4582617,2740,5.23053005412221,0.2,-0.00017296351725235582,0.00022591508,-0.020250961321289652,2.245173454284668,1e-05,0.00078125,0.18715471029281616
552000,5700,276,2000.0,0.18626343,379.58,0.0019971959,18.05763,0.10766875,0.053468026,96,2.6739,2750,5.440429814532399,0.2,-5.802637169836089e-05,1.0040734e-05,-0.02178260905784555,3.2883026599884033,1e-05,0.000244140625,0.0798414945602417
554000,5722,277,2000.0,0.17289248,379.67,0.003795662,18.02755,0.19047824,0.073288664,96,2.403409,2760,6.034201217442751,0.2,-0.0004147408559219912,0.00016666748,-0.01978039040986914,3.2402453422546387,1e-05,0.003271484375,0.14780443906784058
556000,5742,278,2000.0,0.18240276,379.08,0.0027221413,18.010363,0.16110267,0.06664739,96,2.6146157,2770,5.556573338061571,0.2,-7.034274749457836e-05,3.8522412e-05,-0.021828301111236216,2.0503134727478027,1e-05,0.0,0.031340956687927246
558000,5763,279,2000.0,0.18900007,379.27,0.0034209841,18.053684,0.21198179,0.078542076,96,2.7146404,2780,5.416158042103052,0.2,-0.00010621258697938175,5.3081923e-05,-0.01950827529653907,3.003615617752075,1e-05,0.00078125,0.19057971239089966
560000,5784,280,2000.0,0.17185298,378.79,0.0037007232,18.0525,0.20714346,0.1275513,96,2.4900203,2790,5.851984887570143,0.2,-0.0002414325892459601,0.00012586726,-0.018292894680052997,2.5296919345855713,1e-05,0.001904296875,0.18931400775909424
562000,5805,281,2000.0,0.1773824,378.82,0.0032847205,18.005177,0.19033341,0.090289205,96,2.649518,2800,5.2338568829,0.2,-0.00010483916557859629,7.951373e-05,-0.01763247243943624,2.359557628631592,1e-05,0.001220703125,0.1348831057548523
564000,5825,282,2000.0,0.18474682,379.14,0.0035374023,18.30909,0.27401564,0.093518026,96,2.5631764,2810,5.659989920258522,0.2,-0.00021249605488264932,5.741205e-05,-0.017233466208563187,1.4346630573272705,1e-05,0.001318359375,0.1922224760055542
566000,5846,283,2000.0,0.1830803,378.9,0.0025894693,18.207273,0.18503945,0.08993758,96,2.5626144,2820,5.671073656529188,0.2,-0.00025523440417600795,0.00013189265,-0.018215030673309228,1.3450126647949219,1e-05,0.001708984375,0.14496994018554688
568000,5866,284,2000.0,0.17660911,378.92,0.0015174372,18.162575,0.13168155,0.08545094,96,2.6292837,2830,5.719429191201925,0.2,-8.824039832688868e-06,4.2336324e-05,-0.017745122816995716,1.9791088104248047,1e-05,0.0,0.11849510669708252
570000,5887,285,2000.0,0.18292755,379.54,0.0019986618,18.28375,0.19182499,0.100847706,96,2.6278083,2840,5.463153999298811,0.2,-6.956593642826192e-05,3.6793936e-05,-0.018898056983016432,1.187678337097168,1e-05,0.001708984375,0.19806599617004395
572000,5909,286,2000.0,0.1820471,379.53,0.0025684463,18.438932,0.11979411,0.09728772,96,2.5994928,2850,5.017713912576437,0.2,-2.2653970518149436e-05,1.4234625e-05,-0.01992077267204877,1.7721625566482544,1e-05,0.0001953125,0.2678673267364502
574000,5930,287,2000.0,0.1828841,379.82,0.0039581293,18.446188,0.10495145,0.08194066,96,2.8968155,2860,5.502789602428675,0.2,-0.00015634422888979315,4.2592932e-05,-0.02055874138022773,1.9204676151275635,1e-05,0.000634765625,0.1754283308982849
576000,5952,288,2000.0,0.18099676,380.05,0.003527285,18.750523,0.1653049,0.071203336,96,2.7087667,2870,5.765913607925176,0.2,-1.724227622617036e-05,3.810809e-05,-0.018777114344993608,2.054586887359619,1e-05,0.000341796875,0.30291247367858887
578000,5974,289,2000.0,0.17650215,379.8,0.0024729422,18.635872,0.18257126,0.072802976,96,3.0386684,2880,5.156127170100808,0.2,-0.0002020376778091304,5.61153e-05,-0.017979860166087748,2.4449656009674072,1e-05,0.00107421875,0.28495925664901733
580000,5995,290,2000.0,0.17935786,379.09,0.002799984,17.920156,0.15626235,0.08126697,96,2.4826384,2890,6.235320795327425,0.2,-0.000176732889667619,4.5884837e-05,-0.018384282104671003,2.6768946647644043,1e-05,0.00087890625,0.30488163232803345
582000,6016,291,2000.0,0.17501597,379.8,0.002583221,17.893593,0.21703257,0.09606355,96,2.3593357,2900,5.018131977319717,0.2,-8.063627174124122e-05,0.0002870764,-0.020583060383796693,1.9802298545837402,1e-05,0.001318359375,0.15505701303482056
584000,6040,292,2000.0,0.18597126,380.76,0.0025708906,18.016418,0.16077726,0.10922503,96,2.4921114,2910,4.541319824010134,0.2,-0.00022533516312250867,6.1206374e-05,-0.02040216931782197,1.8548885583877563,1e-05,0.00146484375,0.1837865114212036
586000,6066,293,2000.0,0.17453295,380.8,0.0033227382,18.145557,0.19040275,0.09144548,96,2.575736,2920,4.9259740196168424,0.2,-5.464849818963558e-05,8.700328e-06,-0.02023052221920807,3.749058723449707,1e-05,0.00068359375,0.20491981506347656
588000,6091,294,2000.0,0.1761585,382.08,0.0022607865,18.412542,0.101858996,0.06446863,96,3.0815797,2930,5.41662301979959,0.2,-0.00023054401972331107,4.1453924e-05,-0.02231462589406874,1.7927416563034058,1e-05,0.000390625,0.17919403314590454
590000,6116,295,2000.0,0.17982832,381.75,0.0024285289,18.436895,0.0929002,0.067005835,96,2.6959848,2940,6.416777535527944,0.2,-0.0005393166531575844,0.0002890986,-0.022660813643597066,4.929145336151123,1e-05,0.00390625,0.3195822238922119
592000,6141,296,2000.0,0.17945969,380.73,0.0012856789,18.382294,0.08544849,0.054646946,96,2.6355162,2950,5.488030436635017,0.2,-0.00037488469388335943,0.00015261956,-0.021257702526054346,7.550758361816406,1e-05,0.002685546875,0.2448052167892456
594000,6166,297,2000.0,0.18272644,381.01,0.0035485553,18.594276,0.2980753,0.06915741,96,2.4596689,2960,5.000512004643679,0.2,-9.566028747940437e-05,6.0784805e-05,-0.01997926918847952,2.283029079437256,1e-05,0.000537109375,0.27215641736984253
596000,6191,298,2000.0,0.18913779,381.58,0.002318503,18.181982,0.15839852,0.07816186,96,2.5333219,2970,4.642378612980247,0.2,-0.00024971605889732016,7.5758435e-05,-0.022286589827854187,5.1324663162231445,1e-05,0.000830078125,0.2320234179496765
598000,6217,299,2000.0,0.18469262,381.61,0.003634082,18.47568,0.24760605,0.10478485,96,2.5635166,2980,4.763958196341991,0.2,-6.158311734907329e-05,3.0028925e-05,-0.023098415869753808,1.5104825496673584,1e-05,0.0005859375,0.2405039668083191
600000,6242,300,2000.0,0.18046239,381.8,0.003443035,17.936346,0.13444412,0.073256016,96,2.610772,2990,4.904225141555071,0.2,-0.00010746310872491449,4.5673165e-05,-0.023055054037831722,2.1424694061279297,1e-05,0.0009765625,0.23689419031143188
602000,6268,301,2000.0,0.18715622,382.62,0.002428062,18.20907,0.21653283,0.08527293,96,2.639989,3000,5.082708937674761,0.2,-0.0003312490967800841,9.052068e-05,-0.02345478996867314,1.815322995185852,1e-05,0.003515625,0.24069637060165405
604000,6293,302,2000.0,0.18727267,383.83,0.0022833606,18.614925,0.22577578,0.11887383,95,2.5038457,3010,5.466551673412323,0.2,-0.00012187367537990213,0.00012694267,-0.022928410698659717,9.785555839538574,1e-05,0.00107421875,0.21657228469848633
606000,6317,303,2000.0,0.1833242,383.95,0.0033235168,18.943346,0.22347325,0.07943446,95,2.8316803,3020,5.638753925263882,0.2,-0.00014808818232268096,7.798444e-05,-0.02277061647037044,5.586319923400879,1e-05,0.00146484375,0.09835469722747803
608000,6340,304,2000.0,0.18342969,383.75,0.0025055541,18.733036,0.210082,0.093763955,95,2.7472908,3030,5.913190158456564,0.2,-0.000133755526621826,5.9969636e-05,-0.024107621429720894,1.1717908382415771,1e-05,0.0009765625,0.25035685300827026
610000,6362,305,2000.0,0.18274339,383.19,0.0027173434,18.361153,0.2156166,0.09036467,95,2.800095,3040,5.674577625095845,0.2,-0.00011016305943485349,9.651878e-05,-0.025070899876300245,2.094897508621216,1e-05,0.00146484375,0.23757880926132202
612000,6384,306,2000.0,0.18260908,382.17,0.0020184445,18.56373,0.14810194,0.07492369,95,3.1202805,3050,4.907066422700882,0.2,-0.0002225852251285687,8.093595e-05,-0.022650185989914463,1.417716145515442,1e-05,0.00224609375,0.36984091997146606
614000,6409,307,2000.0,0.17111862,381.68,0.0027133436,18.666965,0.17911685,0.075839885,95,2.4895456,3060,6.476131191104651,0.2,-0.00015814521175343542,8.488298e-05,-0.023774605584912935,2.4235873222351074,1e-05,0.001416015625,0.32981157302856445
616000,6434,308,2000.0,0.17559049,381.86,0.0028570932,18.222692,0.2262282,0.10118994,95,2.75273,3070,4.760998789966107,0.2,-0.0001359312533168122,3.934675e-05,-0.023523098550504072,1.4174444675445557,1e-05,0.000634765625,0.2220119833946228
618000,6460,309,2000.0,0.17605817,382.24,0.0027124723,18.14851,0.2646433,0.0730278,95,2.6857133,3080,6.090431421250105,0.2,-0.00010656135564204305,8.957213e-05,-0.02379622933221981,3.2051050662994385,1e-05,0.001318359375,0.19300931692123413
620000,6485,310,2000.0,0.16910496,380.54,0.003029834,17.80151,0.23500592,0.095190786,95,2.6628978,3090,4.812055671960115,0.2,-0.00043411533115431664,0.00013279007,-0.022252814096282235,1.1694986820220947,1e-05,0.00126953125,0.31184685230255127
622000,6510,311,2000.0,0.18402968,380.0,0.0024276252,17.472162,0.15045698,0.08103449,95,2.5398548,3100,5.949652691185475,0.2,-0.00024293258611578493,0.0001254135,-0.02184475420508534,1.931545376777649,1e-05,0.00068359375,0.15570849180221558
624000,6535,312,2000.0,0.17268035,379.94,0.0030181494,17.580015,0.18909249,0.08845687,95,2.8963203,3110,5.018585500866175,0.2,-0.0001328402344370261,3.5843725e-05,-0.020917403139173986,2.3680419921875,1e-05,0.00068359375,0.19978344440460205
626000,6560,313,2000.0,0.17601803,379.15,0.0031124111,17.214012,0.13505994,0.08091774,95,2.4555843,3120,6.037767070159316,0.2,-3.91859415685758e-05,8.092774e-05,-0.019751331864972597,2.3644773960113525,1e-05,0.000244140625,0.2674301862716675
628000,6585,314,2000.0,0.18712844,378.94,0.0022697265,17.25292,0.20360634,0.07418225,95,2.5430865,3130,4.691236587613821,0.2,-0.00011394792090868577,1.975667e-05,-0.019789904844947158,1.7612409591674805,1e-05,0.00029296875,0.21458345651626587
630000,6610,315,2000.0,0.18757184,380.38,0.0009990901,17.854242,0.138375,0.09941044,95,2.638044,3140,4.939339866861701,0.2,-0.00011496959923533723,6.202774e-05,-0.01956498629588168,1.3964797258377075,1e-05,0.001220703125,0.23083513975143433
632000,6635,316,2000.0,0.18823096,381.51,0.0027591996,18.719128,0.24388403,0.06513932,95,2.6876702,3150,5.331052063405513,0.2,-0.00015260261279763653,5.6581048e-05,-0.019677262206096204,3.1325628757476807,1e-05,0.001953125,0.22173243761062622
634000,6661,317,2000.0,0.17948921,381.6,0.0034016161,18.72699,0.2538925,0.09211129,95,2.723953,3160,5.5649568464607,0.2,-0.00013907144893892108,3.779275e-05,-0.01834963604051154,2.0007660388946533,1e-05,0.0001953125,0.22428488731384277
636000,6686,318,2000.0,0.17985696,381.34,0.003079568,18.189377,0.18490674,0.08038881,95,2.6640851,3170,5.671206176653504,0.2,-7.031203858787194e-05,4.9582857e-05,-0.018814858866971918,1.3296468257904053,1e-05,0.000634765625,0.22877895832061768
638000,6711,319,2000.0,0.18021701,381.29,0.0021418608,18.278156,0.20693107,0.08803646,95,2.6505854,3180,5.572903570532799,0.2,-9.58803721005097e-05,4.9918046e-05,-0.01770722942892462,1.511765480041504,1e-05,4.8828125e-05,0.19602173566818237
640000,6737,320,2000.0,0.18267146,382.24,0.0023579556,18.697697,0.20425488,0.065381296,94,2.6090431,3190,4.353781240433454,0.2,-0.00024212969292420895,2.5883346e-05,-0.014883205262594856,1.9913899898529053,1e-05,0.000732421875,0.3735682964324951
642000,6763,321,2000.0,0.18245329,380.4,0.0034275444,18.532265,0.27503228,0.080726475,94,2.5713377,3200,4.621705646812916,0.2,-0.00013585833075921983,3.7752267e-05,-0.014353059000859503,1.8725919723510742,1e-05,0.000341796875,0.3071919083595276
644000,6791,322,2000.0,0.18290344,379.99,0.0029006905,17.958921,0.08014516,0.07189438,94,2.542151,3210,5.105738864839077,0.2,-0.0002015236474107951,0.00018290163,-0.015392612986033782,1.1358319520950317,1e-05,0.00166015625,0.22190260887145996
646000,6816,323,2000.0,0.18154095,378.85,0.0031065182,18.1524,0.15372406,0.060523387,94,2.5532315,3220,4.8037125170230865,0.2,-0.00022045696096029133,4.743741e-05,-0.014971635432448237,1.3561503887176514,1e-05,0.00078125,0.2379310131072998
648000,6842,324,2000.0,0.17738928,378.9,0.0025395341,17.68543,0.14146616,0.085845284,94,2.4431183,3230,4.97541731223464,0.2,-0.0002488765079760924,5.371761e-05,-0.017890507320407777,1.6543548107147217,1e-05,0.001318359375,0.22869879007339478
650000,6868,325,2000.0,0.18612501,379.68,0.0039418284,18.166656,0.26168835,0.09667859,94,2.5580606,3240,4.160700173303485,0.2,-0.0002186923346016556,7.6125376e-05,-0.014196320757037029,1.5431230068206787,1e-05,0.00078125,0.29308396577835083
652000,6896,326,2000.0,0.17658155,380.38,0.0023986185,18.311743,0.20929359,0.07425489,94,2.7514226,3250,4.895027102530003,0.2,-0.00017411191220162436,3.9370905e-05,-0.013307017386250664,1.5306395292282104,1e-05,0.001123046875,0.24225467443466187
654000,6921,327,2000.0,0.16936317,379.82,0.0028555815,18.271671,0.25914332,0.06423324,94,2.3336887,3260,6.227942778915167,0.2,-0.0002456259040627629,9.563242e-05,-0.01676847068592906,2.0071136951446533,1e-05,0.000927734375,0.1509832739830017
656000,6946,328,2000.0,0.17811884,379.45,0.0032030847,17.643143,0.14703615,0.07721521,94,2.4314167,3270,4.915013936907053,0.2,-1.3351975940167905e-05,1.2311852e-05,-0.018616391687828582,1.896971344947815,1e-05,0.000146484375,0.08409905433654785
658000,6971,329,2000.0,0.18245472,379.0,0.0043162503,17.190315,0.21826755,0.0885828,94,2.4591618,3280,4.846386343240738,0.2,-0.00013005602813791483,2.4621113e-05,-0.020310799055732787,1.5673645734786987,1e-05,0.001318359375,0.16562271118164062
660000,6997,330,2000.0,0.19159657,378.6,0.0040978556,16.946058,0.25644737,0.07612328,94,2.36177,3290,5.210211679339409,0.2,-0.0004945813125232235,7.288417e-05,-0.018045290707959794,1.8088574409484863,1e-05,0.002392578125,0.12821048498153687
662000,7022,331,2000.0,0.18118867,378.85,0.002345566,17.412548,0.1862933,0.07530088,94,2.4821177,3300,4.698442043364048,0.2,-0.00026671342639019715,8.748783e-05,-0.01530446959368419,1.3541544675827026,1e-05,0.00185546875,0.14522784948349
664000,7048,332,2000.0,0.17987272,378.17,0.0027142477,17.13171,0.16334674,0.099591844,94,2.5244508,3310,5.649845929443837,0.2,-6.986381631577388e-05,2.6807626e-05,-0.015200417290907353,2.1535227298736572,1e-05,0.000390625,0.07370954751968384
666000,7073,333,2000.0,0.1831784,377.65,0.003669801,16.844534,0.15670913,0.06446796,94,2.5327582,3320,5.314050068706274,0.2,-0.0001232327806064859,2.094789e-05,-0.015637761165271512,2.308779001235962,1e-05,0.000390625,0.16073930263519287
668000,7098,334,2000.0,0.18291868,377.41,0.001712797,17.024187,0.1848342,0.1132122,94,2.4857438,3330,5.254495538026094,0.2,-8.51612348924391e-05,8.904087e-05,-0.013606801821151749,3.79848575592041,1e-05,0.001025390625,0.18533188104629517
670000,7123,335,2000.0,0.18495949,378.03,0.0023528521,17.237234,0.13686411,0.083038695,94,2.6160178,3340,5.137840891629457,0.2,-2.570229407865554e-05,2.110569e-05,-0.012983969082415569,2.1949567794799805,1e-05,0.0001953125,0.17169898748397827
672000,7149,336,2000.0,0.18150975,377.86,0.003842105,17.672266,0.24508314,0.071335465,93,2.465248,3350,5.115818237513304,0.2,-0.00011972683423664421,3.274606e-05,-0.014768805776839145,1.1801666021347046,1e-05,0.000537109375,0.2294507622718811
674000,7177,337,2000.0,0.17757647,377.07,0.0017134502,17.630192,0.12333149,0.08467033,93,2.725977,3360,4.862322718277573,0.2,-9.271976596210152e-05,2.5854446e-05,-0.014229613245697692,1.3756340742111206,1e-05,0.0,0.18998104333877563
676000,7204,338,2000.0,0.1810274,376.66,0.0036152336,17.568628,0.22491068,0.057833318,93,2.5131192,3370,6.25853972248733,0.2,-9.928124345606192e-05,0.00014494656,-0.015624749852577224,0.8155630826950073,1e-05,0.00087890625,0.14370542764663696
678000,7231,339,2000.0,0.18366303,377.51,0.0029329623,17.865875,0.2084415,0.083898865,93,2.8661368,3380,4.13446920439601,0.2,-8.145662286551669e-05,4.0028448e-05,-0.014227182370086666,0.6444941759109497,1e-05,0.000341796875,0.34052062034606934
680000,7257,340,2000.0,0.1806385,378.73,0.0038425562,18.508316,0.15095232,0.08705695,93,2.6581528,3390,6.1933704420924185,0.2,-0.00022902841301402076,5.275503e-05,-0.011770782223902643,7.960796356201172,1e-05,0.000537109375,0.2536906599998474
682000,7284,341,2000.0,0.17735915,378.42,0.004176313,18.148798,0.282802,0.0827942,93,2.7303405,3400,5.220574390143156,0.2,-1.9241632253397255e-05,1.7147802e-05,-0.011598109707119875,1.347529411315918,1e-05,0.000146484375,0.24859976768493652
684000,7313,342,2000.0,0.18817137,378.14,0.0016157643,17.888273,0.06970788,0.0723469,93,2.8559394,3410,5.658484588190913,0.2,-0.00019385424675419927,8.3661056e-05,-0.01499481379869394,1.7723032236099243,1e-05,0.001513671875,0.23560011386871338
686000,7340,343,2000.0,0.174797,376.98,0.0045044227,17.74215,0.22996229,0.07080778,93,2.7491505,3420,4.420026125013829,0.2,-2.0572102221194656e-05,3.6792277e-05,-0.012428474839543924,0.9761463403701782,1e-05,0.0001953125,0.4422702193260193
688000,7365,344,2000.0,0.17914598,376.82,0.0022548034,17.178394,0.17605746,0.069182344,93,2.642636,3430,6.002892097830772,0.2,-2.450039755785838e-06,1.0868651e-05,-0.013323111408681143,1.618778944015503,1e-05,0.0,0.2012176513671875
690000,7391,345,2000.0,0.17370488,377.59,0.0028561768,17.417511,0.19965288,0.07156946,93,2.77983,3440,5.272677052021026,0.2,-0.0004662984705646522,0.000608186,-0.012401800703082699,4.482524871826172,1e-05,0.00244140625,0.23178237676620483
692000,7416,346,2000.0,0.18532933,378.16,0.0023622545,17.726267,0.21196045,0.07417133,93,2.9818914,3450,5.5558895759284495,0.2,-8.769095729803667e-05,2.8994022e-05,-0.012508993083611131,7.981539726257324,1e-05,0.00068359375,0.27569717168807983
694000,7439,347,2000.0,0.1788104,378.19,0.0035347366,18.19676,0.26923847,0.08768785,93,2.5382822,3460,6.797926300764084,0.2,-2.712016284931451e-05,2.6749825e-05,-0.013651547083281913,9.999308586120605,1e-05,0.0001953125,0.23040956258773804
696000,7462,348,2000.0,0.1726656,378.02,0.0019989703,17.956055,0.18635733,0.09940319,93,2.6153634,3470,4.793069937080145,0.2,-0.00013021036575082688,4.8829766e-05,-0.014628977020038292,1.4312944412231445,1e-05,0.00048828125,0.24480938911437988
698000,7484,349,2000.0,0.18283287,378.46,0.0015708909,18.238914,0.27065834,0.11126444,93,2.4886165,3480,5.1213377885520455,0.2,-5.122619913890958e-05,1.450241e-05,-0.016052356465661433,5.378002643585205,1e-05,9.765625e-05,0.24223893880844116
700000,7506,350,2000.0,0.17392161,376.87,0.004685899,17.773989,0.24863373,0.09482607,93,2.298131,3490,5.303998848050833,0.2,-9.391471539856865e-05,5.7323225e-05,-0.01506757048482541,1.727683663368225,1e-05,0.0005859375,0.11344993114471436
