rollout/ep_len_mean,short_std,short_mean,time/iterations,return_std,long_mean,return_mean,time/fps,time/time_elapsed,rollout/ep_rew_mean,long_std,time/total_timesteps,train/policy_gradient_loss,train/clip_fraction,train/value_loss,train/learning_rate,train/explained_variance,train/clip_range,train/entropy_loss,train/approx_kl,train/n_updates,train/loss
20.0,0.27035144,0.2780611,1,0.4931561,-0.38583893,0.79003227,60,33,2.38441176,2.0150378,2048,,,,,,,,,,
20.0,0.30674794,0.3289078,2,0.57445645,-0.37172472,0.9406524,61,66,2.27088233,1.9787974,4096,-0.0030743714480195193,0.0,0.19301881359424441,1e-05,-0.5530742406845093,0.2,-3.5552270889282225,0.00031351193,10,0.06359806656837463
20.0,0.29785454,0.30228043,3,0.66107666,-0.39394093,1.0627184,62,98,2.5191176200000003,2.0872164,6144,-0.0021067679874249732,0.0,0.11671943387482316,1e-05,0.44764190912246704,0.2,-3.554813525080681,0.00024779726,20,0.03249458223581314
20.0,0.26454535,0.3036464,4,0.6162649,-0.39120263,1.070695,63,129,2.43735293,2.0403538,8192,-0.002911911501723807,0.0,0.10438099628081546,1e-05,0.6511864364147186,0.2,-3.5542362608015536,0.00044475007,30,0.05684894323348999
20.0,0.27810973,0.3005181,5,0.6273909,-0.37251055,0.97440267,63,160,2.2644117699999997,1.9567614,10240,-0.002688604503055103,0.0,0.07579838825622573,1e-05,0.7226794958114624,0.2,-3.5535863116383553,0.00042324926,40,0.030519360676407814
20.0,0.35383955,0.35366124,6,0.63733006,-0.38512066,0.9976133,63,193,2.2920588600000005,2.0809672,12288,-0.0024707515549380332,0.0,0.07899314941605554,1e-05,0.7386665046215057,0.2,-3.5528235226869582,0.00042119747,50,0.021194878965616226
20.0,0.28796777,0.30201697,7,0.6240522,-0.40739635,0.9966338,63,225,2.33794118,2.0351326,14336,-0.002906820081989281,0.0,0.08870862355688587,1e-05,0.7289694249629974,0.2,-3.5520158976316454,0.00047084707,60,0.04601311311125755
20.0,0.2605373,0.27488536,8,0.6258802,-0.38396755,0.9590387,63,258,2.2467646800000005,1.9854252,16384,-0.00565696439880412,0.0,0.06715653174323961,1e-05,0.782586470246315,0.2,-3.5501914508640766,0.0015083159,70,0.010699030011892319
20.0,0.3053196,0.26480207,9,0.6548903,-0.36191183,1.0682881,63,290,2.4426470900000004,2.0165906,18432,-0.002926646669220645,0.0,0.06779082445427775,1e-05,0.7902342230081558,0.2,-3.547416716814041,0.000559944,80,0.01798330992460251
20.0,0.29112175,0.29065675,10,0.6558594,-0.38065398,1.076821,63,321,2.46147058,1.99186,20480,-0.002913871419150382,0.0,0.07744397345231846,1e-05,0.7812959402799606,0.2,-3.5461403422057627,0.00057642953,90,0.025707585737109184
20.0,0.2635119,0.29041493,11,0.6399467,-0.40675125,1.0114024,63,353,2.32911766,2.0457616,22528,-0.005032481619855389,0.0,0.06595905751455575,1e-05,0.8065167665481567,0.2,-3.5420816995203497,0.0017918309,100,0.015194913372397423
20.0,0.21132271,0.24007058,12,0.6985437,-0.35362297,1.1364547,63,384,2.5652941000000005,1.8346589,24576,-0.00554417532403022,0.0,0.0646088407433126,1e-05,0.8088647276163101,0.2,-3.533730048686266,0.0019993153,110,0.029103565961122513
20.0,0.32724866,0.2931207,13,0.6656571,-0.39361775,1.0843894,63,418,2.49411762,2.0267859,26624,-0.0031820419477298855,0.0,0.07464362605242059,1e-05,0.7974177002906799,0.2,-3.5255118407309056,0.0011033325,120,0.034994982182979584
20.0,0.21084571,0.22210664,14,0.6828785,-0.3632086,1.1041789,63,450,2.5411764700000004,1.9996107,28672,-0.0067140587052563205,0.0,0.07115362367476337,1e-05,0.8052840977907181,0.2,-3.510326675325632,0.0037830886,130,0.01569187082350254
20.0,0.23148286,0.2472293,15,0.6895937,-0.40070343,1.0891522,63,482,2.4867647,2.0720003,30720,-0.0050505152030382305,0.000927734375,0.07269505860749632,1e-05,0.8090680837631226,0.2,-3.489853447675705,0.0024408377,140,0.009344665333628654
20.0,0.17460035,0.207293,16,0.7062266,-0.4067874,1.0883839,63,514,2.4932353,2.0431542,32768,-0.005635486790561117,0.0,0.07155878655030393,1e-05,0.814353421330452,0.2,-3.473158397525549,0.0025464776,150,-0.0005817953497171402
20.0,0.24103117,0.23238775,17,0.68095636,-0.39675155,1.0576749,63,547,2.3852941100000002,1.9827785,34816,-0.005583475658204407,0.0,0.08143950076773762,1e-05,0.8067392408847809,0.2,-3.45010257139802,0.0030162428,160,0.0003710854798555374
20.0,0.1990199,0.23298202,18,0.6997408,-0.40444303,1.1257975,63,580,2.51764702,2.0275228,36864,-0.005592582677491009,0.001904296875,0.07856134769390337,1e-05,0.7945440709590912,0.2,-3.421167677640915,0.0033082382,170,0.022941667586565018
20.0,0.19692017,0.23840895,19,0.7249099,-0.39033422,1.168254,63,613,2.66029409,2.0569165,38912,-0.004307849316683132,0.0,0.07465864926343783,1e-05,0.813721239566803,0.2,-3.398052601516247,0.0023464698,180,0.03269253671169281
20.0,0.23963515,0.2619747,20,0.76220304,-0.38934928,1.192445,63,643,2.69411762,1.9422681,40960,-0.004923346730356571,0.0,0.08139259307063185,1e-05,0.8097816407680511,0.2,-3.3734513774514197,0.0027102428,190,0.018663495779037476
20.0,0.2017268,0.24183282,21,0.6872309,-0.38114765,1.1339332,63,674,2.56558826,1.9204154,43008,-0.003923211569781415,0.0,0.08315622748341411,1e-05,0.8151787668466568,0.2,-3.344700296223164,0.0022386136,200,0.01933395490050316
20.0,0.20865528,0.25679418,22,0.7062804,-0.39347145,1.0953958,63,705,2.52705875,1.9723017,45056,-0.004822384472936392,0.0,0.0661148594575934,1e-05,0.8250419795513153,0.2,-3.3195128321647642,0.0027257588,210,0.030784476548433304
20.0,0.24081798,0.27282354,23,0.70590234,-0.41169342,1.1243732,64,735,2.5705882200000003,2.0074604,47104,-0.0030228231713408603,0.0,0.07515614205040037,1e-05,0.8117076307535172,0.2,-3.302881155908108,0.0016126932,220,0.02178407460451126
20.0,0.27610338,0.27800736,24,0.72197026,-0.39058444,1.1587111,64,766,2.6420588400000002,1.9280282,49152,-0.0025874225771985947,0.0,0.07624005690449849,1e-05,0.8187724500894547,0.2,-3.301656173169613,0.0011934777,230,0.03507540374994278
20.0,0.20093486,0.2545936,25,0.7199331,-0.4056781,1.1013594,64,798,2.54088235,1.957894,51200,-0.0027923505345825105,0.0,0.0682372553332243,1e-05,0.8411326855421066,0.2,-3.30173434689641,0.0013786337,240,0.027410848066210747
20.0,0.21917458,0.26176226,26,0.75819945,-0.40096134,1.1639526,64,829,2.6726470600000005,1.9881463,53248,-0.0033699050633003934,0.0,0.07779003776959144,1e-05,0.8125991523265839,0.2,-3.28787100315094,0.001737845,250,0.06526074558496475
20.0,0.21166697,0.25621742,27,0.7108806,-0.37132853,1.1584945,64,859,2.5902941399999997,1.9644337,55296,-0.0038544256938621404,0.0,0.08784389856737107,1e-05,0.8210139721632004,0.2,-3.264253347367048,0.0017679681,260,0.025383923202753067
20.0,0.20372637,0.26910406,28,0.6971969,-0.4190585,1.1127026,64,890,2.56029413,1.9948854,57344,-0.004101697553414852,0.0,0.07046358475927264,1e-05,0.8343110233545303,0.2,-3.2446684420108793,0.002045239,270,0.01102844625711441
20.0,0.22607948,0.277297,29,0.7329037,-0.40017784,1.1816701,64,922,2.6391176399999994,1.8841536,59392,-0.006425266797305085,0.0,0.07285392557969317,1e-05,0.813570037484169,0.2,-3.226269129663706,0.0036063837,280,0.00441797636449337
20.0,0.22809125,0.3126325,30,0.74125403,-0.40247852,1.1956602,64,953,2.6326470700000004,1.9983584,61440,-0.0033419153041904792,0.0,0.07415033674333245,1e-05,0.8316295593976974,0.2,-3.224789793044329,0.0019827844,290,0.017138784751296043
20.0,0.21595833,0.28374875,31,0.72327477,-0.40251136,1.1675464,64,983,2.64500003,1.9937879,63488,-0.003918580980098341,0.0,0.07283425140194595,1e-05,0.8374884277582169,0.2,-3.2184253476560114,0.0017012955,300,0.03260146081447601
20.0,0.21345478,0.27335918,32,0.6913615,-0.40729076,1.1584712,64,1013,2.6002941099999997,2.0075707,65536,-0.0030494447841192597,0.0,0.07864501256262883,1e-05,0.8189764022827148,0.2,-3.213669867813587,0.001642966,310,0.029818575829267502
20.0,0.22094755,0.29320133,33,0.7396467,-0.38477597,1.1418931,64,1043,2.58941175,1.8702618,67584,-0.005787582136690617,0.005712890625,0.07388208045740612,1e-05,0.8133805692195892,0.2,-3.2029622852802277,0.0035442922,320,0.02459535002708435
20.0,0.22208183,0.28946143,34,0.72399956,-0.40753573,1.2180085,64,1073,2.7155882999999994,1.9881017,69632,-0.005786070361500606,0.0,0.07126426818431356,1e-05,0.8431966751813889,0.2,-3.17661671936512,0.0033473768,330,0.0328378900885582
20.0,0.23674817,0.32078636,35,0.76139647,-0.40657702,1.2390709,64,1104,2.7673529299999995,1.9206553,71680,-0.0030265845198300667,0.0,0.06614060149295256,1e-05,0.847561314702034,0.2,-3.1569965966045856,0.0014610183,340,0.018306881189346313
20.0,0.24685177,0.3218643,36,0.78315616,-0.40698624,1.2655568,64,1136,2.8229412000000003,1.9005299,73728,-0.005507224834582302,0.0,0.07759308108943515,1e-05,0.8436894118785858,0.2,-3.153938093781471,0.0038561765,350,0.013141889125108719
20.0,0.23350185,0.3091926,37,0.7324315,-0.37912437,1.2289047,64,1169,2.7282352800000003,1.8816472,75776,-0.0024495580364600755,0.0,0.09028654308640398,1e-05,0.8247287273406982,0.2,-3.148149510473013,0.0012438188,360,0.05388942360877991
20.0,0.23880069,0.3157348,38,0.7215609,-0.3887462,1.1331179,64,1203,2.52441176,1.9596714,77824,-0.003147135186009109,0.0,0.07678777115070261,1e-05,0.8259930461645126,0.2,-3.132980744540691,0.0014682027,370,0.030649829655885696
20.0,0.23973367,0.3215199,39,0.7383346,-0.40696448,1.1864455,64,1237,2.6741176300000005,2.0142481,79872,-0.002795559307560325,0.0,0.07114101158222183,1e-05,0.8382334411144257,0.2,-3.125002717971802,0.0013707164,380,0.02703983709216118
20.0,0.23100212,0.3029294,40,0.68198633,-0.40560126,1.1352158,64,1269,2.58588232,1.9666069,81920,-0.0035195329095586204,0.0,0.06652604672708548,1e-05,0.8544477671384811,0.2,-3.1330791860818863,0.0020644434,390,0.008513491600751877
20.0,0.23075768,0.31758222,41,0.73787785,-0.3946912,1.2274532,64,1302,2.765882330000001,1.9359471,83968,-0.003810548904584721,0.0,0.06237255142768845,1e-05,0.8332417011260986,0.2,-3.13052176758647,0.0019516905,400,0.022677315399050713
20.0,0.26743293,0.33472717,42,0.77776635,-0.37878528,1.2452755,64,1335,2.7917647,1.9509224,86016,-0.007710844906978309,0.002587890625,0.06708382870419882,1e-05,0.8484868705272675,0.2,-3.1071391098201273,0.0042242617,410,0.00946832075715065
20.0,0.24349435,0.31379092,43,0.8119858,-0.38451052,1.2594379,64,1369,2.7967647099999997,2.0074747,88064,-0.003716254187747836,0.0,0.08643418524879962,1e-05,0.8208326399326324,0.2,-3.105457558482885,0.0016606897,420,0.012679796665906906
20.0,0.24679114,0.3076976,44,0.76428396,-0.3746845,1.2376254,64,1404,2.759999980000001,1.8638535,90112,-0.0037601524978526867,0.0,0.09154925661277957,1e-05,0.836650088429451,0.2,-3.1197203300893306,0.0019787056,430,0.03004547953605652
20.0,0.24854325,0.31190795,45,0.69712317,-0.39657322,1.177825,64,1437,2.68029409,2.0041835,92160,-0.0037578695628326386,9.765625e-05,0.08525885246344841,1e-05,0.8257723599672318,0.2,-3.133474653214216,0.0021403637,440,0.06789248436689377
20.0,0.24778916,0.33802044,46,0.76576895,-0.38725084,1.2034966,63,1472,2.76705888,1.9420437,94208,-0.005873082202742808,0.00302734375,0.06223022008198313,1e-05,0.843488946557045,0.2,-3.130957528948784,0.003445117,450,0.057741668075323105
20.0,0.218358,0.3029963,47,0.8107489,-0.37922013,1.2651432,63,1505,2.8555882500000003,1.8512526,96256,-0.0033260121126659214,0.0,0.07210426652454771,1e-05,0.8496313095092773,0.2,-3.1065748035907745,0.0017485626,460,0.03697655722498894
20.0,0.24990684,0.31998196,48,0.7640431,-0.40202448,1.2065284,63,1538,2.7717647400000005,1.8936539,98304,-0.003533336563850753,0.0,0.09467950916150585,1e-05,0.8310997933149338,0.2,-3.0939684748649596,0.0013748588,470,0.017661534249782562
20.0,0.251859,0.3257559,49,0.7800815,-0.39195424,1.247433,63,1571,2.7879411800000002,1.9772604,100352,-0.005551639216719195,0.011083984375,0.0706951814587228,1e-05,0.8595949560403824,0.2,-3.1183647125959397,0.003610731,480,0.008547903969883919
20.0,0.22967452,0.30827653,50,0.7692008,-0.3753286,1.2435023,63,1605,2.810588230000001,1.9378287,102400,-0.005858891678508371,4.8828125e-05,0.0754894426674582,1e-05,0.8528950959444046,0.2,-3.1388490281999113,0.0026673286,490,0.034876905381679535
20.0,0.22470768,0.30578277,51,0.79644036,-0.39357433,1.2320051,63,1637,2.7838235499999997,1.960549,104448,-0.0028389538143528625,0.0,0.07863745542126707,1e-05,0.8305613994598389,0.2,-3.132411850988865,0.000719078,500,0.034031737595796585
20.0,0.21556973,0.28011733,52,0.77678627,-0.41851458,1.2575194,63,1669,2.82794116,1.955137,106496,-0.0031256432266673073,0.0,0.08526896596886217,1e-05,0.8400757163763046,0.2,-3.1128589950501917,0.0013858555,510,0.028075985610485077
20.0,0.19490115,0.21958485,53,0.7540259,-0.40073147,1.1683278,63,1704,2.6494117600000004,1.9565189,108544,-0.002615000585501548,0.0,0.08166923673124984,1e-05,0.8428455591201782,0.2,-3.0901081174612046,0.00088658417,520,0.046827103942632675
20.0,0.19956699,0.22746958,54,0.73397684,-0.39716774,1.1739643,63,1740,2.6535294199999995,1.9342422,110592,-0.005485402040358167,0.0,0.07800595772569067,1e-05,0.8417505025863647,0.2,-3.0753595188260077,0.0030977018,530,0.006678393110632896
20.0,0.18189092,0.1994208,55,0.7372308,-0.40552896,1.1580701,63,1778,2.63676466,1.9775,112640,-0.00616099718172336,0.00048828125,0.07418807130889035,1e-05,0.838672086596489,0.2,-3.072749209403992,0.0035946083,540,0.010920567438006401
20.0,0.15984304,0.17093943,56,0.7714884,-0.3770333,1.1979871,63,1815,2.73117646,1.9506791,114688,-0.006857653270708397,0.005419921875,0.06973701695096679,1e-05,0.8539906591176987,0.2,-3.106183996796608,0.004140922,550,0.019710522145032883
20.0,0.12540084,0.13160513,57,0.73375106,-0.36956266,1.1653465,63,1852,2.6326470200000007,1.9488968,116736,-0.005965883142198436,0.001708984375,0.0854586475994438,1e-05,0.8332508504390717,0.2,-3.1297000482678414,0.0030168486,560,0.03704109787940979
20.0,0.09681777,0.09510961,58,0.76601565,-0.40085343,1.2116654,62,1890,2.7052941699999997,2.0214992,118784,-0.004993558386922814,0.013720703125,0.08290475227986463,1e-05,0.8272048532962799,0.2,-3.18136735111475,0.0039664255,570,0.02230222523212433
20.0,0.09584258,0.07956953,59,0.7246515,-0.42401138,1.1220707,62,1928,2.53882349,1.9839884,120832,-0.0066205904469825326,0.04716796875,0.08186918233986944,1e-05,0.8428896367549896,0.2,-3.242908615618944,0.006609832,580,0.0368303507566452
20.0,0.06328465,0.05210284,60,0.7548328,-0.38408217,1.1878619,62,1967,2.7194117600000003,1.9802077,122880,-0.011723790044197813,0.04716796875,0.0742798542836681,1e-05,0.8427197486162186,0.2,-3.2900525160133838,0.0051669367,590,0.006822062656283379
20.0,0.066716164,0.051944982,61,0.72172415,-0.38858902,1.0614612,62,2004,2.4417647000000002,2.0633402,124928,-0.009057303392910398,0.01357421875,0.08262598838191479,1e-05,0.8385302871465683,0.2,-3.3198846727609634,0.0040492928,600,0.02532043308019638
20.0,0.052087173,0.033988297,62,0.69968545,-0.38282624,1.0239897,62,2041,2.36852932,1.9922497,126976,-0.014252189922262914,0.07900390625,0.08420870343106798,1e-05,0.8171125203371048,0.2,-3.3384482726454734,0.0065171467,610,0.010081913322210312
20.0,0.052432664,0.030361382,63,0.7063971,-0.3918018,1.0639946,62,2077,2.4602940900000005,1.9120977,129024,-0.02315968667389825,0.09765625,0.081861243955791,1e-05,0.8155153840780258,0.2,-3.3558819510042666,0.009395648,620,-0.013416614383459091
20.0,0.057767473,0.028355155,64,0.7151344,-0.36481625,1.0493875,62,2112,2.4047058700000004,1.9858294,131072,-0.019164935662411155,0.073974609375,0.0786794920626562,1e-05,0.8277773261070251,0.2,-3.366653984040022,0.008865625,630,-0.015451543033123016
20.0,0.046693143,0.020757457,65,0.7020088,-0.37325343,1.002876,61,2148,2.39764708,2.0270953,133120,-0.023473472654586658,0.0806640625,0.08719202241045423,1e-05,0.8032950013875961,0.2,-3.352880734950304,0.011149248,640,0.016592703759670258
20.0,0.039426126,0.015203215,66,0.76097566,-0.3637908,0.959607,61,2183,2.3002941,1.9841628,135168,-0.02801948277920019,0.1494140625,0.07798962474334985,1e-05,0.8266819268465042,0.2,-3.355342695862055,0.011790818,650,0.0006327331066131592
20.0,0.03539243,0.011009913,67,0.6444231,-0.37545204,0.80292964,61,2216,2.01235288,2.046873,137216,-0.02563024911796674,0.158154296875,0.10899373405845836,1e-05,0.7873380035161972,0.2,-3.356151732802391,0.014295942,660,0.013610266149044037
20.0,0.023785666,0.005444759,68,0.5789341,-0.38327324,0.69432336,61,2250,1.7285293800000003,1.919568,139264,-0.03082886817282997,0.212451171875,0.0716780377086252,1e-05,0.8028046935796738,0.2,-3.361429397761822,0.011257928,670,0.010625360533595085
20.0,0.03579163,0.00974573,69,0.69262373,-0.36689794,0.8569921,61,2283,2.09264708,1.957939,141312,-0.02420060105796438,0.057177734375,0.07264807808096521,1e-05,0.7570033669471741,0.2,-3.3704896084964275,0.006675994,680,0.03854677826166153
20.0,0.03829059,0.011458611,70,0.6975478,-0.37504303,0.8833094,61,2317,2.13794119,2.0526738,143360,-0.036213890418002846,0.294140625,0.08543304339982569,1e-05,0.8044200986623764,0.2,-3.3501139640808106,0.015284304,690,-0.025779634714126587
20.0,0.044936456,0.014427155,71,0.7339569,-0.40037298,0.946623,61,2350,2.3000000399999996,2.0249038,145408,-0.03269482669129502,0.149462890625,0.08401359026320279,1e-05,0.8154940903186798,0.2,-3.339935541152954,0.012839062,700,-0.036116987466812134
20.0,0.04440108,0.016544882,72,0.7750645,-0.3702703,1.040094,61,2385,2.4911765000000003,1.8669417,147456,-0.027874964507645927,0.120263671875,0.0862896373262629,1e-05,0.8245500922203064,0.2,-3.3090590849518775,0.012229731,710,-0.015098456293344498
20.0,0.04886149,0.01838913,73,0.7743259,-0.37166524,1.0557202,61,2421,2.53058827,1.9978546,149504,-0.03236744950991124,0.2474609375,0.09696195276919753,1e-05,0.824781209230423,0.2,-3.288891240954399,0.014109113,720,0.021231789141893387
20.0,0.055523522,0.018246233,74,0.80924034,-0.356763,1.0479314,61,2461,2.46500001,1.9444791,151552,-0.025123918350436723,0.11298828125,0.089554215723183,1e-05,0.8402145951986313,0.2,-3.2517171926796435,0.010594631,730,-0.006472961977124214
20.0,0.06937585,0.025659487,75,0.83059424,-0.36515164,1.1174809,61,2494,2.6255882,1.8995876,153600,-0.026181743410415948,0.162548828125,0.09589895778917708,1e-05,0.8435060679912567,0.2,-3.231380083411932,0.011064696,740,0.022395048290491104
20.0,0.05468414,0.02015023,76,0.7609142,-0.3957306,1.0650778,61,2527,2.5308823100000004,1.9516522,155648,-0.025332071892626117,0.131591796875,0.10049475971027277,1e-05,0.8391212373971939,0.2,-3.2013821482658384,0.010016747,750,0.060681816190481186
20.0,0.056179095,0.025449641,77,0.7801906,-0.3430546,1.1646523,61,2560,2.76882353,1.8275295,157696,-0.029635472418158317,0.20791015625,0.09006452657049521,1e-05,0.8326206803321838,0.2,-3.190108086913824,0.014056177,760,0.013769257813692093
20.0,0.05343504,0.02428063,78,0.817215,-0.39577386,1.1838682,61,2594,2.78794117,1.8600762,159744,-0.018691839138045906,0.064501953125,0.07959237435134128,1e-05,0.8546218574047089,0.2,-3.143211063742638,0.009873766,770,0.01097879558801651
20.0,0.057055928,0.024344632,79,0.8344679,-0.3664109,1.2361825,61,2627,2.87588232,1.9351239,161792,-0.025085504224989563,0.11015625,0.09436723297694698,1e-05,0.847941979765892,0.2,-3.110120324790478,0.012955613,780,0.03431075066328049
20.0,0.06235104,0.025789078,80,0.82770723,-0.39002717,1.1951644,61,2660,2.835588220000001,1.8585367,163840,-0.01931471962889191,0.142626953125,0.10171829265309498,1e-05,0.844508022069931,0.2,-3.0737516224384307,0.010671716,790,0.0013782642781734467
20.0,0.055388454,0.022576213,81,0.81512594,-0.3897704,1.1469272,61,2694,2.7002941600000003,1.8224545,165888,-0.024131693775416352,0.172412109375,0.08982138020801358,1e-05,0.8601258844137192,0.2,-3.0508211977779864,0.011217407,800,0.002495918422937393
20.0,0.054441255,0.023715548,82,0.8082055,-0.41200152,1.146651,61,2728,2.62764704,1.922613,167936,-0.024115871556568892,0.134716796875,0.1083660509553738,1e-05,0.8248873651027679,0.2,-3.0218073308467863,0.013421416,810,0.02717750146985054
20.0,0.052618373,0.023512144,83,0.79783434,-0.39469007,1.1669874,61,2762,2.70352939,1.9103868,169984,-0.021519008529139683,0.0919921875,0.09503121063462458,1e-05,0.8467222452163696,0.2,-3.003865756839514,0.010856885,820,-0.00020951591432094574
20.0,0.054345034,0.025576305,84,0.85303193,-0.4052563,1.2735586,61,2795,2.9867647400000004,1.9187329,172032,-0.028073460652376526,0.14873046875,0.07924680775613524,1e-05,0.8652518540620804,0.2,-2.9464922957122326,0.01261054,830,0.00845227763056755
20.0,0.056380898,0.025791906,85,0.78372455,-0.38131416,1.208568,61,2828,2.8373529099999995,1.8392235,174080,-0.028132928523700685,0.221484375,0.09275300168083049,1e-05,0.8646268993616104,0.2,-2.913656471669674,0.014353071,840,0.007625605911016464
20.0,0.056486815,0.026366297,86,0.7989214,-0.38123873,1.2745516,61,2861,2.9452941699999995,1.8720849,176128,-0.03525999584817328,0.203076171875,0.09076505491975695,1e-05,0.836172953248024,0.2,-2.8852221786975862,0.01554733,850,-0.03903681039810181
20.0,0.05527345,0.027482092,87,0.829771,-0.3951224,1.3028977,61,2895,3.0102941500000004,1.7864113,178176,-0.03243721058242954,0.22021484375,0.08181400630273857,1e-05,0.8616449236869812,0.2,-2.8525228977203367,0.015688987,860,0.020120419561862946
20.0,0.07196039,0.027248131,88,0.81737065,-0.38428074,1.2249122,61,2929,2.875,1.9217387,180224,-0.020556545900763012,0.093896484375,0.09148230538703502,1e-05,0.8586190789937973,0.2,-2.7838384874165056,0.010576956,870,0.043686557561159134
20.0,0.054504704,0.02618299,89,0.812074,-0.4140736,1.3151822,61,2961,3.05441177,1.8159406,182272,-0.026136491063516586,0.105322265625,0.0871634014241863,1e-05,0.8608557730913162,0.2,-2.7671389542520046,0.01315815,880,0.0009567514061927795
20.0,0.06314386,0.02754946,90,0.8236096,-0.38523507,1.2335465,61,2995,2.87794119,1.9132574,184320,-0.02870496157265734,0.265869140625,0.07740839254111051,1e-05,0.8722795844078064,0.2,-2.7490385718643666,0.018949226,890,-0.025652263313531876
20.0,0.058049757,0.032402705,91,0.8185799,-0.4030347,1.2713225,61,3030,2.95970597,1.7809849,186368,-0.031429182784631846,0.2376953125,0.08074579765670933,1e-05,0.8684954345226288,0.2,-2.7168066896498204,0.013623598,900,0.005950964987277985
20.0,0.05957723,0.03544933,92,0.85796875,-0.39215386,1.3875449,61,3064,3.1935293900000006,1.8546005,188416,-0.02681922623887658,0.2201171875,0.08598569331225007,1e-05,0.8599933832883835,0.2,-2.7098140224814413,0.0147237275,910,0.01718597114086151
20.0,0.062262934,0.03244615,93,0.80791384,-0.4024899,1.3313621,61,3097,3.04911764,1.8888975,190464,-0.02741905774164479,0.218701171875,0.08357197181321681,1e-05,0.8749482929706573,0.2,-2.66952737942338,0.015035009,920,-0.017615854740142822
20.0,0.056853376,0.030245868,94,0.7943974,-0.4178454,1.2307675,61,3135,2.8661764699999996,1.8925898,192512,-0.02539197862788569,0.13974609375,0.07784163727774285,1e-05,0.8690149635076523,0.2,-2.7161447785794737,0.010148803,930,-0.008539985865354538
20.0,0.056178093,0.032211624,95,0.82339555,-0.39975357,1.2664912,61,3172,3.0020588200000002,1.808831,194560,-0.025528372410917655,0.157958984375,0.07558463864261285,1e-05,0.87141053378582,0.2,-2.681678909063339,0.0126020545,940,0.013634655624628067
20.0,0.056495793,0.025417872,96,0.7822342,-0.40857548,1.2489817,61,3206,2.8897058999999996,1.8652383,196608,-0.02952408382843714,0.156640625,0.08499691389151849,1e-05,0.8616484552621841,0.2,-2.6555779837071896,0.014322728,950,0.05972323566675186
20.0,0.058593333,0.028568272,97,0.8376517,-0.4138987,1.3139787,61,3243,3.04911764,1.8483266,198656,-0.024899041635217146,0.14697265625,0.08758056992664934,1e-05,0.8458619266748428,0.2,-2.71026456579566,0.01259269,960,0.025070980191230774
20.0,0.059042364,0.028133512,98,0.8113036,-0.3947991,1.3254826,61,3279,3.02823531,1.9005919,200704,-0.029934856959152968,0.213671875,0.08042612997815013,1e-05,0.8732249438762665,0.2,-2.650239921361208,0.012721725,970,-0.0189230777323246
20.0,0.061664745,0.029098036,99,0.81124574,-0.41129178,1.2825191,61,3317,3.00852939,1.844315,202752,-0.03156518697069259,0.2310546875,0.0788152264081873,1e-05,0.8686206489801407,0.2,-2.613037525862455,0.01579038,980,-0.003053903579711914
20.0,0.057179827,0.028656103,100,0.8467424,-0.3819062,1.3536929,61,3353,3.10000002,1.8058062,204800,-0.031513487637857905,0.229736328125,0.07043382211122662,1e-05,0.8843665048480034,0.2,-2.5780919075012205,0.016958522,990,-0.0026589035987854004
20.0,0.056651846,0.026214406,101,0.826094,-0.40231347,1.351431,61,3389,3.0755882499999996,1.8052639,206848,-0.031683003067155366,0.238232421875,0.09048440969199874,1e-05,0.8638357371091843,0.2,-2.5649617038667203,0.014839152,1000,-0.008783731609582901
20.0,0.05656366,0.029151022,102,0.8501737,-0.38611737,1.3725082,60,3427,3.148823540000001,1.8102033,208896,-0.0254390234418679,0.185888671875,0.08083915852475912,1e-05,0.8752905502915382,0.2,-2.5646262384951113,0.016576674,1010,-0.02753583714365959
20.0,0.055544607,0.032156575,103,0.84894973,-0.38401866,1.3437254,60,3465,3.07558824,1.840942,210944,-0.02479053079150617,0.188818359375,0.08345291574369185,1e-05,0.8770566433668137,0.2,-2.506680303066969,0.011224156,1020,-0.01793164573609829
20.0,0.06378312,0.034580648,104,0.8474085,-0.40136915,1.3281596,60,3501,3.07882355,1.8760536,212992,-0.028164202498737724,0.236572265625,0.08902881914982572,1e-05,0.8686608672142029,0.2,-2.467735231667757,0.016830878,1030,-0.0077038295567035675
20.0,0.06587629,0.03911122,105,0.87556726,-0.413176,1.3918012,60,3539,3.18235293,1.9268377,215040,-0.025395725408452564,0.18515625,0.08439341150806286,1e-05,0.8700732588768005,0.2,-2.4456641137599946,0.015574446,1040,-0.007532153278589249
20.0,0.06402925,0.035758,106,0.8348321,-0.4249063,1.410634,60,3573,3.23911771,1.8573915,217088,-0.0241300888475962,0.141455078125,0.0924554349272512,1e-05,0.8699054569005966,0.2,-2.4250335790216924,0.010906974,1050,0.02096904069185257
20.0,0.063027605,0.037898693,107,0.81379247,-0.41537043,1.2961963,60,3609,3.0105882999999993,1.8206315,219136,-0.024868759338278323,0.11591796875,0.07629771588835865,1e-05,0.8802348524332047,0.2,-2.4152167297899725,0.010052792,1060,-0.00834885984659195
20.0,0.07170837,0.039604798,108,0.87095726,-0.3982509,1.3489448,60,3647,3.1879411999999996,1.9157119,221184,-0.02426696868496947,0.15380859375,0.07131309075048194,1e-05,0.8826265558600426,0.2,-2.4129915565252302,0.009981545,1070,-0.0025321636348962784
20.0,0.06600804,0.04408332,109,0.7985435,-0.3905433,1.3149464,60,3682,3.0479411999999995,1.8335378,223232,-0.02553653095383197,0.189111328125,0.0853097131010145,1e-05,0.8772469907999039,0.2,-2.411349990218878,0.015158339,1080,-0.011146355420351028
20.0,0.06508469,0.04501615,110,0.83412385,-0.4090377,1.2959588,60,3717,3.00823532,1.8337252,225280,-0.01582559728558408,0.09853515625,0.07111208440037445,1e-05,0.8775095194578171,0.2,-2.3650126814842225,0.009870407,1090,-0.022649426013231277
20.0,0.063158214,0.034659535,111,0.8463123,-0.37711507,1.4349315,60,3753,3.2738235700000007,1.8025169,227328,-0.02250393869326217,0.122412109375,0.08407866378547624,1e-05,0.8704146891832352,0.2,-2.4175094604492187,0.011423228,1100,0.004520967602729797
20.0,0.05994892,0.03638912,112,0.851302,-0.39153463,1.3864151,60,3789,3.17088238,1.8845885,229376,-0.02980510488850996,0.284765625,0.08181660443078727,1e-05,0.8767633438110352,0.2,-2.365447483956814,0.018674457,1110,0.010303746908903122
20.0,0.060542613,0.03811666,113,0.8346334,-0.40494293,1.3245281,60,3823,3.05882349,1.9056729,231424,-0.0237306393799372,0.15751953125,0.07329594570328482,1e-05,0.891421876847744,0.2,-2.3635339103639126,0.012516044,1120,0.005086369812488556
20.0,0.087498434,0.04566313,114,0.8293327,-0.38260788,1.3234758,60,3860,3.0382352899999994,1.8078948,233472,-0.025157815095735715,0.20439453125,0.07439760345732793,1e-05,0.8853524327278137,0.2,-2.394565237313509,0.01431804,1130,-0.02576427534222603
20.0,0.059197705,0.03828924,115,0.82619506,-0.39462352,1.3644996,60,3896,3.1205882299999996,1.7894356,235520,-0.027131623541936278,0.180712890625,0.07327167366165668,1e-05,0.8845036402344704,0.2,-2.325466909259558,0.016411008,1140,0.01589737832546234
20.0,0.066945806,0.042688962,116,0.8588517,-0.37984335,1.3822969,60,3932,3.16911767,1.8523911,237568,-0.023749774604220876,0.1703125,0.08448541115503758,1e-05,0.868817612528801,0.2,-2.2892781369388104,0.014728858,1150,0.01977553777396679
20.0,0.06406937,0.046044234,117,0.8668814,-0.4023835,1.3888152,60,3969,3.2358823400000007,1.7694947,239616,-0.028439527936279775,0.26337890625,0.09279035374056548,1e-05,0.8609082698822021,0.2,-2.267377121001482,0.020719081,1160,-0.018767356872558594
20.0,0.07469053,0.04744991,118,0.824492,-0.41018862,1.3520278,60,4006,3.1185293900000004,1.83518,241664,-0.022198608552571386,0.11591796875,0.07836088329204358,1e-05,0.8856988921761513,0.2,-2.276509403437376,0.011520702,1170,0.0028236806392669678
20.0,0.087196276,0.0523953,119,0.8207561,-0.37854552,1.3249462,60,4044,3.12088236,1.9369735,243712,-0.016362415903131478,0.154833984375,0.07128836261690594,1e-05,0.8876321986317635,0.2,-2.2693607777357103,0.0081201205,1180,0.01593833602964878
20.0,0.0677688,0.042294256,120,0.8293292,-0.402367,1.3903425,60,4080,3.25970589,1.8837023,245760,-0.023349644138943405,0.170849609375,0.0730490111047402,1e-05,0.882319986820221,0.2,-2.2694512851536275,0.011366743,1190,-0.015712283551692963
20.0,0.12633666,0.060023535,121,0.8512532,-0.37568414,1.3680179,60,4117,3.16705885,1.8404685,247808,-0.023956479827756994,0.180615234375,0.07261800296837465,1e-05,0.8875323385000229,0.2,-2.2802458815276623,0.013712148,1200,0.020814768970012665
20.0,0.09187857,0.061435845,122,0.82122797,-0.39515653,1.3654077,60,4154,3.1247058799999996,1.822753,249856,-0.017699246981646866,0.073095703125,0.08261188710457645,1e-05,0.8786435797810555,0.2,-2.2658446483314036,0.0071350955,1210,0.007444664835929871
20.0,0.06336057,0.043485783,123,0.85776937,-0.41518962,1.4191172,60,4192,3.2338235399999995,1.8108349,251904,-0.02042550039186608,0.122216796875,0.0873636094504036,1e-05,0.8628085106611252,0.2,-2.2380386792123317,0.012925976,1220,-0.006366122514009476
20.0,0.06691491,0.04453341,124,0.867578,-0.38051155,1.4292512,60,4229,3.2879411899999997,1.8340644,253952,-0.02304950334946625,0.247705078125,0.07727170674479567,1e-05,0.8866684287786484,0.2,-2.2555296711623667,0.016168365,1230,0.010764103382825851
20.0,0.07050154,0.046766877,125,0.8102943,-0.38869676,1.2878273,59,4268,3.00735297,1.8555775,256000,-0.016802347256452778,0.093994140625,0.08522434253245592,1e-05,0.8792047426104546,0.2,-2.1824100892990828,0.009917086,1240,0.009008131921291351
20.0,0.067288496,0.05038871,126,0.83691,-0.40082607,1.3617312,59,4307,3.1635293900000003,1.8419414,258048,-0.02589492821425665,0.260009765625,0.06384249854600058,1e-05,0.8932288438081741,0.2,-2.231036856025457,0.02043048,1250,-0.04833637550473213
20.0,0.07805106,0.054202557,127,0.8843025,-0.4217119,1.3548446,59,4345,3.1732352799999997,1.9407959,260096,-0.020021409500623123,0.1728515625,0.07689725353266112,1e-05,0.8804835304617882,0.2,-2.2620969526469707,0.014447145,1260,0.008989494293928146
20.0,0.068156384,0.04671458,128,0.8980083,-0.42096674,1.4677105,59,4383,3.3944117900000004,1.8736401,262144,-0.01639864444587147,0.122314453125,0.09747236809926108,1e-05,0.8655655831098557,0.2,-2.299908918142319,0.01060559,1270,0.017654936760663986
20.0,0.06351687,0.04595138,129,0.8840598,-0.41572547,1.4224459,59,4422,3.27058817,1.8863965,264192,-0.026283504467573948,0.237744140625,0.08588714790530502,1e-05,0.8824213594198227,0.2,-2.263844384998083,0.016990762,1280,-0.005608551204204559
20.0,0.069933385,0.0491305,130,0.800437,-0.39438766,1.3217478,59,4459,3.03029412,1.9543945,266240,-0.02112255307729356,0.120263671875,0.09097333862446248,1e-05,0.8740862905979156,0.2,-2.204685901105404,0.013701715,1290,0.023174673318862915
20.0,0.059311558,0.0456969,131,0.830719,-0.399337,1.3878536,59,4499,3.162058839999999,1.8252884,268288,-0.024426656679133886,0.213671875,0.06699301805347205,1e-05,0.8807985410094261,0.2,-2.2066729493439197,0.013275613,1300,0.019173771142959595
20.0,0.098672874,0.064015135,132,0.8502559,-0.39050037,1.3698308,59,4537,3.1388235399999997,1.8353173,270336,-0.019995948945870624,0.178759765625,0.07338132926961408,1e-05,0.887215830385685,0.2,-2.2129387453198435,0.01436464,1310,0.017477914690971375
20.0,0.074899636,0.04903148,133,0.8615775,-0.3550709,1.4503636,59,4575,3.28176473,1.8456007,272384,-0.020213885421981104,0.136865234375,0.08830688332091086,1e-05,0.8695876449346542,0.2,-2.200992788001895,0.011717612,1320,0.023322060704231262
20.0,0.061116897,0.043666795,134,0.82224107,-0.40899664,1.3927125,59,4613,3.17058831,1.8114194,274432,-0.02697707275801804,0.2421875,0.08037966868141666,1e-05,0.8836453333497047,0.2,-2.1484185799956323,0.014563596,1330,-0.001325991004705429
20.0,0.09099311,0.055341415,135,0.80752325,-0.37233585,1.3762884,59,4648,3.1911764700000003,1.7865331,276480,-0.02198535776697099,0.16279296875,0.06694007246405817,1e-05,0.8940069302916527,0.2,-2.1580734353512527,0.013386704,1340,-0.014920402318239212
20.0,0.074323796,0.050501633,136,0.88039136,-0.41896087,1.4326727,59,4682,3.24794122,1.8692039,278528,-0.020186944442684762,0.12890625,0.06922078113420867,1e-05,0.8884555250406265,0.2,-2.1712608776986597,0.01337705,1350,-0.003582889214158058
20.0,0.06539876,0.046633586,137,0.8345392,-0.3863523,1.3771265,59,4718,3.1282352700000007,1.8849504,280576,-0.024868033482925968,0.213330078125,0.08383487452520058,1e-05,0.8828362375497818,0.2,-2.2425199277698993,0.015980951,1360,-0.0045051127672195435
20.0,0.0713739,0.050362427,138,0.87233365,-0.4104507,1.4228654,59,4755,3.23117652,1.8229644,282624,-0.020623819128377362,0.200244140625,0.07990887387422844,1e-05,0.8741168230772018,0.2,-2.1967313226312397,0.01443501,1370,0.019591201096773148
20.0,0.06972284,0.047988303,139,0.83993095,-0.40308875,1.3960263,59,4794,3.188823529999999,1.7896247,284672,-0.024269034416647628,0.198486328125,0.08307832231512294,1e-05,0.8797696307301521,0.2,-2.215922021120787,0.012688994,1380,0.0012318193912506104
20.0,0.08077776,0.048419822,140,0.8384482,-0.3609078,1.3927028,59,4833,3.2138235199999996,1.8361108,286720,-0.01866609737917315,0.118896484375,0.08275945302448236,1e-05,0.8767758905887604,0.2,-2.192548141628504,0.009548616,1390,0.006659571081399918
20.0,0.073159926,0.045426436,141,0.8710825,-0.40196785,1.4221103,59,4872,3.267352919999999,1.8335395,288768,-0.019220848797704092,0.12177734375,0.0807039208128117,1e-05,0.878588005900383,0.2,-2.1804396722465755,0.011180214,1400,-0.011923456564545631
20.0,0.06610572,0.04792634,142,0.8588684,-0.41967022,1.4165924,59,4910,3.22882352,1.8811936,290816,-0.02110603943874594,0.186376953125,0.08381203672615811,1e-05,0.8815182819962502,0.2,-2.2149317849427463,0.014219855,1410,0.020847201347351074
20.0,0.0890293,0.06087158,143,0.8101681,-0.38339284,1.364598,59,4951,3.1176470899999997,1.7843157,292864,-0.023551164992386475,0.167236328125,0.0850832357420586,1e-05,0.8705173134803772,0.2,-2.211161337047815,0.015779192,1420,0.06781549751758575
20.0,0.10190393,0.059672795,144,0.82640404,-0.39067638,1.3410518,59,4990,3.1149999699999995,1.8316786,294912,-0.01991758510994259,0.156787109375,0.06112188927945681,1e-05,0.9003010541200638,0.2,-2.171125142276287,0.013614154,1430,0.0018741190433502197
20.0,0.086130135,0.056035094,145,0.8732281,-0.40196377,1.4736416,59,5030,3.3994117600000004,1.8679123,296960,-0.020463600229413716,0.14150390625,0.07519143283134326,1e-05,0.8835121914744377,0.2,-2.1868786215782166,0.012372728,1440,-0.002722088247537613
20.0,0.10727422,0.0655186,146,0.86067635,-0.4178682,1.3719373,58,5070,3.138823519999999,1.9003674,299008,-0.025582467301865107,0.23701171875,0.08533503552898765,1e-05,0.8753543123602867,0.2,-2.1975135043263436,0.020618934,1450,-0.0039080120623111725
20.0,0.07535172,0.051848844,147,0.8418085,-0.40384674,1.4121749,58,5112,3.2538235299999996,1.8485377,301056,-0.02323008088278584,0.173291015625,0.077980126242619,1e-05,0.8866850510239601,0.2,-2.194969515874982,0.012376182,1460,-0.018818160519003868
20.0,0.11575348,0.07627717,148,0.8075908,-0.41667914,1.3620676,58,5153,3.1158824099999998,1.8363652,303104,-0.022428092548216226,0.152294921875,0.06925772366812452,1e-05,0.8971739411354065,0.2,-2.2080230716615916,0.016013546,1470,-0.010215137153863907
20.0,0.06422222,0.044811312,149,0.79660654,-0.38193476,1.3642857,58,5191,3.1252941200000004,1.7361315,305152,-0.019920536296558565,0.124658203125,0.06151467723539099,1e-05,0.899952158331871,0.2,-2.2211457289755345,0.011562685,1480,-0.001777801662683487
20.0,0.089423485,0.056490973,150,0.8029267,-0.40956327,1.3208303,58,5233,3.0829411600000003,1.8949226,307200,-0.020353879241156392,0.13828125,0.06252577944542281,1e-05,0.8961926400661469,0.2,-2.1381629835814238,0.011444148,1490,-0.017223205417394638
20.0,0.09642354,0.07012284,151,0.8259121,-0.39052552,1.4004359,58,5274,3.18764704,1.8445891,309248,-0.019914392655482515,0.121435546875,0.07612237440771423,1e-05,0.876040868461132,0.2,-2.178167051076889,0.012431867,1500,-0.018820760771632195
20.0,0.12079295,0.080568895,152,0.8315198,-0.35698253,1.4094307,58,5315,3.23852933,1.806853,311296,-0.01513847780006472,0.120556640625,0.06785079258843325,1e-05,0.8943233639001846,0.2,-2.1771906901150944,0.0070772767,1510,0.018209829926490784
20.0,0.1038591,0.06978798,153,0.77308714,-0.40787387,1.2726626,58,5355,2.9597058400000003,1.8815479,313344,-0.022359631556901148,0.12490234375,0.07687238475191407,1e-05,0.8814298808574677,0.2,-2.2145173750817775,0.011543997,1520,-0.0037018470466136932
20.0,0.0930541,0.058713235,154,0.8161979,-0.40893072,1.3745956,58,5395,3.1644117500000006,1.8126217,315392,-0.018455953081138433,0.17197265625,0.060439562029205265,1e-05,0.8887307718396187,0.2,-2.1875800609588625,0.013128905,1530,0.0006116554141044617
20.0,0.07880674,0.05587318,155,0.81376296,-0.41283533,1.3379736,58,5436,3.11970591,1.944686,317440,-0.027379253765684553,0.234423828125,0.0718167400918901,1e-05,0.8828683197498322,0.2,-2.194951583817601,0.018690133,1540,-0.04416944831609726
20.0,0.1203266,0.077769086,156,0.8626003,-0.39999202,1.4323993,58,5478,3.3155882500000007,1.948928,319488,-0.020292728021740914,0.151953125,0.07276694098254666,1e-05,0.8850128203630447,0.2,-2.2074542328715325,0.013559034,1550,-0.021434366703033447
20.0,0.101144396,0.06839782,157,0.8443068,-0.3847503,1.3817347,58,5519,3.1849999800000006,1.8355225,321536,-0.01967460094310809,0.128759765625,0.07412992646568455,1e-05,0.8928598985075951,0.2,-2.16863465346396,0.012077322,1560,0.002432890236377716
20.0,0.08122905,0.05349891,158,0.8587811,-0.39738375,1.4761796,58,5558,3.33441173,1.903967,323584,-0.02187202986970078,0.162158203125,0.08179743106011302,1e-05,0.876722902059555,0.2,-2.1799183882772923,0.014742944,1570,0.02463703416287899
20.0,0.07574942,0.050997693,159,0.8516311,-0.40073013,1.3964947,58,5597,3.23529414,1.8188998,325632,-0.02509832923533395,0.214208984375,0.0766082038055174,1e-05,0.8884837999939919,0.2,-2.1544190756976604,0.015869364,1580,0.01263129711151123
20.0,0.10798943,0.06924522,160,0.8341964,-0.42930818,1.3863481,58,5638,3.2329411799999996,1.8252219,327680,-0.02761527905531693,0.21865234375,0.0677379589062184,1e-05,0.8997428342700005,0.2,-2.1709046624600887,0.01630476,1590,0.003367612138390541
20.0,0.069510646,0.043980427,161,0.846806,-0.39494008,1.4310819,58,5678,3.23264701,1.7370968,329728,-0.022705305833369493,0.180615234375,0.07341733138309792,1e-05,0.8870769813656807,0.2,-2.1640202298760416,0.01784187,1600,-0.007073991000652313
20.0,0.07543818,0.04827626,162,0.8298924,-0.38325652,1.441782,58,5713,3.2699999999999996,1.8331566,331776,-0.02716604495071806,0.2669921875,0.08327868818305433,1e-05,0.8748662173748016,0.2,-2.144220454990864,0.01928424,1610,0.042912036180496216
20.0,0.0796811,0.0524959,163,0.8632018,-0.40043372,1.4061687,58,5749,3.208823529999999,1.9375163,333824,-0.01817743819556199,0.1705078125,0.07260888068121858,1e-05,0.8898435831069946,0.2,-2.1493160467594863,0.015463655,1620,0.001483771950006485
20.0,0.0759041,0.051859155,164,0.8182699,-0.40668607,1.3539809,58,5790,3.1035293699999995,1.9251382,335872,-0.01991975031851325,0.159326171875,0.0805482502852101,1e-05,0.887615256011486,0.2,-2.144628415629268,0.014375905,1630,-0.00753273069858551
20.0,0.07613705,0.050378308,165,0.86676174,-0.3930786,1.4328784,57,5826,3.3270588000000005,1.7685956,337920,-0.024824002556852066,0.20927734375,0.07086380498367362,1e-05,0.8872790187597275,0.2,-2.142813052982092,0.015759032,1640,0.02142728865146637
20.0,0.09205975,0.061091587,166,0.8443216,-0.3827293,1.4217134,57,5865,3.25823527,1.9464468,339968,-0.027381758770206942,0.235888671875,0.07829222727450542,1e-05,0.8895223066210747,0.2,-2.114041946083307,0.017464343,1650,-0.006744323298335075
20.0,0.08581279,0.056381598,167,0.85827106,-0.39712027,1.4452796,57,5905,3.28882349,1.7852514,342016,-0.023688838072121143,0.147412109375,0.07541686433833092,1e-05,0.8882432132959366,0.2,-2.137807654961944,0.014027717,1660,0.00030615925788879395
20.0,0.08238611,0.052897125,168,0.82187694,-0.41717452,1.4047179,57,5944,3.20411767,1.8726408,344064,-0.022393597735208458,0.177685546875,0.07634147262433544,1e-05,0.8899679929018021,0.2,-2.148412299156189,0.012659668,1670,0.0041036829352378845
20.0,0.07810211,0.05062712,169,0.84273815,-0.40495044,1.4405605,57,5985,3.265,1.897029,346112,-0.02379584290611092,0.191015625,0.06525609814561903,1e-05,0.8964027985930443,0.2,-2.1407465703785418,0.014376175,1680,-0.014247547835111618
20.0,0.0914849,0.05568007,170,0.8066321,-0.4102872,1.3649504,57,6025,3.1397058799999997,1.8646883,348160,-0.02740317720163148,0.2615234375,0.06855197245604358,1e-05,0.8972426205873489,0.2,-2.104568427056074,0.018475838,1690,-0.021757090464234352
20.0,0.08321277,0.05370499,171,0.81833285,-0.4272102,1.3733337,57,6065,3.1847058700000006,1.9611782,350208,-0.02458940623619128,0.17734375,0.06034587319009006,1e-05,0.90123300999403,0.2,-2.069030836224556,0.015460383,1700,-0.022996287792921066
20.0,0.07629692,0.04490736,172,0.8601836,-0.38447067,1.4059539,57,6105,3.2788235099999996,1.8632833,352256,-0.022008456045296044,0.147607421875,0.06098612719215453,1e-05,0.903669036924839,0.2,-2.0737792987376453,0.014487907,1710,0.0012552104890346527
20.0,0.07868949,0.051415384,173,0.8110933,-0.39824787,1.3338904,57,6144,3.1017646499999993,1.8311139,354304,-0.025639832086744717,0.173779296875,0.08046667705639265,1e-05,0.8844046518206596,0.2,-2.0862133495509623,0.017716475,1720,-0.02554238587617874
20.0,0.0821437,0.052417234,174,0.8432785,-0.42791107,1.3939482,57,6183,3.24647058,1.8765389,356352,-0.023128144297515973,0.15810546875,0.06738511778530665,1e-05,0.8901508897542953,0.2,-2.075051837041974,0.012155753,1730,-0.010089289397001266
20.0,0.09568158,0.06074717,175,0.85372996,-0.43938673,1.3701371,57,6222,3.1938235400000003,1.8652571,358400,-0.03053094669885468,0.231591796875,0.07227099111769349,1e-05,0.8907867074012756,0.2,-2.0714252032339573,0.017511116,1740,-0.015722613781690598
20.0,0.14583075,0.07066876,176,0.8483252,-0.42153853,1.4360468,57,6258,3.26882354,1.9200457,360448,-0.019370773117407224,0.132958984375,0.0805220170528628,1e-05,0.8846994712948799,0.2,-2.0842661675065757,0.009920373,1750,0.013653948903083801
20.0,0.07889031,0.051027793,177,0.84163713,-0.3928801,1.4226573,57,6293,3.27499995,1.7972138,362496,-0.02352466969168745,0.2041015625,0.08011990495724604,1e-05,0.8825363516807556,0.2,-2.105202408134937,0.018328678,1760,0.008881814777851105
20.0,0.07056883,0.049453627,178,0.87530583,-0.41183788,1.4183341,57,6327,3.23852942,1.8816016,364544,-0.019572202052222563,0.13125,0.0634077777445782,1e-05,0.9064598456025124,0.2,-2.0703074842691422,0.011289397,1770,0.0006417594850063324
20.0,0.09575958,0.0654078,179,0.8409922,-0.4042762,1.3854862,57,6362,3.2067647,1.8430763,366592,-0.018783770882873797,0.16904296875,0.09152989103458822,1e-05,0.8738594055175781,0.2,-2.0824105475097894,0.013046722,1780,0.009063106030225754
20.0,0.0966467,0.062841386,180,0.8443761,-0.4145742,1.3931406,57,6398,3.17764708,1.9728044,368640,-0.017217834753682836,0.109716796875,0.07150110829388723,1e-05,0.8947201743721962,0.2,-2.121943634003401,0.009472336,1790,0.040152665227651596
20.0,0.08370769,0.055127814,181,0.82267785,-0.43431854,1.3874128,57,6432,3.1938234600000004,1.8786795,370688,-0.024653714048326947,0.17841796875,0.08120992613257841,1e-05,0.8794250637292862,0.2,-2.0828410550951957,0.014538993,1800,0.020513132214546204
20.0,0.09299443,0.056713887,182,0.81636,-0.41808435,1.3878751,57,6466,3.2064705599999996,1.8961024,372736,-0.02460618861077819,0.14912109375,0.07119190876255743,1e-05,0.8875097632408142,0.2,-2.041033760085702,0.012119532,1810,-0.004487667232751846
20.0,0.09863536,0.060260363,183,0.85930526,-0.39458895,1.4715147,57,6502,3.3352940699999998,1.9048328,374784,-0.023472836762084625,0.1974609375,0.06671235985122621,1e-05,0.893170028924942,0.2,-2.087434274330735,0.012053329,1820,-0.018282944336533546
20.0,0.09702442,0.0572235,184,0.84194314,-0.40033278,1.4041139,57,6537,3.220882380000001,1.834153,376832,-0.023748137021902947,0.177587890625,0.07573383232229389,1e-05,0.8888736888766289,0.2,-2.082720348611474,0.015870435,1830,0.0159141942858696
20.0,0.07933483,0.048930965,185,0.84291065,-0.39481276,1.4416602,57,6571,3.3038235300000003,1.804858,378880,-0.02347804460732732,0.18173828125,0.06976926246425137,1e-05,0.8949830383062363,0.2,-2.077962738275528,0.015738884,1840,0.0060868412256240845
20.0,0.09693867,0.062687606,186,0.8491868,-0.39797717,1.4292135,57,6607,3.3035294399999993,1.8562728,380928,-0.03086762559833005,0.237060546875,0.06747588697471656,1e-05,0.8982631340622902,0.2,-2.0479323714971542,0.019556852,1850,-0.03108738176524639
20.0,0.071311265,0.042609386,187,0.8168115,-0.38679996,1.4248352,57,6642,3.25529411,1.8467833,382976,-0.02660048371180892,0.164453125,0.07057107181753963,1e-05,0.895399734377861,0.2,-2.0370892845094204,0.014880459,1860,-0.01123676635324955
20.0,0.072287336,0.043912206,188,0.8484841,-0.3968869,1.4489324,57,6676,3.2641176199999995,1.7944293,385024,-0.023477337935764807,0.16513671875,0.06204914600239135,1e-05,0.9001802057027817,0.2,-2.0411544535309076,0.0138796,1870,-0.02280641347169876
20.0,0.10072554,0.061549682,189,0.8540283,-0.38137072,1.4380661,57,6712,3.2735294000000006,1.8059382,387072,-0.0261922491597943,0.22646484375,0.06960782541427761,1e-05,0.8965996652841568,0.2,-2.0649572007358072,0.01643873,1880,-0.004946103319525719
20.0,0.08722152,0.056151643,190,0.84968334,-0.40117523,1.3843329,57,6749,3.1997058900000006,1.7930957,389120,-0.021612439103773796,0.123095703125,0.06928258937550709,1e-05,0.8907302469015121,0.2,-2.110494827479124,0.013579296,1890,0.0007841400802135468
20.0,0.07786311,0.05081281,191,0.789403,-0.38654315,1.3788948,57,6787,3.17235293,1.7967181,391168,-0.028019103955011816,0.220703125,0.07932045772322453,1e-05,0.8826132267713547,0.2,-2.105332374945283,0.020797838,1900,0.003326728940010071
20.0,0.08676396,0.04983055,192,0.86166126,-0.3991176,1.4284798,57,6824,3.2926470400000003,1.9071527,393216,-0.02572939732344821,0.1970703125,0.05943264436209574,1e-05,0.8971094563603401,0.2,-2.0303784381598233,0.020608991,1910,0.005883168429136276
20.0,0.07835212,0.05191903,193,0.86380786,-0.38400927,1.496408,57,6861,3.409411799999999,1.7872103,395264,-0.028864192610490134,0.26083984375,0.07217063299030997,1e-05,0.8918631598353386,0.2,-2.021178501844406,0.017393185,1920,0.022505152970552444
20.0,0.0711687,0.04748869,194,0.84035224,-0.4011759,1.4220067,57,6898,3.2241176899999995,1.8945069,397312,-0.026584602546063252,0.239013671875,0.07601549139944837,1e-05,0.889673113822937,0.2,-1.996624781563878,0.020478573,1930,0.0043990351259708405
20.0,0.08461367,0.051165454,195,0.84774363,-0.4160121,1.437854,57,6936,3.286470600000001,1.815023,399360,-0.021755178907187655,0.1580078125,0.07242089650826529,1e-05,0.8926944062113762,0.2,-1.9718222826719285,0.012777589,1940,0.004994142800569534
20.0,0.085478045,0.055165283,196,0.8783333,-0.39069998,1.4184055,57,6975,3.2385293900000005,1.755924,401408,-0.019872087467228995,0.18193359375,0.06750001794425771,1e-05,0.9021329805254936,0.2,-1.9768715441226958,0.015463867,1950,0.01413753256201744
20.0,0.09101133,0.061061725,197,0.8333066,-0.39821556,1.4015499,57,7015,3.2755881899999992,1.8227944,403456,-0.02824911129719112,0.197900390625,0.08271569972857833,1e-05,0.8822619169950485,0.2,-2.010253123193979,0.016613483,1960,0.018774740397930145
20.0,0.08852922,0.05632186,198,0.83669996,-0.41830736,1.4134693,57,7055,3.2664705500000006,1.8965887,405504,-0.023351117729907854,0.168212890625,0.06434025149792433,1e-05,0.9010370075702667,0.2,-2.025592314079404,0.01667736,1970,-0.01731281727552414
20.0,0.11413954,0.06851286,199,0.84463054,-0.40806714,1.432398,57,7095,3.2908823400000005,1.9870646,407552,-0.022000998377916404,0.181640625,0.06600141389062628,1e-05,0.9026465713977814,0.2,-2.0116678826510905,0.015356673,1980,0.018189894035458565
20.0,0.11173469,0.075411424,200,0.81261545,-0.40780067,1.3556468,57,7135,3.11352942,1.8502845,409600,-0.026614286977564915,0.174609375,0.08048789455206133,1e-05,0.8773630857467651,0.2,-2.0030357629060744,0.018128734,1990,-0.004789136350154877
20.0,0.06897886,0.046290874,201,0.84358907,-0.41369244,1.3977997,57,7175,3.1447059200000003,1.8314923,411648,-0.023017414842615835,0.14150390625,0.06757814235752449,1e-05,0.8910939916968346,0.2,-1.9889971006661653,0.015251519,2000,-0.010214671492576599
20.0,0.07861036,0.04922443,202,0.86346966,-0.42252982,1.392392,57,7215,3.2055881800000003,1.8778806,413696,-0.025642307044472547,0.203076171875,0.06964858241262846,1e-05,0.8938180655241013,0.2,-1.9552625730633735,0.017272465,2010,-0.0012866109609603882
20.0,0.08648697,0.0564897,203,0.8854719,-0.4162948,1.4418736,57,7255,3.3241176599999993,1.838088,415744,-0.0219425504677929,0.189208984375,0.08285476302262396,1e-05,0.8840178474783897,0.2,-1.9194848719984292,0.015745223,2020,-0.002133030444383621
20.0,0.09677185,0.06376131,204,0.8721368,-0.3843574,1.502958,57,7294,3.3982352299999996,1.8230587,417792,-0.02366794405534165,0.22578125,0.0796947377093602,1e-05,0.8906691670417786,0.2,-1.9425250682979822,0.018070644,2030,0.006280997768044472
20.0,0.10864552,0.08115626,205,0.85670304,-0.4214999,1.4512975,57,7333,3.29411766,1.9076012,419840,-0.02039720928587485,0.150732421875,0.06933586170198396,1e-05,0.8997946530580521,0.2,-1.974429566040635,0.01379561,2040,0.0005055330693721771
20.0,0.14777155,0.08843372,206,0.8390001,-0.40724805,1.4364052,57,7373,3.3138235499999995,1.9505397,421888,-0.016691767501470167,0.1056640625,0.06947823766968213,1e-05,0.9003352969884872,0.2,-1.9875695884227753,0.010214161,2050,-0.0006981547921895981
20.0,0.09189476,0.060356684,207,0.8069069,-0.41605985,1.3543733,57,7411,3.1088234999999997,1.867841,423936,-0.022371291532181203,0.13896484375,0.06891534693422727,1e-05,0.8955173268914223,0.2,-2.022235754877329,0.012093041,2060,0.00554792582988739
20.0,0.08087736,0.0536298,208,0.8260439,-0.3881632,1.393671,57,7449,3.2123529700000004,1.8696057,425984,-0.019283572462154553,0.1533203125,0.05930304304347374,1e-05,0.9034934863448143,0.2,-1.9655988030135632,0.013054058,2070,-0.0036798305809497833
20.0,0.105861284,0.07242168,209,0.81221205,-0.39810872,1.4229687,57,7488,3.2332352999999996,1.8772702,428032,-0.024780251280753875,0.18310546875,0.06620660194312222,1e-05,0.8973629102110863,0.2,-1.9513033621013165,0.020795958,2080,0.003335777670145035
20.0,0.12724149,0.09350155,210,0.8296394,-0.40968478,1.3805188,57,7526,3.17000001,1.8481033,430080,-0.020924644093611278,0.13427734375,0.06109353056526743,1e-05,0.9034190624952316,0.2,-1.996928808093071,0.012251111,2090,-0.0006628483533859253
20.0,0.10648221,0.066882595,211,0.8693443,-0.41254184,1.4893905,57,7563,3.3588235499999994,1.9023885,432128,-0.019544724404113367,0.12197265625,0.06975722477654926,1e-05,0.8927267268300056,0.2,-2.023008520901203,0.011828162,2100,0.01524924486875534
20.0,0.09882914,0.06731145,212,0.8303611,-0.41042137,1.4347832,57,7598,3.26529414,1.8584098,434176,-0.029424253990873693,0.235595703125,0.0751896339294035,1e-05,0.8912467733025551,0.2,-1.9880493067204952,0.017685534,2110,-0.00915399007499218
20.0,0.093217514,0.06074458,213,0.8526507,-0.4111355,1.471139,57,7634,3.3788235599999994,1.9045573,436224,-0.025323864609526937,0.19560546875,0.07264255202026107,1e-05,0.8850132003426552,0.2,-1.9670795504003764,0.015512411,2120,-0.0077231768518686295
20.0,0.0917044,0.06148612,214,0.85952204,-0.38704422,1.4339054,57,7669,3.2908823799999993,1.8965181,438272,-0.023800814733840527,0.17646484375,0.06208389647072181,1e-05,0.9101709648966789,0.2,-1.948766475915909,0.0142348865,2130,-0.012036259286105633
20.0,0.09353409,0.057763584,215,0.8511532,-0.3940021,1.4368691,57,7703,3.28764704,1.8832276,440320,-0.024710965933627448,0.14921875,0.07150896509410813,1e-05,0.8937546759843826,0.2,-1.964118592441082,0.015883403,2140,-0.016343403607606888
20.0,0.080373086,0.053151563,216,0.8360444,-0.39012486,1.4307717,57,7738,3.220588199999999,1.8730199,442368,-0.0220932478987379,0.17890625,0.07468638526042923,1e-05,0.8885312080383301,0.2,-1.9125419668853283,0.0142549835,2150,-0.01919509284198284
20.0,0.08420424,0.049953602,217,0.8523367,-0.38773435,1.4157474,57,7774,3.2935294099999997,1.8483613,444416,-0.02330458408105187,0.177587890625,0.0680634910124354,1e-05,0.8983622044324875,0.2,-1.9459314573556186,0.016973605,2160,-0.0007901620119810104
20.0,0.100476235,0.062491722,218,0.86717945,-0.41418266,1.4441435,57,7808,3.3061764499999997,1.8893172,446464,-0.02256670701026451,0.17939453125,0.0671655819285661,1e-05,0.9018661454319954,0.2,-1.9202682003378868,0.014137136,2170,-0.03556288778781891
20.0,0.104204744,0.061152197,219,0.8571513,-0.39243305,1.4209807,57,7844,3.2232352699999995,1.8714757,448512,-0.022700646927114577,0.176611328125,0.07416442069225013,1e-05,0.896396815776825,0.2,-1.9284704845398664,0.013810491,2180,0.020452937111258507
20.0,0.10215685,0.0580552,220,0.85622704,-0.4019611,1.4013944,57,7880,3.2332353500000006,1.8989449,450560,-0.02661878067010548,0.18037109375,0.08023155720438808,1e-05,0.8846582025289536,0.2,-1.9657434057444334,0.01590718,2190,-0.01985211670398712
20.0,0.09991,0.060018145,221,0.84386843,-0.38588572,1.4030938,57,7918,3.24735293,1.8407029,452608,-0.0256954367418075,0.151708984375,0.07790529363555834,1e-05,0.8864653557538986,0.2,-1.9544993434101343,0.012592995,2200,-0.0029622651636600494
20.0,0.097492814,0.055530824,222,0.8672926,-0.39005965,1.4175217,57,7953,3.232941180000001,1.8610297,454656,-0.019449421332683414,0.13828125,0.07486992112826556,1e-05,0.8897718191146851,0.2,-1.9421586871147156,0.013356909,2210,-0.0018298067152500153
20.0,0.102858506,0.075060025,223,0.82322395,-0.40285295,1.3692605,57,7989,3.1388235599999996,1.8169624,456704,-0.022363987533026375,0.172412109375,0.08813610688084736,1e-05,0.8778448551893234,0.2,-1.9274896647781135,0.016803538,2220,0.017201300710439682
20.0,0.08023797,0.051779862,224,0.8372152,-0.4165947,1.436197,57,8025,3.2373528999999994,1.8349289,458752,-0.022683013780624605,0.129541015625,0.06910117180086672,1e-05,0.8911700695753098,0.2,-1.943485240265727,0.011298344,2230,0.019202440977096558
20.0,0.06795956,0.04153332,225,0.85298204,-0.3954454,1.4150946,57,8060,3.2676470699999998,1.8486189,460800,-0.025701030777418053,0.210498046875,0.06564974572975188,1e-05,0.9012050703167915,0.2,-1.9229572083801032,0.014314499,2240,-0.004911921918392181
20.0,0.10221685,0.059493497,226,0.8399838,-0.42116356,1.4223211,57,8097,3.2147058800000003,1.8903986,462848,-0.022478119224251712,0.195751953125,0.06657353896298446,1e-05,0.9046082869172096,0.2,-1.9089201495051384,0.018201184,2250,0.035442180931568146
20.0,0.07564239,0.046426613,227,0.8670053,-0.38038248,1.4633744,57,8133,3.34235299,1.7810286,464896,-0.02669816430134233,0.19755859375,0.06989797424757853,1e-05,0.8947846740484238,0.2,-1.911984421685338,0.01569099,2260,0.010989286005496979
20.0,0.083862565,0.051910803,228,0.8850943,-0.3892759,1.4225157,57,8168,3.2820588,1.777025,466944,-0.02841172253829427,0.208154296875,0.07464852261473424,1e-05,0.89267847687006,0.2,-1.8864543914794922,0.018077567,2270,-0.0018355697393417358
20.0,0.09267155,0.05586695,229,0.862835,-0.38946855,1.4483054,57,8206,3.31794118,1.8973283,468992,-0.02364373267046176,0.15341796875,0.08566089586820454,1e-05,0.8830689564347267,0.2,-1.8959639929234982,0.015258041,2280,0.05313217639923096
20.0,0.09285083,0.060996808,230,0.85519594,-0.40989482,1.4293354,57,8243,3.25411763,1.8854897,471040,-0.025169905051006934,0.160546875,0.07600378840579651,1e-05,0.8926341533660889,0.2,-1.8720629036426544,0.014208633,2290,0.00674021802842617
20.0,0.10392801,0.05872096,231,0.8709111,-0.4098688,1.4416388,57,8280,3.28411762,1.8167431,473088,-0.02810194970079465,0.206201171875,0.06917364615947008,1e-05,0.8976894468069077,0.2,-1.8781956739723682,0.015266037,2300,-0.02368602529168129
20.0,0.08653637,0.054815374,232,0.85041225,-0.40222675,1.4018909,57,8315,3.2114705999999997,1.8423969,475136,-0.026746598203317262,0.17490234375,0.07681913131382316,1e-05,0.8919309228658676,0.2,-1.854379987716675,0.014730126,2310,-0.009341197088360786
20.0,0.07400083,0.044975042,233,0.84490234,-0.40201235,1.4184536,57,8350,3.2955882199999995,1.821334,477184,-0.02230102607863955,0.13310546875,0.07207698978018015,1e-05,0.8936943560838699,0.2,-1.848833929747343,0.015024524,2320,-0.0018238537013530731
20.0,0.068519324,0.040412202,234,0.8629945,-0.41435182,1.4262121,57,8384,3.2364705899999997,1.8429613,479232,-0.021970852339291014,0.14716796875,0.07136647449806333,1e-05,0.8960224762558937,0.2,-1.8453494306653737,0.014898003,2330,-0.029454762116074562
20.0,0.0715272,0.044600606,235,0.83311677,-0.40669763,1.3700209,57,8417,3.1979412000000003,1.9679288,481280,-0.02937343428202439,0.2162109375,0.0773626949521713,1e-05,0.8893415406346321,0.2,-1.857622156664729,0.018961255,2340,0.019988667219877243
20.0,0.105051085,0.059197523,236,0.831347,-0.41807827,1.4243526,57,8451,3.3111764400000006,1.9152099,483328,-0.027918912304448894,0.213330078125,0.06900089481496252,1e-05,0.8923802822828293,0.2,-1.8476610258221626,0.016302476,2350,0.003999423235654831
20.0,0.08735448,0.054667033,237,0.8318769,-0.4130224,1.3856845,57,8487,3.24352939,1.8978848,485376,-0.02907313947507646,0.203857421875,0.0625223456765525,1e-05,0.9014485254883766,0.2,-1.8575715281069278,0.016724657,2360,-0.01696743071079254
20.0,0.08049075,0.052249294,238,0.80518657,-0.3974804,1.358702,57,8523,3.0964705799999996,1.8815314,487424,-0.01844000510900514,0.136865234375,0.062226279586320744,1e-05,0.9057618752121925,0.2,-1.8728501737117766,0.0130012985,2370,-0.004605751484632492
20.0,0.12006345,0.08144355,239,0.8373295,-0.39313853,1.4297477,57,8560,3.2588235400000003,1.7883035,489472,-0.025273957019089723,0.183349609375,0.05982713094563223,1e-05,0.9028539881110191,0.2,-1.8577779456973076,0.016163826,2380,0.0021846704185009003
20.0,0.1243822,0.08773221,240,0.85879344,-0.39050782,1.4473917,57,8597,3.30294122,1.7950989,491520,-0.02149817481986247,0.13974609375,0.0761664922698401,1e-05,0.8851495534181595,0.2,-1.8641652591526507,0.0130322585,2390,-0.007007326930761337
20.0,0.16144371,0.10048231,241,0.855279,-0.42859966,1.4642075,57,8635,3.30235292,1.7940857,493568,-0.02238013023888925,0.14033203125,0.0704528400558047,1e-05,0.8978710174560547,0.2,-1.850594725087285,0.013656054,2400,-0.021285269409418106
20.0,0.12861258,0.08224917,242,0.83238035,-0.398009,1.4050643,57,8670,3.2091176200000002,1.8571765,495616,-0.027081304276362062,0.173828125,0.06716454636771232,1e-05,0.8985900431871414,0.2,-1.8510588340461254,0.015902683,2410,-0.002251073718070984
20.0,0.16504739,0.09346145,243,0.8821175,-0.3920101,1.4658718,57,8705,3.3423529100000002,1.8386298,497664,-0.022103024835814722,0.139404296875,0.06892289068200626,1e-05,0.8942475542426109,0.2,-1.830090795457363,0.013401495,2420,0.018162740394473076
20.0,0.15874596,0.11606987,244,0.84222895,-0.42840496,1.4623528,57,8740,3.27117647,1.7820257,499712,-0.024404555234650616,0.16142578125,0.0767479830305092,1e-05,0.8951432704925537,0.2,-1.854949936643243,0.016874515,2430,8.495151996612549e-05
20.0,0.10366266,0.063098565,245,0.8463814,-0.38300025,1.4810848,57,8777,3.3650000099999993,1.8133627,501760,-0.022034501054440624,0.1306640625,0.06988123924238607,1e-05,0.8947644382715225,0.2,-1.8684923533350228,0.012815486,2440,-0.005821900442242622
