long_std,time/total_timesteps,return_mean,short_std,time/fps,return_std,time/iterations,time/time_elapsed,long_mean,rollout/ep_len_mean,rollout/ep_rew_mean,short_mean,train/loss,train/value_loss,train/learning_rate,train/entropy_loss,train/approx_kl,train/n_updates,train/explained_variance,train/clip_fraction,train/clip_range,train/policy_gradient_loss
0.18672144,2000,0.94034445,0.05614658,78,2.1876535,1,25,0.0012856713,2000.0,119.0,0.053665664,,,,,,,,,,
0.18429273,4000,1.160658,0.0696158,85,2.0258646,2,46,0.002848838,2000.0,98.0,0.083122104,2.1085667610168457,5.250032638013363,1e-05,-0.6931323735043406,4.801867e-05,10,-0.0021523237228393555,0.0,0.2,-0.00028721582202706486
0.19236548,6000,0.81941444,0.067980446,88,2.144548,3,68,0.0014285288,2000.0,60.333333333333336,0.10290741,2.2714476585388184,4.17860945686698,1e-05,-0.6930047303438187,6.947311e-05,20,0.0005293488502502441,0.0,0.2,-0.0002574081241618842
0.18809517,8000,0.508612,0.062318362,90,2.0828545,4,88,0.0014709453,2000.0,40.5,0.07701448,1.9808955192565918,4.584164786338806,1e-05,-0.6929489957168699,1.9931118e-05,30,0.0002516508102416992,0.0,0.2,-0.0002765005046967417
0.18667649,10000,1.2217126,0.06377717,92,2.0398812,5,108,0.0037946897,2000.0,51.2,0.051981196,1.846060872077942,4.325777214020491,1e-05,-0.6930416112765669,2.5171961e-05,40,0.004741489887237549,0.0,0.2,-0.00013572438037954271
0.19208115,12000,0.6759498,0.04228721,93,2.100046,6,128,0.002056838,2000.0,37.166666666666664,0.053592727,2.9040889739990234,4.262864287942648,1e-05,-0.6929923178628087,7.539865e-05,50,0.008490562438964844,0.0,0.2,-0.00043545256194192915
0.18518046,14000,0.8585811,0.05004102,93,2.2192788,7,150,0.0024257083,2000.0,36.57142857142857,0.039783265,1.8698934316635132,4.3743818663060665,1e-05,-0.6928864469751715,1.3273646e-05,60,0.015137791633605957,0.0,0.2,-0.0002562689041951671
0.18259345,16000,1.6930847,0.06486923,92,2.0753646,8,172,0.0034694362,2000.0,46.875,0.075745165,1.276595950126648,4.833571012318134,1e-05,-0.6927785148844123,3.2051612e-05,70,0.01595485210418701,0.0,0.2,-0.0003059519673115574
0.19403253,18000,1.5817624,0.061893042,92,2.3637006,9,194,0.00094436714,2000.0,44.666666666666664,0.053705815,1.5457799434661865,4.343117159605026,1e-05,-0.6923827104270458,9.3751005e-05,80,0.025572657585144043,0.0,0.2,-0.0002896456338930875
0.18282083,20000,1.3747118,0.13107961,92,2.2403755,10,216,0.0012847554,2000.0,40.9,0.06707685,1.5683138370513916,5.557042345404625,1e-05,-0.691842882707715,8.009339e-05,90,0.00010353326797485352,0.0,0.2,-0.0005831169371958822
0.17952906,22000,2.009023,0.06490004,92,2.1082292,11,239,0.0036224355,2000.0,46.90909090909091,0.06331326,2.2597403526306152,4.91902187410742,1e-05,-0.6914385361596942,0.0001080432,100,0.015408873558044434,0.0,0.2,-0.0005666009383276105
0.17982821,24000,2.0169513,0.065660805,91,2.070162,12,261,0.0028636528,2000.0,46.416666666666664,0.059121527,2.3680405616760254,4.448140527307987,1e-05,-0.6897953091189265,0.001464099,110,0.015078723430633545,0.0,0.2,-0.0018235164156067186
0.18763448,26000,2.810944,0.07797448,91,2.120448,13,285,0.0039971503,2000.0,53.15384615384615,0.08960051,1.889150857925415,4.285711719095707,1e-05,-0.6846644951030612,0.001082903,120,-0.004288673400878906,0.0,0.2,-0.0020903652970446275
0.18476427,28000,3.0647378,0.06416961,91,2.1619136,14,307,0.002139971,2000.0,55.42857142857143,0.07905064,2.3740110397338867,4.453728324174881,1e-05,-0.6695484729483724,0.0056603276,130,0.02821803092956543,0.0,0.2,-0.00355490276706405
0.18712234,30000,3.2619228,0.05374582,91,2.6007488,15,329,0.0020252932,2000.0,57.266666666666666,0.044965524,2.338146448135376,4.631225685030222,1e-05,-0.6414997929707169,0.0050655925,140,0.0070375800132751465,0.0,0.2,-0.0032879283680813387
0.1884799,32000,3.3679583,0.058279805,91,2.3525329,16,350,0.0045562517,2000.0,58.875,0.08267886,1.7332947254180908,6.535060203820467,1e-05,-0.5923793410882354,0.0059085703,150,0.022630512714385986,0.015283203125,0.2,-0.006306697288528085
0.18734886,34000,3.6116352,0.051313203,91,2.1117663,17,371,0.0037217261,2000.0,61.1764705882353,0.067435026,1.8433815240859985,5.245416936278343,1e-05,-0.5549762362614274,0.0031471725,160,0.04679471254348755,0.001025390625,0.2,-0.0031631008663680405
0.19079618,36000,3.1805513,0.07744758,91,2.5350523,18,394,0.002399253,2000.0,59.22222222222222,0.09242585,2.5163111686706543,4.356442947685719,1e-05,-0.5259239875711501,0.002784912,170,0.017449140548706055,0.003759765625,0.2,-0.004282475775107741
0.18300879,38000,4.274388,0.06319654,91,2.645428,19,415,0.0021048062,2000.0,66.21052631578948,0.07170029,3.317998170852661,6.051791690289974,1e-05,-0.525942472089082,0.0028504871,180,0.05875200033187866,0.005712890625,0.2,-0.003701176040340215
0.1887521,40000,4.9422226,0.041847624,91,2.6653035,20,436,0.0017137615,2000.0,71.05,0.053236485,3.7291085720062256,6.876564564555883,1e-05,-0.4781066535040736,0.0036168122,190,0.031796813011169434,0.035791015625,0.2,-0.0051019825274124745
0.18811429,42000,5.436947,0.0385272,91,2.7317374,21,457,0.0032771935,2000.0,74.85714285714286,0.046284605,1.205790400505066,6.3691642612218855,1e-05,-0.4511742892675102,0.0020194123,200,0.09124386310577393,0.003369140625,0.2,-0.002356612589210272
0.18977216,44000,6.2083464,0.09085232,92,2.7912118,22,478,0.0037244682,2000.0,81.95454545454545,0.07909975,4.000537872314453,7.089404589682817,1e-05,-0.43967292085289955,0.003715055,210,0.04303693771362305,0.005517578125,0.2,-0.0023205367106129415
0.18679309,46000,6.98858,0.05683524,91,2.653283,23,500,0.0021035145,2000.0,87.8695652173913,0.052545194,1.7377604246139526,7.6531500041484835,1e-05,-0.432282495405525,0.0018041782,220,0.03164571523666382,0.01455078125,0.2,-0.0031025707663502543
0.18832114,48000,6.885034,0.07847081,92,2.2266982,24,521,0.0032824164,2000.0,89.70833333333333,0.05248999,2.604654550552368,6.977784160524607,1e-05,-0.40394355934113263,0.00096414716,230,0.009449958801269531,0.001953125,0.2,-0.0012298991059651598
0.1862097,50000,7.02746,0.042302985,92,2.6974723,25,542,0.000999034,2000.0,92.48,0.047821313,1.391222357749939,5.0898697309196,1e-05,-0.3879382871091366,0.0033176588,240,-0.03214919567108154,0.002734375,0.2,-0.004940848529804498
0.18671916,52000,7.997703,0.078189865,91,2.4907138,26,566,0.0009985988,2000.0,98.92307692307692,0.04221072,8.272881507873535,7.484081976860762,1e-05,-0.3651002891361713,0.0018284859,250,-0.042681097984313965,0.003857421875,0.2,-0.0029461770318448544
0.1898294,54000,7.5899405,0.04166673,91,2.724702,27,589,0.0021071576,2000.0,99.92592592592592,0.043568466,2.3128252029418945,6.317993622273207,1e-05,-0.32935379166156054,0.0023441636,260,-0.0041239261627197266,0.012060546875,0.2,-0.0033874501881655306
0.19046898,56000,8.887701,0.062351853,91,2.4158008,28,610,0.001283833,2000.0,107.89285714285714,0.063133724,1.6521536111831665,7.60533210337162,1e-05,-0.3347978721372783,0.0017211232,270,-0.0290297269821167,0.0005859375,0.2,-0.000813072599703446
0.18515389,58000,9.097618,0.052638985,91,2.1818419,29,631,0.0023025607,2000.0,111.58620689655173,0.06421561,1.3464492559432983,6.023071586340666,1e-05,-0.29836621750146153,0.0011525754,280,0.006263315677642822,0.0107421875,0.2,-0.002832441529608332
0.18473126,60000,9.436467,0.08176193,91,2.5779676,30,652,0.003177485,2000.0,115.53333333333333,0.05122122,5.236144065856934,4.65964874997735,1e-05,-0.29974373877048494,0.0019099105,290,0.02035367488861084,0.015283203125,0.2,-0.0037440333544509485
0.18568899,62000,10.51683,0.07159308,91,2.2778573,31,673,0.0019636678,2000.0,122.16129032258064,0.052642725,3.5407960414886475,6.719789612293243,1e-05,-0.2785766619257629,0.00071016455,300,-0.01595306396484375,0.001513671875,0.2,-0.0003749246126972139
0.18681416,64000,11.515817,0.06433465,92,2.4948277,32,695,0.0018551827,2000.0,129.03125,0.0772429,2.4313511848449707,5.163979732990265,1e-05,-0.24521754626184702,0.00078142714,310,0.0170365571975708,0.002587890625,0.2,-0.0020207026187563314
0.18243632,66000,12.61426,0.03995334,92,2.4929528,33,716,0.0015194775,2000.0,135.93939393939394,0.03829489,2.0848782062530518,6.120501478016377,1e-05,-0.2337133831810206,0.0005963951,320,0.030173182487487793,0.003173828125,0.2,-0.0005556950141908601
0.18711512,68000,12.990614,0.034439705,92,2.347677,34,737,0.0037137708,2000.0,141.0,0.03254071,2.3326423168182373,6.311649541556835,1e-05,-0.20970826353877783,0.0016552642,330,-0.015222549438476562,0.022265625,0.2,-0.002847216221562121
0.18522273,70000,13.870291,0.03650676,92,2.8164253,35,757,0.0016402325,2000.0,147.45714285714286,0.037427787,2.0900254249572754,5.519678647816181,1e-05,-0.21032614735886454,0.0012045063,340,-0.008589506149291992,0.005810546875,0.2,-0.0022956190834520383
0.19403152,72000,14.31838,0.053971052,92,2.928697,36,777,0.0022009274,2000.0,153.11111111111111,0.046684008,3.379018783569336,8.16151572316885,1e-05,-0.18453205106779932,0.0007674555,350,-0.027239084243774414,0.001806640625,0.2,-0.0016363294853363186
0.18388769,74000,14.3183,0.06857584,92,2.3893483,37,797,0.0021159512,2000.0,157.13513513513513,0.05419943,6.832051753997803,8.564708707481623,1e-05,-0.1591314168414101,0.00027119392,360,0.0014274120330810547,0.002783203125,0.2,-0.000802380865206942
0.19331758,76000,14.794981,0.05419598,92,2.7047544,38,817,0.0041537113,2000.0,162.6315789473684,0.07755751,1.9482779502868652,5.810176601260901,1e-05,-0.15848787110298873,0.0008766317,370,-0.03010392189025879,0.00498046875,0.2,-0.0012011569997412153
0.18517366,78000,15.267615,0.06617398,93,2.5916896,39,838,0.0012856863,2000.0,167.48717948717947,0.059951987,3.303739309310913,7.301166970282793,1e-05,-0.14093004479072987,0.00033378802,380,-0.005830168724060059,0.00361328125,0.2,-0.001404762976744678
0.19102857,80000,15.178428,0.072350934,93,2.6692588,40,858,0.002434833,2000.0,171.075,0.08025473,2.463880777359009,6.557679745554924,1e-05,-0.14263843148946762,0.00093261374,390,0.016953110694885254,0.006787109375,0.2,-0.001273973472416401
0.18770927,82000,15.0666895,0.05521598,93,2.680246,41,878,0.0023910024,2000.0,174.609756097561,0.06575583,3.971863269805908,7.0482069559395315,1e-05,-0.13550722105428575,0.00046039047,400,0.0077838897705078125,0.001953125,0.2,-0.0006214873093995266
0.18857889,84000,15.814734,0.06034717,93,2.8125064,42,898,0.004187952,2000.0,179.52380952380952,0.048997864,2.3949527740478516,7.00824808254838,1e-05,-0.1353086934890598,0.00095925713,410,0.011372208595275879,0.0052734375,0.2,-0.001187060319352895
0.18462187,86000,15.9501915,0.05362041,93,2.4713728,43,919,0.0019981484,2000.0,183.58139534883722,0.035689715,6.27787971496582,7.696290574967861,1e-05,-0.1157463051378727,0.00056957704,420,0.025937318801879883,0.000146484375,0.2,-0.0005527479603188113
0.1847679,88000,16.617617,0.083354205,93,2.4190693,44,939,0.0027903395,2000.0,188.77272727272728,0.030100005,3.0965964794158936,6.09782997444272,1e-05,-0.12008332549594343,0.0007373624,430,-0.0054885149002075195,0.00498046875,0.2,-0.0008272587132523767
0.18696418,90000,17.666437,0.06557811,93,2.6505873,45,959,0.0018557096,2000.0,194.95555555555555,0.03538397,1.6858248710632324,5.70363497287035,1e-05,-0.11591382080223411,0.00027835584,440,0.0194779634475708,0.00107421875,0.2,-0.0006699439836665988
0.18856011,92000,17.510708,0.061117295,93,2.6673887,46,979,0.0023051447,2000.0,199.1304347826087,0.0942494,2.626533269882202,6.59354207366705,1e-05,-0.11047823778353631,0.00061557995,450,0.05795633792877197,0.00341796875,0.2,-0.0004151318556978367
0.18286005,94000,17.10893,0.05596333,94,2.6401935,47,999,0.0024275638,2000.0,201.5531914893617,0.03862854,4.493159770965576,6.712710194289684,1e-05,-0.12956056573893876,0.0007082616,460,0.051449477672576904,0.005810546875,0.2,-0.0007133807142963633
0.18093656,96000,17.565569,0.045498002,94,2.7370408,48,1020,0.002896193,2000.0,205.75,0.04063669,2.670363664627075,6.9527491822838785,1e-05,-0.1300055879750289,0.00088553387,470,0.001967489719390869,0.002685546875,0.2,-0.0015715332207037135
0.18486732,98000,17.612827,0.03937802,94,2.7734323,49,1040,0.0022194241,2000.0,209.3673469387755,0.038471457,2.1256532669067383,7.243406883627176,1e-05,-0.12312012233305722,0.0014329243,480,0.03000938892364502,0.010595703125,0.2,-0.0012970818526810036
0.19307491,100000,17.287281,0.04646507,94,2.5527933,50,1060,0.0030586792,2000.0,211.82,0.030505301,5.792165279388428,7.8258164957165715,1e-05,-0.12854499861132354,0.0009952621,490,-0.027106046676635742,0.005615234375,0.2,-0.0006331809083349072
0.17627732,102000,18.262531,0.04690511,94,2.874978,51,1081,0.0027875598,2000.0,216.7058823529412,0.023159442,1.7832667827606201,6.487875162065029,1e-05,-0.13264204512815922,0.0005847907,500,0.007757663726806641,0.00166015625,0.2,-0.0005279111021081917
0.18352197,104000,18.605383,0.06103249,94,2.7757647,52,1101,0.0031863267,2000.0,221.01923076923077,0.047775477,2.5462300777435303,8.381792164593936,1e-05,-0.10412782615749165,0.00050379115,510,-0.004715919494628906,0.006103515625,0.2,-0.0007183217458077706
0.18562415,106000,18.60814,0.107813984,94,2.9066987,53,1121,0.002228956,2000.0,224.39622641509433,0.09381128,3.56673002243042,7.811079505085945,1e-05,-0.1103429795242846,0.00024128304,520,-0.014771103858947754,0.0,0.2,-0.0001553596419398673
0.18720753,108000,18.540472,0.052785683,94,2.4554288,54,1142,0.0017132731,2000.0,227.0,0.043831553,3.2921361923217773,8.233631438016891,1e-05,-0.11691945642232895,0.0003394903,530,0.01776355504989624,0.00048828125,0.2,-0.0003347342484630644
0.19643822,110000,18.765009,0.0741669,94,2.865938,55,1162,0.0021373334,2000.0,230.3272727272727,0.048597,1.0877585411071777,6.006374534964562,1e-05,-0.11441245137248188,0.0011264372,540,-0.0058743953704833984,0.01728515625,0.2,-0.0011508113442687319
0.18794714,112000,18.509064,0.07297705,94,2.9304593,56,1182,0.003910146,2000.0,232.67857142857142,0.050750114,1.8841712474822998,8.20943370461464,1e-05,-0.09639695149380714,0.00014110167,550,-0.0053064823150634766,0.003369140625,0.2,-0.000675828721432481
0.18580928,114000,18.304161,0.08985594,94,2.6094658,57,1203,0.0028571,2000.0,235.12280701754386,0.064973265,4.562448978424072,8.495347093045712,1e-05,-0.09307042615255341,0.0010449754,560,0.004072308540344238,0.007861328125,0.2,-0.000898648657312151
0.18786964,116000,18.066954,0.059953578,94,2.6327124,58,1223,0.0020079578,2000.0,237.08620689655172,0.06666412,3.8806657791137695,6.459272645413876,1e-05,-0.10630919104442,0.0006658335,570,0.036305904388427734,0.00244140625,0.2,-0.0007239213242428377
0.18672918,118000,17.845776,0.05293178,94,2.6144848,59,1243,0.0029588027,2000.0,239.15254237288136,0.04834545,2.041994571685791,7.064635766297579,1e-05,-0.09977890133159235,0.00027391035,580,-0.04490339756011963,0.000927734375,0.2,-0.00044527036370709536
0.19891654,120000,17.602983,0.08317178,94,2.5364342,60,1264,0.0007142576,2000.0,240.86666666666667,0.06526806,2.2937607765197754,6.859344564378262,1e-05,-0.10667382022365927,0.0009015035,590,-0.01700890064239502,0.010986328125,0.2,-0.0010515058704186231
0.17964342,122000,18.454884,0.10397708,94,2.3741632,61,1284,0.003486877,2000.0,244.44262295081967,0.05057739,3.3477234840393066,6.207607118040324,1e-05,-0.11374566021841019,0.00023850343,600,0.025072753429412842,0.001123046875,0.2,-0.00015342351980507374
0.18257922,124000,18.255722,0.08503291,95,2.4531162,62,1304,0.0031418537,2000.0,246.59677419354838,0.07819897,2.785158395767212,5.579713157191873,1e-05,-0.09955017931060865,0.0005071111,610,-0.0011146068572998047,0.007861328125,0.2,-0.0008395391429075971
0.18892662,126000,18.798285,0.043297645,95,2.8967357,63,1325,0.0034589705,2000.0,249.65079365079364,0.052784313,3.8716654777526855,5.988926614820957,1e-05,-0.10745546818943694,8.5654494e-05,620,-0.004303932189941406,0.00419921875,0.2,-0.0002758075686870143
0.18969524,128000,18.553905,0.060540427,95,2.849245,64,1345,0.0029657928,2000.0,251.703125,0.06139141,3.0909507274627686,8.220544271171093,1e-05,-0.09360901325708255,0.00014356167,630,0.016286849975585938,0.001123046875,0.2,-3.954321291530505e-05
0.18788412,130000,18.450672,0.073478006,95,2.597647,65,1365,0.0018379496,2000.0,253.46153846153845,0.0360113,5.471380233764648,8.273380818963052,1e-05,-0.09851119227241725,0.00086715637,640,-0.028840065002441406,0.010400390625,0.2,-0.0006922116153873503
0.18462946,132000,19.286942,0.058426734,95,2.818892,66,1385,0.0036660251,2000.0,256.7121212121212,0.041278183,3.2218472957611084,6.600892862677574,1e-05,-0.10674608633853495,0.0006033877,650,0.014584779739379883,0.009326171875,0.2,-0.0009798085535294375
0.18296738,134000,19.357534,0.061764024,95,2.9005573,67,1406,0.0017142355,2000.0,259.1194029850746,0.06412401,1.7059675455093384,7.39087271541357,1e-05,-0.08735469195526094,0.00022288818,660,0.06703716516494751,0.00224609375,0.2,-0.000346008365158923
0.18687548,136000,19.42125,0.053218175,95,2.5929809,68,1426,0.0025148022,2000.0,261.19117647058823,0.041695137,1.8166238069534302,8.103387260437012,1e-05,-0.08904426258523017,0.00040375785,670,0.026699185371398926,0.007275390625,0.2,-0.0007882779464125633
0.18584111,138000,18.549614,0.036446095,95,2.838706,69,1446,0.0030447878,2000.0,262.1304347826087,0.035403572,1.2306039333343506,6.689868456125259,1e-05,-0.08730786179658026,0.00068071205,680,0.005572080612182617,0.004052734375,0.2,-0.00045504128211177887
0.18875891,140000,18.857079,0.06912002,95,2.6276274,70,1467,0.0024542701,2000.0,264.34285714285716,0.043455422,2.630589008331299,7.176265055686235,1e-05,-0.09481128529878333,0.000641734,690,0.09541976451873779,0.003515625,0.2,-0.0004388925852254033
0.19013879,142000,19.435625,0.04804467,95,2.6652892,71,1487,0.002459486,2000.0,267.14084507042253,0.04555335,2.832608938217163,6.972217101603746,1e-05,-0.08894044557819143,0.00043769774,700,-0.03714776039123535,0.004052734375,0.2,-0.0007002171420026571
0.18772988,144000,18.708601,0.050952476,95,2.5225708,72,1507,0.0027213132,2000.0,268.15277777777777,0.04730799,3.4243221282958984,6.780182852596044,1e-05,-0.09758454358670861,0.00040430814,710,0.04097557067871094,0.002001953125,0.2,-0.0009282631886890158
0.18483545,146000,18.815434,0.052908435,95,2.7227962,73,1528,0.0021422969,2000.0,269.8082191780822,0.0325608,2.4034106731414795,6.4495892114937305,1e-05,-0.09474602255504579,0.0004622764,720,-0.017462849617004395,0.007421875,0.2,-0.0007535170239862055
0.19042382,148000,18.93354,0.06682014,95,2.6255875,74,1548,0.0028571,2000.0,271.6756756756757,0.042820524,4.377676963806152,7.317810263484716,1e-05,-0.09491460678400472,0.00068307423,730,0.008976519107818604,0.013671875,0.2,-0.0013496647385181858
0.18788557,150000,19.460823,0.05675043,95,2.6193664,75,1568,0.0014138181,2000.0,274.14666666666665,0.05786266,2.3592090606689453,6.864761105179786,1e-05,-0.08961511452216656,0.00050801155,740,-0.005463123321533203,0.006103515625,0.2,-0.0007804388682416174
0.19373631,152000,19.044493,0.06020457,95,2.4778128,76,1589,0.0019335146,2000.0,275.32894736842104,0.06581202,3.355679750442505,6.926997967064381,1e-05,-0.08620968611212447,0.0006746239,750,-0.016754150390625,0.01064453125,0.2,-0.00123958169715479
0.18491414,154000,18.904871,0.052536085,95,2.5820308,77,1610,0.0030632939,2000.0,276.4805194805195,0.026587822,4.173445701599121,6.136059294641018,1e-05,-0.09031123371096328,0.0005683978,760,-0.0054978132247924805,0.005615234375,0.2,-0.00020046866702614353
0.18267596,156000,18.300766,0.054539952,95,2.555485,78,1630,0.0011436834,2000.0,277.0769230769231,0.062959984,5.260078430175781,6.6473080784082414,1e-05,-0.08210948461201042,0.00040926103,770,0.006608843803405762,0.0056640625,0.2,-0.0005813551571918652
0.18224253,158000,18.48056,0.06418063,95,2.9571583,79,1650,0.002184176,2000.0,278.72151898734177,0.06914642,1.3181986808776855,6.381228497624397,1e-05,-0.08906246598344296,0.0004749988,780,0.017809927463531494,0.001611328125,0.2,-0.0005488830312970095
0.18201983,160000,18.577463,0.041532528,95,2.950979,80,1671,0.0032373425,2000.0,280.0625,0.05197841,2.755749464035034,8.440212298184633,1e-05,-0.09145071326056495,9.06552e-05,790,0.02678072452545166,0.0001953125,0.2,-0.0001373686653096229
0.18323705,162000,18.863106,0.036441114,95,2.6824872,81,1691,0.0014280409,2000.0,281.7901234567901,0.022916386,2.867379665374756,8.22282840833068,1e-05,-0.08250216554733925,0.00018334607,800,0.05124610662460327,0.001025390625,0.2,-0.0005428607386420481
0.18570195,164000,18.606173,0.060558144,95,2.651411,82,1712,0.0022958633,2000.0,282.7926829268293,0.041495934,3.454983949661255,7.070994632691145,1e-05,-0.06845962005900219,7.883366e-05,810,0.008682012557983398,0.00107421875,0.2,-0.0002525743213482201
0.18364345,166000,19.450752,0.04600514,95,2.9565651,83,1732,0.001714236,2000.0,285.3734939759036,0.04126599,1.142276406288147,7.03136173337698,1e-05,-0.0699752708314918,0.00027929794,820,-0.013907670974731445,0.0005859375,0.2,9.188124386128038e-05
0.17900687,168000,19.30508,0.050107624,95,2.7892692,84,1752,0.0014913606,2000.0,286.60714285714283,0.0527459,1.184490442276001,8.742994879931212,1e-05,-0.06632123950403183,0.0002703554,830,-0.003108382225036621,0.001123046875,0.2,-0.0003690215904498473
0.18821287,170000,19.932468,0.036622945,95,2.4118333,85,1772,0.00214183,2000.0,288.6941176470588,0.03335208,3.1317105293273926,7.621652580052614,1e-05,-0.07224908087518997,9.334745e-05,840,0.0108412504196167,0.00029296875,0.2,-7.773762627039105e-05
0.1901563,172000,19.89892,0.055492803,95,2.538322,86,1793,0.0011428213,2000.0,290.04651162790697,0.04634759,2.5468740463256836,5.74357188642025,1e-05,-0.07071835734532214,0.00021755992,850,0.0030597448348999023,0.00029296875,0.2,3.835948882624507e-05
0.19195785,174000,19.518606,0.0774856,95,2.8932447,87,1813,0.0017137541,2000.0,291.1609195402299,0.0603571,3.033245086669922,6.2908947065472605,1e-05,-0.07259868844412268,1.5398662e-05,860,0.009061992168426514,0.0,0.2,0.0001552090630866587
0.18730497,176000,19.919054,0.07164744,95,2.7512102,88,1833,0.002837842,2000.0,292.75,0.07830739,4.477872848510742,8.021276561915874,1e-05,-0.0679476945893839,0.00046416654,870,0.028859972953796387,0.003369140625,0.2,-0.0008245766293839552
0.18723358,178000,19.051207,0.07811157,95,2.5293407,89,1854,0.0025338077,2000.0,293.2134831460674,0.09543399,2.101156711578369,7.384716892242432,1e-05,-0.06528523218003102,3.0379073e-05,880,-0.0007951259613037109,0.000244140625,0.2,-4.1119320667348805e-05
0.18936636,180000,19.786001,0.053955715,96,2.5653465,90,1874,0.0026505864,2000.0,295.2111111111111,0.07560169,4.676686763763428,6.309135055541992,1e-05,-0.06381915408419445,0.0004813552,890,-0.01105797290802002,0.009033203125,0.2,-0.0016321369068464265
0.17971586,182000,19.615368,0.05372405,96,2.777104,91,1894,0.0021243673,2000.0,296.24175824175825,0.06414213,1.5163341760635376,6.670531765371561,1e-05,-0.0616012119804509,0.00023654036,900,-0.01140749454498291,0.008740234375,0.2,-0.0007948752696393058
0.18278505,184000,19.786612,0.046124402,96,2.4902563,92,1915,0.0025709195,2000.0,297.60869565217394,0.05350583,4.427725791931152,7.353069093078375,1e-05,-0.0626319037459325,0.00031526716,910,0.03859072923660278,0.00068359375,0.2,-0.0002461980504449457
0.18404542,186000,20.023033,0.06613751,96,2.673976,93,1935,0.0038465,2000.0,299.2795698924731,0.064077675,4.383121013641357,6.009298606216907,1e-05,-0.06265797871164977,8.1153616e-05,920,0.02800571918487549,0.000830078125,0.2,-0.00011402021191315725
0.18791005,188000,20.41698,0.04806122,96,2.5113049,94,1956,0.003712288,2000.0,301.0531914893617,0.04915461,1.6966986656188965,7.247860970348119,1e-05,-0.058817015477688986,4.7844544e-05,930,-0.016374826431274414,0.0025390625,0.2,-0.00035917666391469536
0.17920248,190000,20.338188,0.05322551,96,2.7566428,95,1976,0.0023337419,2000.0,302.36842105263156,0.04729675,1.4120689630508423,6.389017672091723,1e-05,-0.054141271521802994,0.0002244185,940,-0.01631009578704834,0.001171875,0.2,6.558864115504547e-05
0.18946247,192000,20.925907,0.05489289,96,2.3726394,96,1996,0.0027399831,2000.0,304.28125,0.043252945,2.3904459476470947,7.350432223081588,1e-05,-0.05259659616858699,0.0001331179,950,0.017074644565582275,0.002880859375,0.2,-0.00014200247678672895
0.18270464,194000,20.85246,0.05423339,96,2.7361438,97,2017,0.0031238939,2000.0,305.50515463917526,0.062294267,2.3062939643859863,5.480082656443119,1e-05,-0.04462270881049335,0.0002653904,960,0.008236825466156006,0.007470703125,0.2,-0.0011030937894247472
0.17948814,196000,20.474483,0.10011187,96,2.4883137,98,2037,0.005821682,2000.0,306.4387755102041,0.07420427,3.289022445678711,7.578263518214226,1e-05,-0.05834395961719565,0.00018261553,970,-0.03770482540130615,0.00283203125,0.2,-0.0003788571571931243
0.18287946,198000,20.517847,0.04340412,96,2.8572497,99,2057,0.0012405115,2000.0,307.82828282828285,0.053939342,1.9497551918029785,6.0423013098537925,1e-05,-0.053373989218380304,0.00036642328,980,0.015626251697540283,0.0013671875,0.2,-6.9434754550457e-05
0.18291989,200000,20.310905,0.043545436,96,2.6946924,100,2078,0.0032129532,2000.0,308.74,0.06564941,15.016173362731934,8.155956445634365,1e-05,-0.04599891774705611,4.0435232e-05,990,0.006155192852020264,0.000634765625,0.2,2.5544565869495272e-05
0.17917739,202000,19.716446,0.068539806,96,2.5634549,101,2098,0.0033173193,2000.0,311.09,0.08325516,6.485844135284424,7.1111688651144505,1e-05,-0.042150531301740554,0.00032368186,1000,0.01696765422821045,0.005517578125,0.2,-0.0006653387288679368
0.18735942,204000,19.889006,0.1034933,96,2.6158247,102,2119,0.0032713825,2000.0,314.78,0.08228352,4.887542724609375,6.8827144734561445,1e-05,-0.04833243113826029,0.0002600324,1010,-0.044535279273986816,0.003369140625,0.2,-0.00035943276016041635
0.1860837,206000,19.353973,0.052503873,96,2.5238793,103,2139,0.0019038598,2000.0,318.36,0.057308584,8.384725570678711,6.929806045442819,1e-05,-0.04887066425872035,0.00028189164,1020,-0.028566598892211914,0.003466796875,0.2,-0.0005511803698027507
0.18568078,208000,19.25766,0.096599795,96,2.6369264,104,2160,0.0030274852,2000.0,322.63,0.0799095,1.5003645420074463,6.426938251033425,1e-05,-0.04979047282831743,0.00021574649,1030,-0.0027049779891967773,0.004296875,0.2,-0.00042182334000244736
0.1771283,210000,19.227262,0.05642368,96,2.6805544,105,2180,0.0024280262,2000.0,325.55,0.06588439,3.4016218185424805,6.765516387671232,1e-05,-0.04540109476656653,0.00013486962,1040,0.016398310661315918,0.0025390625,0.2,-0.00042839110683416947
0.1914362,212000,18.652943,0.0708964,96,2.6820157,106,2201,0.0024268446,2000.0,329.35,0.10220348,2.5001540184020996,7.088549771904946,1e-05,-0.04503054920351133,0.00021124838,1050,0.006335139274597168,0.00185546875,0.2,-0.00033333779574604703
0.18994536,214000,19.379974,0.08105753,96,2.6656172,107,2221,0.0025700743,2000.0,333.76,0.06586467,3.130666494369507,7.202249190956354,1e-05,-0.04500123061006889,0.00014941985,1060,0.007177472114562988,0.0041015625,0.2,-0.000535370537545532
0.18368012,216000,19.166395,0.08746486,96,2.9442198,108,2242,0.002570893,2000.0,336.27,0.08285453,2.4980239868164062,6.829018574953079,1e-05,-0.04224736821488477,7.110296e-05,1070,0.021271228790283203,0.00068359375,0.2,-3.2157229725271463e-05
0.18735881,218000,19.460035,0.0698775,96,2.343348,109,2262,0.0016181144,2000.0,340.43,0.063604794,2.65118670463562,8.51636755913496,1e-05,-0.04352791004348546,0.00015193291,1080,-0.02570343017578125,0.004248046875,0.2,-0.00027205036312807354
0.18183583,220000,19.106043,0.0480137,96,2.6531444,110,2282,0.002713415,2000.0,344.14,0.066787764,1.6291629076004028,5.420543772727251,1e-05,-0.04201148155261762,0.00024384918,1090,0.004004061222076416,0.00458984375,0.2,-0.0005736579492804595
0.18339737,222000,18.954254,0.062259596,96,2.5820155,111,2303,0.00091826107,2000.0,347.0,0.08373763,2.817347526550293,6.723439511656761,1e-05,-0.04171912860474549,0.00031583552,1100,0.03507298231124878,0.00361328125,0.2,-0.00015507801435887814
0.18781732,224000,19.386148,0.051367708,96,2.7805066,112,2323,0.003486782,2000.0,351.11,0.05201275,1.6422390937805176,6.5752140827476975,1e-05,-0.04424634992610663,0.00027479575,1110,0.00971895456314087,0.00517578125,0.2,-0.0007969884434714913
0.18790045,226000,19.635866,0.04793327,96,2.4554253,113,2344,0.0030554312,2000.0,354.05,0.040859338,4.2624897956848145,7.973597270250321,1e-05,-0.03723028477979824,6.503219e-05,1120,-0.03789246082305908,0.00048828125,0.2,-0.0001651700062211603
0.18375364,228000,19.572727,0.09362313,96,2.603274,114,2364,0.0023797383,2000.0,357.1,0.04696169,2.3263158798217773,6.035163912177086,1e-05,-0.036084716714685786,0.00017217066,1130,-0.025742530822753906,0.002880859375,0.2,-0.00022678853856632485
0.18920682,230000,19.86854,0.047772788,96,2.5023694,115,2384,0.0015713928,2000.0,360.79,0.065171935,8.118515968322754,6.701767035573721,1e-05,-0.03787488178932108,0.00022748017,1140,0.0011371970176696777,0.005712890625,0.2,-0.0005622028518700972
0.17929843,232000,19.443089,0.087508455,96,2.7567782,116,2405,0.003997243,2000.0,363.47,0.12582389,3.2853915691375732,6.130405920743942,1e-05,-0.03584397952654399,0.00030981834,1150,0.023282945156097412,0.005224609375,0.2,-0.000523854439961724
0.19369194,234000,19.650608,0.04856953,96,2.5769684,117,2425,0.0021418256,2000.0,366.85,0.050232932,3.0121381282806396,7.436695185303688,1e-05,-0.046592991246143356,0.00012417324,1160,0.010897517204284668,0.001513671875,0.2,-0.0001530559326056391
0.18605617,236000,20.158047,0.056013253,96,2.9590414,118,2445,0.0031413382,2000.0,371.33,0.046673913,4.034445285797119,6.731397514045239,1e-05,-0.0361031176726101,7.882921e-05,1170,-0.023003697395324707,0.00126953125,0.2,-0.00017278508457820862
0.18666212,238000,19.920578,0.061099254,96,2.8870068,119,2466,0.002447345,2000.0,373.29,0.06370529,2.8687427043914795,8.640678189694881,1e-05,-0.03084293589927256,7.224403e-05,1180,0.0034186840057373047,0.00126953125,0.2,-0.00021506502525880933
0.18551159,240000,19.897688,0.052393228,96,2.7732043,120,2486,0.0034473953,2000.0,375.87,0.08677428,2.895052194595337,8.28671513274312,1e-05,-0.03901701595168561,0.0002082613,1190,-0.004263401031494141,0.00341796875,0.2,-0.0004281282614101656
0.18556044,242000,19.857487,0.058348414,96,2.6523397,121,2506,0.003620112,2000.0,378.52,0.103686064,1.9775816202163696,7.46604768037796,1e-05,-0.033131472268723886,7.360286e-05,1200,0.019046008586883545,0.001416015625,0.2,-0.000360175539390184
0.19431429,244000,19.421942,0.034301087,96,2.7731342,122,2527,0.0019740334,2000.0,379.83,0.046318725,2.656609058380127,6.7030739791691305,1e-05,-0.032270805659936744,4.0809246e-05,1210,0.04084014892578125,0.0009765625,0.2,-5.647637590300292e-05
0.18966989,246000,19.78438,0.055252522,96,2.6923435,123,2547,0.0032856646,2000.0,382.09,0.06156028,4.13800048828125,7.555096697807312,1e-05,-0.03208509968826547,3.7474878e-05,1220,0.011295616626739502,0.000244140625,0.2,-7.928717241156846e-05
0.1820077,248000,20.2582,0.057449337,96,2.5342805,124,2567,0.0031444847,2000.0,385.46,0.046659302,2.665916681289673,7.14117651283741,1e-05,-0.03281655537430197,0.00043219796,1230,0.014271557331085205,0.003271484375,0.2,-0.00038539503584615885
0.1844822,250000,20.361813,0.059222825,96,2.66552,125,2588,0.0023748456,2000.0,388.25,0.067158245,2.544438600540161,6.442684457451105,1e-05,-0.037121328414650635,0.00016997507,1240,-0.013395428657531738,0.001513671875,0.2,-0.00032431785657536236
0.18336836,252000,19.998446,0.06786711,96,2.6553125,126,2608,0.0016489129,2000.0,389.51,0.047268346,3.461361885070801,6.627839529514313,1e-05,-0.041403455316321926,3.581663e-05,1250,0.049136459827423096,0.000537109375,0.2,-0.00010625092254485935
0.18126875,254000,19.944427,0.101598985,96,2.4935813,127,2628,0.004091428,2000.0,392.32,0.06736925,6.0059380531311035,6.921662172675132,1e-05,-0.039619851636234674,0.0001214784,1260,0.021295547485351562,0.00361328125,0.2,-0.00011576896067708731
0.18910788,256000,19.575062,0.062858164,96,2.540123,128,2648,0.0033948875,2000.0,392.82,0.0958226,2.8474795818328857,5.861174558848143,1e-05,-0.03620949587202631,0.000117882504,1270,0.03472965955734253,0.00087890625,0.2,0.00025617719074944034
0.18812656,258000,19.63313,0.06578302,96,2.8045027,129,2669,0.0024284197,2000.0,394.75,0.07672365,3.755871295928955,6.533107397705317,1e-05,-0.03156972801953088,0.00038318208,1280,-0.02622222900390625,0.006591796875,0.2,-0.0007576029864139854
0.18591447,260000,19.693136,0.06445206,96,2.6131504,130,2689,0.004913723,2000.0,396.74,0.080360085,2.6498072147369385,7.857859947532416,1e-05,-0.0362335247482406,0.00017398942,1290,-0.007332563400268555,0.003369140625,0.2,-0.000387697241967544
0.18741035,262000,20.49954,0.050941356,96,2.5716004,131,2709,0.0019994618,2000.0,398.6,0.06470713,6.6878790855407715,6.696221192181111,1e-05,-0.036614012517384255,8.094378e-05,1300,-0.0028609037399291992,0.0033203125,0.2,-0.000348080147523433
0.19115694,264000,20.057585,0.053701002,96,2.847305,132,2730,0.0036643813,2000.0,398.69,0.059298918,3.2979977130889893,6.299965146183967,1e-05,-0.03091970678360667,0.00016874919,1310,0.04828226566314697,0.00087890625,0.2,-1.1838751379400492e-05
0.18383858,266000,19.719048,0.09145627,96,2.493131,133,2750,0.0016246149,2000.0,398.86,0.0594153,3.854980945587158,8.124838496744633,1e-05,-0.03170581653539557,0.00031603366,1320,0.010045468807220459,0.00478515625,0.2,-0.0002461448195390403
0.1924918,268000,19.423618,0.05956281,96,2.2894926,134,2770,0.0025312633,2000.0,399.85,0.050381806,3.3070690631866455,6.16579453125596,1e-05,-0.05026474801125005,0.005024462,1330,0.013600587844848633,0.00439453125,0.2,-0.0010090288706123829
0.18385778,270000,19.680086,0.06028591,96,2.5952356,135,2791,0.0031418314,2000.0,400.49,0.08995895,1.7901809215545654,5.044094624370336,1e-05,-0.04161830832308624,0.0005459676,1340,0.03670656681060791,0.003564453125,0.2,-0.00020308226230554284
0.18021016,272000,19.678043,0.05717332,96,2.7272391,136,2811,0.003815368,2000.0,401.09,0.0772997,3.4092040061950684,6.599922248721123,1e-05,-0.049809463910060005,0.00027649358,1350,0.00012373924255371094,0.002734375,0.2,-0.0001248586137080565
0.18431659,274000,19.482868,0.058485337,96,2.7399502,137,2831,0.0027138223,2000.0,402.13,0.09779259,3.951904773712158,7.150085341185331,1e-05,-0.04027237167465501,0.00045318872,1360,0.029502689838409424,0.006591796875,0.2,-0.0005895937181776389
0.18460009,276000,20.49751,0.06559437,96,2.8605528,138,2852,0.003714243,2000.0,403.74,0.058087386,3.131324052810669,7.349738273769617,1e-05,-0.0326490026054671,0.00021931212,1370,0.018507063388824463,0.003173828125,0.2,-0.00030712560983374714
0.18674663,278000,20.442453,0.053885534,96,2.8743062,139,2872,0.0038517376,2000.0,404.3,0.08234648,2.7815308570861816,7.835502447187901,1e-05,-0.02838286114856601,0.00023629889,1380,0.02720797061920166,0.003564453125,0.2,-0.00022856192081235349
0.18828794,280000,20.173254,0.06244503,96,2.4323745,140,2893,0.0031277149,2000.0,405.1,0.089562975,12.959942817687988,8.07657195031643,1e-05,-0.03564704738819273,0.00016191881,1390,0.016973674297332764,0.004248046875,0.2,-0.000274563959101215
0.18555576,282000,20.226711,0.10292431,96,2.4965966,141,2913,0.002567484,2000.0,406.23,0.073987246,2.6957216262817383,5.748486968874931,1e-05,-0.0340686000068672,0.00011556444,1400,0.02135789394378662,0.00087890625,0.2,-9.785671718418599e-05
0.18646,284000,20.05644,0.040689807,96,2.7061737,142,2933,0.0021798916,2000.0,406.5,0.06320871,1.939579963684082,6.1714334733784195,1e-05,-0.03640023950138129,0.0002660796,1410,-0.014690279960632324,0.00498046875,0.2,-0.00039886260346975175
0.183633,286000,20.13395,0.047495678,96,2.955692,143,2954,0.0038374602,2000.0,407.27,0.047847945,3.1712088584899902,7.110309203714133,1e-05,-0.03729371146910125,0.00014083955,1420,0.024380981922149658,0.000341796875,0.2,6.574008439201862e-05
0.18634999,288000,20.368437,0.06545376,96,2.5589163,144,2974,0.0033311048,2000.0,407.55,0.101412795,5.224932670593262,8.371172735095024,1e-05,-0.03023730720160529,3.6073587e-05,1430,0.03659176826477051,0.003369140625,0.2,-0.00021961897728033363
0.18792683,290000,21.05285,0.058796924,96,2.5924475,145,2994,0.0027053596,2000.0,408.31,0.050844584,3.1935131549835205,6.228877730667591,1e-05,-0.04420169408549555,0.00012128911,1440,0.039441585540771484,0.00107421875,0.2,4.341462481534108e-05
0.19068561,292000,21.25357,0.06525922,96,2.7516294,146,3015,0.0018552919,2000.0,408.86,0.06877464,1.739384412765503,6.4757898099720475,1e-05,-0.03037557381321676,1.1862197e-05,1450,0.04595118761062622,0.00048828125,0.2,-8.995927346404642e-05
0.18259133,294000,21.44513,0.066000074,96,2.796704,147,3035,0.0028253582,2000.0,410.47,0.06513048,4.484294414520264,7.299300987273455,1e-05,-0.03450506094668526,0.00011583575,1460,0.02870553731918335,0.001611328125,0.2,-0.0004158616211498156
0.18522884,296000,20.847801,0.050672457,96,2.8266745,148,3055,0.0020559637,2000.0,410.14,0.037518553,3.8213601112365723,7.194241233915091,1e-05,-0.0383706882756087,6.5899716e-05,1470,0.0679369568824768,0.00263671875,0.2,-0.00016778602148406207
0.19251324,298000,20.919825,0.056692053,96,2.9528458,149,3076,0.0031405587,2000.0,410.99,0.052243393,3.1250064373016357,7.792427395284176,1e-05,-0.0435936883528484,0.00015812059,1480,0.027259767055511475,0.0046875,0.2,-0.0004859957523876801
0.1910827,300000,20.798172,0.050898008,96,2.5235393,150,3096,0.002883977,2000.0,411.75,0.048583373,3.442086935043335,7.562266004830599,1e-05,-0.038005973616964187,0.00032459944,1490,0.11882948875427246,0.004541015625,0.2,-0.0003818046214291826
0.19337489,302000,20.026653,0.05193699,96,2.4497657,151,3116,0.0031422277,2000.0,410.82,0.11203979,2.482164144515991,5.91352748721838,1e-05,-0.038879350967181384,2.2138353e-05,1500,0.06506121158599854,0.000390625,0.2,7.303827442228794e-06
0.18931356,304000,20.824564,0.05903275,96,2.8043203,152,3137,0.0016031747,2000.0,411.41,0.06582602,2.3543639183044434,5.499945881962776,1e-05,-0.03971287633758038,0.0003331585,1510,0.07141000032424927,0.003369140625,0.2,6.849600904388354e-05
0.18473326,306000,20.336653,0.06316241,96,3.0745442,153,3157,0.0019671244,2000.0,411.3,0.045902215,3.709878921508789,7.241409772634507,1e-05,-0.038963367497490256,6.340523e-05,1520,0.06774747371673584,0.000146484375,0.2,-4.891162097919732e-05
0.18784866,308000,20.092644,0.060383298,96,2.8676105,154,3177,0.0023515453,2000.0,411.42,0.07566545,3.7075681686401367,8.626819179952145,1e-05,-0.04721697006898466,0.00014417287,1530,0.0838274359703064,0.003173828125,0.2,-0.00016749569622334092
0.18909715,310000,19.913445,0.043614894,96,2.810391,155,3198,0.0018893876,2000.0,411.36,0.059825044,2.3690290451049805,7.834167504310608,1e-05,-0.043343834613915534,0.00035603996,1540,0.04267287254333496,0.007666015625,0.2,-0.0006295235245488584
0.18925591,312000,20.073492,0.047657494,96,2.763001,156,3218,0.0044196863,2000.0,411.9,0.050166596,3.543560028076172,7.344513699412346,1e-05,-0.03873358648852445,0.00017331113,1550,0.06524628400802612,0.00224609375,0.2,-0.0003125137256574817
0.18751602,314000,20.51143,0.07393021,96,2.8963675,157,3238,0.00278929,2000.0,413.22,0.0543666,8.192358016967773,6.83114345446229,1e-05,-0.03999136899365112,8.9270674e-05,1560,0.09290695190429688,0.0005859375,0.2,1.4508506865240633e-05
0.191942,316000,20.370173,0.07186579,96,2.970463,158,3259,0.00229043,2000.0,413.48,0.08107892,1.8595867156982422,7.2248751521110535,1e-05,-0.03215163623535773,0.00020982348,1570,0.13130563497543335,0.004443359375,0.2,-0.0004891220421995967
0.18482079,318000,19.549585,0.05955059,96,2.7212808,159,3279,0.0035933487,2000.0,413.54,0.12051549,7.628564357757568,7.663145964592696,1e-05,-0.04260646209004335,0.00010868635,1580,0.12647992372512817,0.002197265625,0.2,-0.00015160531766014173
0.18699205,320000,19.556843,0.06074728,96,2.6165323,160,3299,0.003371923,2000.0,414.19,0.09230853,1.2364578247070312,7.125668817013502,1e-05,-0.04345755807007663,7.9413265e-05,1590,0.0042732954025268555,0.00087890625,0.2,-4.37100330600515e-05
0.19400442,322000,19.365273,0.03671355,96,2.7339668,161,3320,0.0041590966,2000.0,413.59,0.038964387,2.295461416244507,6.485257617384195,1e-05,-0.040444959764136,0.0002066557,1600,0.036226511001586914,0.003662109375,0.2,-0.00020213217940181493
0.18845917,324000,19.216059,0.066422224,96,2.4968266,162,3340,0.0035700446,2000.0,413.5,0.09206625,0.9377961158752441,6.928151622414589,1e-05,-0.025743379186314995,0.00035223164,1610,0.07610398530960083,0.005078125,0.2,-0.0001992210018215701
0.18682037,326000,18.852474,0.088198036,97,2.5177488,163,3360,0.0019019126,2000.0,412.64,0.09344691,3.134335994720459,6.448984457552433,1e-05,-0.03227645675651729,0.00034623028,1620,-0.08324146270751953,0.00634765625,0.2,-0.0005010461885831319
0.18430723,328000,19.122606,0.085035495,97,2.4391727,164,3380,0.0027142356,2000.0,412.98,0.060816385,2.5678462982177734,6.101707049459219,1e-05,-0.03023302789661102,0.00026269266,1630,0.03235018253326416,0.006591796875,0.2,-0.000736878503812477
0.17775795,330000,18.560036,0.06491206,96,2.491294,165,3402,0.0032892646,2000.0,412.69,0.0750662,1.7457969188690186,5.869801585376263,1e-05,-0.034601168814697304,7.26312e-05,1640,0.0019922256469726562,0.001708984375,0.2,-0.00035157445236109195
0.17411767,332000,18.716642,0.057639543,96,2.8314362,166,3422,0.0031413862,2000.0,412.31,0.06574519,4.531918048858643,5.968292368203402,1e-05,-0.030738204886438324,0.00029934463,1650,0.02003324031829834,0.0044921875,0.2,-0.0009482850349741056
0.18299006,334000,19.00291,0.039791394,97,2.9207034,167,3443,0.0012954812,2000.0,412.36,0.040838975,1.7043066024780273,7.906884548813105,1e-05,-0.023435147901182063,5.840324e-05,1660,0.006840407848358154,0.000390625,0.2,-4.494429740589112e-05
0.18376656,336000,19.06748,0.06331178,97,2.603675,168,3463,0.0023892983,2000.0,412.44,0.051340226,4.01052188873291,7.804899081587791,1e-05,-0.020978750655194743,8.35612e-05,1670,0.07004910707473755,0.00166015625,0.2,-0.0002985914921737276
0.19256335,338000,19.85941,0.05153225,97,2.6934865,169,3483,0.0030001826,2000.0,414.15,0.0469394,5.005013465881348,6.734890094399452,1e-05,-0.018208338573458605,6.6495675e-05,1680,0.00039255619049072266,0.0015625,0.2,-0.00023314302961807698
0.18316883,340000,19.771835,0.062281996,97,2.3506985,170,3504,0.0027132868,2000.0,413.74,0.08405829,3.1131248474121094,6.555011471360922,1e-05,-0.016129481166717596,5.686909e-05,1690,0.08363360166549683,0.0005859375,0.2,-1.962052483577281e-05
0.19218375,342000,19.398249,0.055207007,97,2.589573,171,3524,0.0014280411,2000.0,412.89,0.06976818,2.410856246948242,5.4117241956293585,1e-05,-0.017690263513941318,0.00015838366,1700,0.011655867099761963,0.0033203125,0.2,-0.0003224193016649224
0.18555212,344000,19.60497,0.09712209,97,2.7351851,172,3544,0.0015189061,2000.0,413.56,0.10005676,3.014355421066284,6.5288283884525296,1e-05,-0.015710331044101623,5.4519624e-05,1710,0.009139716625213623,0.000830078125,0.2,-0.000230616339831613
0.18688625,346000,19.59271,0.051310863,97,2.6090724,173,3565,0.0022851839,2000.0,413.89,0.053987086,6.317111968994141,7.231707289069891,1e-05,-0.015380902416654862,1.9484432e-05,1720,0.027891457080841064,4.8828125e-05,0.2,-3.9182850741781294e-05
0.18027715,348000,19.683596,0.055495225,97,2.497442,174,3585,0.0026209778,2000.0,413.84,0.08718311,15.306699752807617,6.676787254214287,1e-05,-0.014912069830461405,0.00017191085,1730,0.010798513889312744,0.0025390625,0.2,-0.00024750852753641084
0.18615185,350000,19.562008,0.07447391,97,2.683393,175,3605,0.003544645,2000.0,413.38,0.11404196,3.226774215698242,6.087515761703253,1e-05,-0.01561610418430064,9.4334304e-05,1740,0.021786749362945557,0.001806640625,0.2,-0.00030547787609975786
0.1869261,352000,19.926374,0.06765103,97,2.7389293,176,3626,0.0032587822,2000.0,414.25,0.10504997,2.7053637504577637,6.789193166047335,1e-05,-0.014699977097916418,5.4909033e-05,1750,0.03462797403335571,0.000830078125,0.2,-0.00037304843281162905
0.18205677,354000,19.343307,0.07166122,97,3.0927584,177,3646,0.0031993107,2000.0,414.22,0.08883249,5.153226852416992,6.857945615798235,1e-05,-0.016474554786691444,5.088342e-05,1760,0.0742388367652893,0.00107421875,0.2,-0.00021948409703327344
0.18609728,356000,20.29942,0.05303911,97,2.6080525,178,3667,0.0025532441,2000.0,416.35,0.06472674,3.302299737930298,8.784639331698418,1e-05,-0.014954879085416905,5.4335454e-05,1770,0.06769102811813354,0.001318359375,0.2,-0.00010003848728956655
0.17138676,358000,20.223387,0.06703521,97,2.4699519,179,3687,0.0022429465,2000.0,416.27,0.08353998,3.1988964080810547,5.64424836859107,1e-05,-0.014292002258298454,3.0273135e-05,1780,0.17075848579406738,0.000244140625,0.2,-5.16579530085437e-05
0.18460862,360000,20.217966,0.046124358,97,2.6499362,180,3707,0.0037128706,2000.0,417.18,0.07102621,1.3764358758926392,6.228738564252853,1e-05,-0.0189676263515139,5.533133e-05,1790,-0.05500435829162598,0.00107421875,0.2,-1.2086036440450698e-05
0.18491277,362000,20.499855,0.07403442,97,2.9844494,181,3727,0.0028570923,2000.0,417.34,0.09925723,2.03033447265625,6.11340452209115,1e-05,-0.01592815677577164,9.294017e-06,1800,0.12063813209533691,0.00048828125,0.2,-5.646156496368349e-05
0.19874226,364000,20.123829,0.083860986,97,2.5238078,182,3748,0.0029267455,2000.0,417.44,0.07719565,2.8161773681640625,8.1299226783216,1e-05,-0.01615965474775294,2.263242e-05,1810,0.07362061738967896,4.8828125e-05,0.2,3.950391546823084e-05
0.18804967,366000,20.769312,0.05699149,97,3.0147212,183,3768,0.0012477846,2000.0,417.62,0.08184892,2.2587227821350098,5.629891328513622,1e-05,-0.015504600430722349,0.0005674116,1820,0.09967601299285889,0.005078125,0.2,-0.0008644776971777901
0.19225158,368000,20.639618,0.06627777,97,2.8703415,184,3789,0.0011413441,2000.0,417.95,0.05883715,4.170454025268555,8.194873053580523,1e-05,-0.01480627447599545,1.824394e-05,1830,0.09470200538635254,0.0,0.2,-1.7814691818784923e-05
0.18665935,370000,20.626663,0.05996095,97,2.8941698,185,3809,0.0020425257,2000.0,417.54,0.07740067,2.6329591274261475,7.679926355928183,1e-05,-0.0160465799679514,5.0301605e-06,1840,0.059690892696380615,0.0,0.2,-3.204195818398148e-05
0.18610355,372000,20.39185,0.07841801,97,2.6600475,186,3830,0.0018562648,2000.0,417.42,0.11608408,1.798854947090149,7.226501120626926,1e-05,-0.01557000316970516,8.111916e-05,1850,0.11461913585662842,0.0009765625,0.2,-0.00016292558575514704
0.185457,374000,20.52046,0.043395206,97,3.2714252,187,3851,0.0017790647,2000.0,418.21,0.061885267,1.7254782915115356,5.45257823728025,1e-05,-0.018298779908218422,2.1581975e-05,1860,0.1998317837715149,0.000634765625,0.2,-9.430259669898077e-05
0.18744342,376000,20.458496,0.077301204,97,3.0638862,188,3871,0.0022621942,2000.0,417.85,0.09466242,7.708222389221191,8.171048693358898,1e-05,-0.01561816387111321,1.951761e-05,1870,0.22641050815582275,0.0,0.2,-8.276970766019076e-06
0.18729837,378000,20.267275,0.08144952,97,2.7995512,189,3892,0.0034825865,2000.0,418.55,0.08953658,2.7071099281311035,6.89064237177372,1e-05,-0.01615467090741731,8.118877e-05,1880,0.24843013286590576,0.00107421875,0.2,-8.69873256306164e-05
0.18448043,380000,20.262205,0.05208716,97,3.1005576,190,3912,0.003480893,2000.0,418.08,0.053136535,1.731496810913086,7.384291410446167,1e-05,-0.017286280647385865,3.292694e-05,1890,0.01920032501220703,0.000537109375,0.2,-0.00014192955859471112
0.18408932,382000,20.010098,0.064272135,97,3.0346422,191,3932,0.0033235033,2000.0,418.07,0.09116565,2.0640389919281006,7.665108225494623,1e-05,-0.01438133006595308,6.807895e-05,1900,0.19025027751922607,0.001123046875,0.2,-0.00027560472080949693
0.18287115,384000,19.840004,0.053479515,97,2.8059556,192,3953,0.0022846858,2000.0,417.95,0.08977942,5.452726364135742,7.639975804835558,1e-05,-0.01875760372786317,8.230825e-05,1910,0.16245532035827637,0.000537109375,0.2,-0.00022069686092436315
0.18834278,386000,19.981031,0.05197351,97,2.8921528,193,3974,0.0037505692,2000.0,417.8,0.063689426,2.422339677810669,6.305940455198288,1e-05,-0.02082359069463564,0.00017984252,1920,0.19886332750320435,0.00390625,0.2,-0.0005837395234266296
0.18514523,388000,19.733648,0.06154649,97,2.8021214,194,3994,0.001970215,2000.0,417.17,0.047149394,1.9583088159561157,6.415982305258512,1e-05,-0.020760979381157084,0.00078597956,1930,0.22826194763183594,0.003369140625,0.2,-0.0005065309276687912
0.18240783,390000,19.815516,0.05278288,97,2.3776386,195,4015,0.0028797223,2000.0,417.59,0.072634935,5.1446638107299805,6.310779148340226,1e-05,-0.02359386286625522,7.2875206e-05,1940,0.19445675611495972,0.0013671875,0.2,-0.00011587295739445835
0.18836859,392000,20.40525,0.054537274,97,2.8335135,196,4035,0.0014846341,2000.0,417.62,0.07616394,1.5045788288116455,5.5452932111918924,1e-05,-0.020720710647583473,0.00030370808,1950,-0.054889798164367676,0.004150390625,0.2,-0.0003758114704396576
0.19113056,394000,19.859491,0.039698258,97,2.6535637,197,4056,0.0030898193,2000.0,416.68,0.035988033,4.341835975646973,7.573177100718022,1e-05,-0.01990603554586414,4.2836182e-05,1960,0.030320823192596436,0.000390625,0.2,-8.377038757316768e-05
0.18469864,396000,19.30487,0.07843021,97,2.6211078,198,4076,0.0024285358,2000.0,416.38,0.10141194,13.218435287475586,7.0449229665100574,1e-05,-0.022490512451622636,0.00027874662,1970,-0.0060738325119018555,0.00283203125,0.2,-7.216739177238197e-05
0.18854216,398000,19.238626,0.06536992,97,2.8843913,199,4096,0.0021257778,2000.0,415.82,0.08157731,3.453115701675415,7.024351609498263,1e-05,-0.019795693893684074,9.105593e-05,1980,-0.04505622386932373,0.001171875,0.2,-0.0001413388250512071
0.17763919,400000,19.371517,0.0567773,97,2.8573253,200,4117,0.005059056,2000.0,416.07,0.082544826,11.989133834838867,8.066117483377457,1e-05,-0.018024156332830898,5.225613e-05,1990,0.01757735013961792,0.000927734375,0.2,-0.00014337664179038257
0.18362103,402000,18.791187,0.046412643,97,2.4547584,201,4138,0.003568141,2000.0,415.83,0.04800338,5.570241451263428,7.890521588921547,1e-05,-0.018247928596974817,0.0001986844,2000,0.03635275363922119,0.002392578125,0.2,-0.00022951464634388686
0.18096296,404000,18.901484,0.057549592,97,2.5716305,202,4158,0.0015369254,2000.0,415.55,0.07933136,3.381235122680664,5.911111161857844,1e-05,-0.022019846667535602,9.8306395e-05,2010,0.007608473300933838,0.000927734375,0.2,-1.9432464614510537e-05
0.19326346,406000,18.815369,0.08143322,97,2.5467808,203,4179,0.0020136442,2000.0,415.91,0.11435634,3.736762285232544,6.513102921843529,1e-05,-0.017907806488074128,8.65816e-05,2020,0.00033974647521972656,0.001708984375,0.2,-0.00027013095386791975
0.1789688,408000,18.842243,0.04296629,97,2.5714753,204,4199,0.0025704303,2000.0,415.74,0.047127757,3.0610973834991455,6.523472891002894,1e-05,-0.017746289342176168,8.5624575e-05,2030,-0.022045493125915527,0.002197265625,0.2,-0.00016727136971894652
0.19153203,410000,19.272314,0.055097926,97,2.5200307,205,4220,0.002456848,2000.0,416.67,0.049966294,1.7719542980194092,6.583881664276123,1e-05,-0.01879123038961552,6.104508e-05,2040,-0.0064623355865478516,0.0005859375,0.2,-6.476791168097407e-06
0.18310483,412000,20.627422,0.066043705,97,2.7484696,206,4240,0.0027743506,2000.0,418.75,0.07808229,2.7699506282806396,6.334821595996618,1e-05,-0.01460763887007488,4.4282555e-05,2050,-0.008071184158325195,0.001171875,0.2,-0.0001262978243175894
0.19061153,414000,21.111279,0.05333717,97,2.6097476,207,4261,0.0031454072,2000.0,418.7,0.06970256,4.90609073638916,7.547339348495006,1e-05,-0.017079935973742976,5.0681818e-05,2060,0.0024599432945251465,0.0015625,0.2,-0.0001686108866124414
0.18636067,416000,20.331865,0.06480698,97,2.4749599,208,4281,0.0017130665,2000.0,418.47,0.10260422,2.610194444656372,6.599872777611017,1e-05,-0.01884429079364054,1.6329694e-05,2070,0.021440982818603516,0.00078125,0.2,1.3362939353100955e-05
0.18433854,418000,20.081863,0.079867266,97,2.69151,209,4302,0.0015708827,2000.0,418.01,0.0894329,1.6585485935211182,5.869172711297869,1e-05,-0.02032499406632269,0.00032846173,2080,0.018349528312683105,0.00400390625,0.2,-0.00038154942449182273
0.1887677,420000,20.751783,0.048363503,97,2.8520124,210,4322,0.0028561172,2000.0,419.29,0.03726101,4.201470851898193,7.136702673137188,1e-05,-0.021296863176394253,0.0002225338,2090,0.004286646842956543,0.002294921875,0.2,-0.00016756633121985942
0.19266775,422000,20.896027,0.06271826,97,2.7828562,211,4343,0.002569093,2000.0,419.8,0.07459007,2.8591322898864746,7.637332005053759,1e-05,-0.015067658266343643,6.359859e-05,2100,0.04394441843032837,0.00078125,0.2,-0.00011078536626882852
0.18696761,424000,20.521067,0.0471725,97,2.9611635,212,4363,0.00239045,2000.0,419.13,0.06952999,3.497908353805542,7.3628395341336725,1e-05,-0.017746762091701385,9.5454074e-05,2110,0.03292036056518555,0.0013671875,0.2,-0.00018632715073181317
0.18696104,426000,20.849136,0.05482121,97,2.595197,213,4384,0.0039985417,2000.0,419.63,0.07440466,3.8183770179748535,8.40371211618185,1e-05,-0.020942201820435002,3.779179e-05,2120,0.043279826641082764,0.000634765625,0.2,-6.2100964714773e-05
0.18499354,428000,21.153835,0.07286893,97,2.9407585,214,4404,0.004569142,2000.0,420.42,0.049415488,2.3378078937530518,6.480092502385378,1e-05,-0.017279104630142685,7.315524e-05,2130,0.028491675853729248,0.000341796875,0.2,-1.1491880286484957e-05
0.17995486,430000,21.077261,0.09192259,97,2.8574893,215,4425,0.0023498537,2000.0,419.93,0.16104966,1.7107282876968384,8.085146352648735,1e-05,-0.015894413464411627,0.00011652557,2140,0.03552168607711792,0.000537109375,0.2,8.8201675680466e-06
0.18430741,432000,20.829868,0.05825439,97,2.7014148,216,4445,0.002514729,2000.0,420.48,0.041729495,1.892430067062378,7.923611890524626,1e-05,-0.01736801381339319,2.5036657e-05,2150,0.020496487617492676,0.000390625,0.2,-2.3646949557587505e-06
0.18618985,434000,20.600119,0.07121748,97,2.7546892,217,4466,0.0012851792,2000.0,420.34,0.06460907,6.766624450683594,6.613874118775129,1e-05,-0.019206219408806645,8.046007e-05,2160,0.09178954362869263,0.001171875,0.2,-0.00019264978618593886
0.1891574,436000,20.26479,0.05786773,97,2.7371104,218,4486,0.0041561415,2000.0,419.48,0.053081237,3.8950796127319336,7.386313998699189,1e-05,-0.01866070261457935,1.6271311e-05,2170,0.020961105823516846,0.0,0.2,-3.384944429853931e-05
0.1848017,438000,20.616259,0.08573149,97,2.561433,219,4507,0.0018360999,2000.0,420.38,0.08296387,3.4624269008636475,7.5404997482895855,1e-05,-0.01571063207811676,3.8390892e-05,2180,-0.016183018684387207,9.765625e-05,0.2,-5.541299760807306e-05
0.18441169,440000,19.938,0.06210438,97,2.6277044,220,4527,0.0027268764,2000.0,419.54,0.080326095,4.6346306800842285,6.575747833400965,1e-05,-0.01698892062267987,3.5265402e-06,2190,-0.014260172843933105,0.0,0.2,1.5630765119567513e-05
0.19297016,442000,20.490566,0.05477365,97,2.645782,221,4547,0.0025172287,2000.0,420.59,0.07150111,9.942144393920898,7.1230112694203855,1e-05,-0.019011011232214513,2.4060544e-05,2200,-0.052658677101135254,0.0005859375,0.2,-0.00011450268211774529
0.18500416,444000,21.447645,0.08383039,97,2.7836726,222,4568,0.0036577093,2000.0,422.35,0.061320115,3.3410868644714355,6.741465692594647,1e-05,-0.017030168874771334,9.4316434e-05,2210,0.03263688087463379,0.002734375,0.2,-0.0005944990552961826
0.18795832,446000,21.65733,0.06337888,97,2.4520314,223,4589,0.0016949284,2000.0,422.38,0.08878744,2.3231821060180664,7.262272220104933,1e-05,-0.01889495201030513,0.00014071507,2220,0.05644667148590088,0.00224609375,0.2,-0.0001893406646559015
0.18154582,448000,21.519781,0.047696225,97,2.5794046,224,4609,0.0028317235,2000.0,422.31,0.04724565,1.9203416109085083,5.633754786103964,1e-05,-0.0215230669506127,0.0001807574,2230,0.016638219356536865,0.002783203125,0.2,-0.00033028357429429887
0.18511146,450000,21.054821,0.08600981,97,2.6417918,225,4630,0.0018570998,2000.0,421.92,0.098085776,2.1205766201019287,6.538314294815064,1e-05,-0.021180849912343546,0.00032597163,2240,0.0005232095718383789,0.00068359375,0.2,-0.00019941178761655464
0.19172096,452000,20.83709,0.066085994,97,2.6365395,226,4650,0.0028166226,2000.0,422.03,0.0903837,2.840449094772339,7.011739880591631,1e-05,-0.0217178826831514,0.00011779007,2250,-0.005711793899536133,0.001904296875,0.2,-0.0001440963678760454
0.19113691,454000,20.829052,0.08881994,97,2.7737584,227,4671,0.0023926378,2000.0,422.4,0.06242386,2.527998447418213,6.690246722847223,1e-05,-0.021888400506577456,1.7490238e-05,2260,0.024282336235046387,0.00048828125,0.2,-2.261069166706875e-05
0.18513215,456000,20.838793,0.04710321,97,2.537097,228,4691,0.0018566017,2000.0,422.96,0.116573855,2.7354958057403564,7.1767890200018885,1e-05,-0.02220604430185631,0.00012738295,2270,0.054980337619781494,0.0015625,0.2,-0.00013292977528180926
0.19009262,458000,20.570656,0.08363403,97,2.7774158,229,4712,0.0027976031,2000.0,422.93,0.077794775,5.257059574127197,6.460187028348446,1e-05,-0.022437612574140075,0.0001282653,2280,-0.030881762504577637,0.00263671875,0.2,-0.00019554252794478088
0.18273598,460000,20.800869,0.069787934,97,2.5454419,230,4732,0.0025713858,2000.0,423.17,0.09639925,2.158158302307129,7.224600048363209,1e-05,-0.01955224619305227,5.531119e-05,2290,0.05095565319061279,0.001904296875,0.2,-0.0005502479238202795
0.1945609,462000,20.36457,0.068953454,97,2.5920053,231,4752,0.002602363,2000.0,421.96,0.06430008,2.008612632751465,6.5937400393188,1e-05,-0.022405589767731725,1.8183695e-05,2300,-0.0268096923828125,0.00078125,0.2,4.046420799568296e-05
0.18660338,464000,20.446926,0.06452976,97,2.8025053,232,4773,0.00320464,2000.0,422.8,0.09339502,10.011947631835938,6.6463130168616775,1e-05,-0.020156951682292857,8.736132e-05,2310,0.01938307285308838,0.000634765625,0.2,-8.697850862517952e-05
0.18774295,466000,20.60015,0.08244691,97,2.6062102,233,4793,0.0017132639,2000.0,423.45,0.059761588,2.9874885082244873,7.561618155241012,1e-05,-0.020776882910286076,7.506754e-05,2320,0.021800518035888672,0.000390625,0.2,-3.3495092066004875e-05
0.18087342,468000,20.62689,0.07534933,97,2.4414294,234,4814,0.0022846998,2000.0,423.61,0.08832332,0.9557687640190125,6.581696863844991,1e-05,-0.017673123523127287,8.405256e-05,2330,0.006528019905090332,0.001953125,0.2,-0.0002571751087089069
0.18747552,470000,20.369524,0.05420869,97,2.7538579,235,4834,0.0030760088,2000.0,423.39,0.06671141,1.4921503067016602,5.755772308260203,1e-05,-0.019440847416990436,0.00061234913,2340,0.013766884803771973,0.002099609375,0.2,-0.0004043551773065701
0.18455055,472000,20.773273,0.06990079,97,2.8029253,236,4855,0.0018625938,2000.0,423.94,0.081046484,11.513045310974121,7.533377286046743,1e-05,-0.02005112756305607,0.00012852415,2350,-0.028623342514038086,0.00205078125,0.2,-0.0001403682224918157
0.18262884,474000,20.781702,0.04462474,97,2.880538,237,4875,0.003082782,2000.0,424.51,0.032178458,4.380020618438721,7.536608094722032,1e-05,-0.02161019786144607,1.14664435e-05,2360,0.0355297327041626,0.0001953125,0.2,-9.126835357164964e-05
0.1850667,476000,20.965376,0.075153776,97,2.8576012,238,4896,0.0016873514,2000.0,423.59,0.06711663,3.829226016998291,7.353007063269615,1e-05,-0.018699781215400436,9.6012984e-05,2370,0.09839314222335815,0.002978515625,0.2,-0.00043602905352599917
0.18676166,478000,20.951366,0.10042203,97,2.4030616,239,4916,0.0021418897,2000.0,423.79,0.10262182,2.3126890659332275,7.50769262984395,1e-05,-0.020216627951595,1.5138037e-05,2380,0.0804700255393982,0.0,0.2,2.198791189584881e-05
0.17671473,480000,20.364128,0.064104706,97,2.5599556,240,4937,0.0029234905,2000.0,423.47,0.070514604,5.991245746612549,5.3641785979270935,1e-05,-0.019285630268859676,0.00020831946,2390,0.04218417406082153,0.001904296875,0.2,-0.0004204372467938811
0.18737793,482000,20.037678,0.06783916,97,2.673046,241,4957,0.001998597,2000.0,423.07,0.071885325,2.715747833251953,6.4589385986328125,1e-05,-0.019526289842906407,1.5944068e-05,2400,-0.02946305274963379,0.00185546875,0.2,-0.00011674964334815741
0.186263,484000,20.064566,0.051184196,97,2.7829607,242,4978,0.0021428075,2000.0,423.32,0.0697231,2.498014450073242,6.871683536469936,1e-05,-0.01781372123368783,6.734874e-05,2410,0.0300140380859375,0.0005859375,0.2,-9.740511159179732e-05
0.18301794,486000,20.090364,0.055323474,97,2.967351,243,4998,0.0028847686,2000.0,423.18,0.06518945,1.9453555345535278,7.2513349682092665,1e-05,-0.018594362819567323,0.00018338059,2420,0.002250373363494873,0.003125,0.2,-0.00034324790758546444
0.17845726,488000,19.917294,0.037542507,97,2.646575,244,5019,0.0029314838,2000.0,422.62,0.07674983,3.553438186645508,7.817319001257419,1e-05,-0.018933132002712228,0.00019381495,2430,0.09537386894226074,0.002197265625,0.2,-9.18526842724532e-05
0.18559474,490000,19.699413,0.06401126,97,2.5865314,245,5039,0.0033980028,2000.0,421.21,0.05760654,1.808142066001892,6.621140529960394,1e-05,-0.025746841536602005,0.00013339924,2440,0.05133146047592163,0.00302734375,0.2,-0.00029413366282824425
0.181387,492000,19.770136,0.051035393,97,2.5491304,246,5060,0.0018561187,2000.0,420.88,0.08011272,1.6112322807312012,6.476489806175232,1e-05,-0.02843960986647289,0.00017939953,2450,-0.017427921295166016,0.00380859375,0.2,-0.0006730700668413192
0.18961547,494000,20.159548,0.071204856,97,2.5279112,247,5080,0.0014275413,2000.0,420.63,0.08289875,1.4781385660171509,6.335001597553491,1e-05,-0.02584707857458852,0.0002436915,2460,0.01861739158630371,0.00302734375,0.2,-0.00040374090167460963
0.18392168,496000,20.025753,0.0563628,97,2.523148,248,5101,0.0015713923,2000.0,420.97,0.07452974,3.272340774536133,6.36622639298439,1e-05,-0.020831700197595636,5.7928934e-05,2470,-0.02228677272796631,0.000927734375,0.2,-0.0002872394514270127
0.1824913,498000,19.712097,0.071519144,97,2.7099671,249,5121,0.0015713859,2000.0,420.02,0.07329374,2.387115001678467,5.975995279103517,1e-05,-0.019104167533805595,0.00010611836,2480,0.04952883720397949,0.00107421875,0.2,-6.61890095216222e-05
0.18927087,500000,20.250492,0.06688709,97,2.6328657,250,5142,0.0017142434,2000.0,420.84,0.07999788,2.6361398696899414,6.797202362865209,1e-05,-0.016588632453931496,1.6290462e-05,2490,0.06358063220977783,0.000341796875,0.2,-5.894474888918921e-05
0.17703235,502000,20.324936,0.04865231,97,2.7275426,251,5162,0.0025796008,2000.0,421.3,0.07244617,2.086103916168213,6.773446015268564,1e-05,-0.018500916080665775,2.8907642e-05,2500,0.017580866813659668,0.000244140625,0.2,-8.761644130572677e-05
0.1869707,504000,20.387157,0.07874886,97,2.895986,252,5183,0.0015713932,2000.0,420.8,0.054218765,14.214337348937988,6.722267385572195,1e-05,-0.02736927433288656,0.0014056972,2510,0.0904034972190857,0.0013671875,0.2,-0.0006241314462386071
0.185329,506000,20.051048,0.074138,97,2.7481477,253,5203,0.0025828572,2000.0,420.57,0.062349427,4.5648112297058105,7.862435354292392,1e-05,-0.048293772496981545,0.00042413402,2520,0.02676570415496826,0.004443359375,0.2,-0.000929269689368084
0.1796381,508000,19.25203,0.06328036,97,2.4897273,254,5224,0.0025713923,2000.0,419.84,0.07668013,3.242271661758423,7.230604761838913,1e-05,-0.043973332474706694,0.0008418131,2530,0.02833801507949829,0.01279296875,0.2,-0.0009430864389287308
0.18737325,510000,18.972725,0.054817263,97,2.6649504,255,5244,0.0013260714,2000.0,419.53,0.06974344,1.8141226768493652,5.638625477999449,1e-05,-0.04276747687836178,4.3901004e-05,2540,0.08455651998519897,0.002001953125,0.2,-0.0001050386592396535
0.18010722,512000,18.885977,0.047250923,97,2.7261755,256,5265,0.0030397493,2000.0,419.26,0.062119506,1.279731273651123,6.2671986982226375,1e-05,-0.04651781744323671,0.00012108356,2550,0.09743189811706543,0.001123046875,0.2,-0.00020013062021462247
0.18617244,514000,19.143593,0.054013673,97,2.358344,257,5285,0.0021076978,2000.0,418.72,0.054610282,2.873213529586792,6.843662244081497,1e-05,-0.04185084700002335,0.00014763088,2560,0.0684211254119873,0.001806640625,0.2,-9.505672496743501e-05
0.17802595,516000,18.743176,0.053105958,97,2.6893706,258,5306,0.0043984223,2000.0,418.34,0.08645123,1.5189011096954346,5.800113638490439,1e-05,-0.036905049206689,0.00029092608,2570,-0.060675978660583496,0.002001953125,0.2,9.534272539895028e-05
0.18798263,518000,19.079615,0.04902556,97,2.5398307,259,5326,0.0025713933,2000.0,418.8,0.09041027,3.1827526092529297,6.862154597789049,1e-05,-0.04188236886402592,0.00011820979,2580,0.03677445650100708,0.0013671875,0.2,-0.00018526806670706719
0.1816941,520000,18.75017,0.05654914,97,2.9364617,260,5347,0.0019999566,2000.0,418.5,0.06924519,2.679274797439575,6.305302346497774,1e-05,-0.045855374351958744,0.0002096154,2590,0.01575338840484619,0.0056640625,0.2,-0.0005694291554391384
0.187607,522000,18.85324,0.08460546,97,2.5630627,261,5367,0.0018561753,2000.0,418.48,0.13279232,5.262961387634277,7.826638929545879,1e-05,-0.041621429697261195,0.00044058127,2600,0.08169025182723999,0.005615234375,0.2,-0.0007620359945576638
0.19069043,524000,19.118202,0.079762064,97,2.626054,262,5388,0.0018560375,2000.0,419.07,0.18114688,3.5863943099975586,6.390162554383278,1e-05,-0.03814538027218077,0.00013572896,2610,0.009854495525360107,0.00146484375,0.2,-5.0839807954616845e-05
0.18993224,526000,19.733625,0.056725956,97,2.8168123,263,5408,0.0013130669,2000.0,420.73,0.05602291,2.1172494888305664,6.876947875320911,1e-05,-0.03978764961939305,1.6391874e-05,2620,-0.007884383201599121,0.00068359375,0.2,-5.427073483588174e-05
0.17769371,528000,19.698235,0.076383635,97,2.460305,264,5428,0.0026748218,2000.0,420.32,0.07362554,2.8447518348693848,7.874962973594665,1e-05,-0.04337091482011601,0.00019481953,2630,0.011309981346130371,0.003857421875,0.2,-0.00034142790973419325
0.17721038,530000,20.002504,0.04920762,97,3.0432236,265,5449,0.0036444336,2000.0,421.45,0.07938008,4.153615474700928,5.75288725271821,1e-05,-0.04925159193226136,0.00040043285,2640,0.0334051251411438,0.00419921875,0.2,-0.0003500972175970674
0.18849877,532000,20.31361,0.057371795,97,2.630519,266,5470,0.0035298665,2000.0,421.63,0.057798937,4.8737616539001465,8.93088864982128,1e-05,-0.03432715300878044,0.0007318046,2650,-0.006591439247131348,0.007470703125,0.2,-0.0010030691628344357
0.1857759,534000,20.332834,0.063073695,97,2.8247175,267,5490,0.0025127756,2000.0,421.85,0.052545246,3.8738932609558105,6.935542602092028,1e-05,-0.03817143431515433,0.00018603224,2660,-0.031783342361450195,0.002587890625,0.2,-0.0003829292065347545
0.18468522,536000,20.377409,0.056138426,97,2.542852,268,5511,0.0015704094,2000.0,421.95,0.067313276,3.1983373165130615,7.810761344432831,1e-05,-0.04710467128606979,0.00014684873,2670,0.006637632846832275,0.00244140625,0.2,-0.00032298768928740174
0.17752393,538000,19.932167,0.049527414,97,2.6084583,269,5531,0.002952816,2000.0,420.45,0.04187216,9.055010795593262,5.815583804249764,1e-05,-0.04166467509930953,6.088757e-05,2680,0.10860610008239746,0.000390625,0.2,-1.1514348443597556e-07
0.18473358,540000,19.458708,0.04425328,97,2.7373304,270,5552,0.0021428058,2000.0,420.7,0.06031211,1.5111967325210571,5.851384377479553,1e-05,-0.04651178253698163,5.3508993e-05,2690,0.12583661079406738,0.00126953125,0.2,-1.0755422408692539e-05
0.18742597,542000,19.730492,0.044836495,97,2.6864636,271,5572,0.0032999234,2000.0,421.26,0.063576914,1.5817769765853882,7.800769578665495,1e-05,-0.037130081609939226,0.00011886773,2700,-0.09616971015930176,0.0015625,0.2,-0.000366545602446422
0.18590362,544000,20.214874,0.050911408,97,2.547771,272,5592,0.0018825234,2000.0,421.85,0.110181525,2.4263179302215576,6.549763651937246,1e-05,-0.040292743273312226,0.00012623024,2710,0.06617581844329834,0.001708984375,0.2,-0.00010845083161257208
0.18957286,546000,20.263588,0.0656745,97,2.417414,273,5613,0.0017969134,2000.0,421.74,0.09387424,1.8250144720077515,6.219899885356426,1e-05,-0.04916439410299063,0.00021405722,2720,0.004261314868927002,0.00595703125,0.2,-0.000326440975186415
0.18515673,548000,20.196903,0.044174556,97,2.5215383,274,5633,0.0011994282,2000.0,421.98,0.06800015,1.7222850322723389,5.521963282302022,1e-05,-0.04364248727215454,0.00028762972,2730,0.042156219482421875,0.00302734375,0.2,-0.00015645518724340945
0.18837678,550000,19.976995,0.065593235,97,2.6385176,275,5654,0.0019990357,2000.0,421.82,0.0633146,3.1852006912231445,6.289842871576548,1e-05,-0.0562462916248478,0.00044843636,2740,0.006841897964477539,0.00654296875,0.2,-0.0006366170026012696
0.18237504,552000,19.803453,0.05071078,97,2.6327035,276,5674,0.002612175,2000.0,421.49,0.056159455,2.9877350330352783,6.6152336306869985,1e-05,-0.055450173205463214,0.00040493777,2750,0.03571045398712158,0.001806640625,0.2,-0.0004247511868015863
0.17501305,554000,19.437891,0.07431797,97,2.7587736,277,5695,0.0027050457,2000.0,421.3,0.09211056,3.167578935623169,6.832227358222008,1e-05,-0.04739001679699868,0.0002811253,2760,0.005310118198394775,0.00380859375,0.2,-0.0002217542612925172
0.18546343,556000,19.759983,0.047111787,97,2.7388737,278,5715,0.002250526,2000.0,420.38,0.058013283,3.0667543411254883,7.078692129999399,1e-05,-0.04152454840368591,0.00017555174,2770,0.05848491191864014,0.000244140625,0.2,-0.00016178269579540937
0.18291816,558000,19.627018,0.054042213,97,2.7541504,279,5736,0.00328471,2000.0,420.49,0.088410154,3.8117012977600098,7.182124318927526,1e-05,-0.050102299684658645,0.0001796521,2780,0.03034442663192749,0.00869140625,0.2,-0.0004957463956088759
0.18587045,560000,19.851355,0.077663705,97,2.7188187,280,5756,0.0028566064,2000.0,420.0,0.0570739,4.052524566650391,7.498458949476481,1e-05,-0.04781199745193589,0.00021498273,2790,-0.013938426971435547,0.0021484375,0.2,1.045966928359121e-05
0.18200682,562000,19.924593,0.047560625,97,2.7510338,281,5777,0.001902535,2000.0,419.92,0.05034613,2.9152162075042725,6.828003477305174,1e-05,-0.046915037877624854,0.00026277534,2800,0.06384706497192383,0.003271484375,0.2,-0.0004016575840068981
0.1818517,564000,19.914906,0.054203942,97,2.7853036,282,5797,0.0014039669,2000.0,420.34,0.10061003,2.011629104614258,7.119515563547611,1e-05,-0.03952877945848741,0.00033807565,2810,0.050953567028045654,0.00517578125,0.2,-0.0005717039428418502
0.18696472,566000,20.0578,0.058187455,97,2.7417288,283,5818,0.0025742955,2000.0,419.43,0.113279104,2.0871057510375977,7.341093970090151,1e-05,-0.04618632266065106,0.00066365424,2820,0.04431992769241333,0.00966796875,0.2,-0.0008857071108650417
0.19358121,568000,20.134258,0.04420027,97,2.9098043,284,5838,0.0019103418,2000.0,419.66,0.07479904,1.9260212182998657,7.260257394611836,1e-05,-0.05629006266826764,0.00027567253,2830,0.021962642669677734,0.0078125,0.2,-0.0004295542516047135
0.18794493,570000,20.46201,0.05482065,97,2.6458797,285,5859,0.0016222405,2000.0,420.17,0.062913366,2.0750179290771484,7.826749090850353,1e-05,-0.06657731610466726,0.00044427117,2840,0.060125887393951416,0.007421875,0.2,-0.0008523463737219572
0.18956132,572000,20.43447,0.074298,97,2.7570612,286,5879,0.0017985981,2000.0,420.07,0.07608221,2.765486001968384,6.4887736983597275,1e-05,-0.07387782995356247,0.0005198234,2850,0.05749702453613281,0.00517578125,0.2,-9.56896343268454e-05
0.18719034,574000,20.477509,0.06594553,97,2.8585386,287,5900,0.0028545482,2000.0,420.18,0.030904293,2.366680860519409,7.1854591332376,1e-05,-0.06492642159573733,0.0016908566,2860,0.04360008239746094,0.03447265625,0.2,-0.005064948723884299
0.18907298,576000,20.719048,0.05066206,97,2.6418104,288,5920,0.0013812743,2000.0,420.52,0.061415073,2.454685926437378,7.246198006719351,1e-05,-0.0457572714149137,0.00012032679,2870,0.099514901638031,0.004833984375,0.2,-0.0007300799334188923
0.17186745,578000,20.479609,0.064734735,97,2.980444,289,5941,0.0030732173,2000.0,420.15,0.14200523,2.8256752490997314,6.2447119422256945,1e-05,-0.04206190698605496,0.00022854416,2880,0.08103644847869873,0.00439453125,0.2,-0.0007820847065886482
0.18442181,580000,19.824083,0.052352536,97,2.60632,290,5961,0.0030828796,2000.0,419.05,0.07086994,1.655348777770996,7.5571123868227,1e-05,-0.041534488985780625,0.000116541385,2890,0.1351805329322815,9.765625e-05,0.2,-0.00025750807399163025
0.18585639,582000,19.766422,0.06803089,97,2.6252472,291,5982,0.003594862,2000.0,419.91,0.1139945,1.7488813400268555,6.089838106930256,1e-05,-0.044035966010415,0.00039371054,2900,0.06190335750579834,0.00537109375,0.2,-0.000519960152450949
0.18613452,584000,20.194899,0.076297365,97,2.5467043,292,6002,0.001606805,2000.0,420.38,0.061217267,2.0822980403900146,6.498475823551416,1e-05,-0.03285782799939625,0.00025865465,2910,0.04573923349380493,0.004931640625,0.2,-0.0002727358267293312
0.17676106,586000,20.383791,0.07023755,97,2.6988897,293,6022,0.001643361,2000.0,420.29,0.09691625,5.784204483032227,6.246191189438105,1e-05,-0.0311948601010954,0.00011333027,2920,0.016453683376312256,0.00068359375,0.2,-9.117633744608611e-05
0.18525614,588000,20.691668,0.05746644,97,3.1185534,294,6043,0.0024285358,2000.0,421.21,0.079466216,1.5989586114883423,6.633520576357841,1e-05,-0.03524147886782884,9.179361e-05,2930,0.0760568380355835,0.0013671875,0.2,-0.00016342487942893057
0.18561874,590000,20.721273,0.040208776,97,2.6120362,295,6064,0.0021746885,2000.0,420.78,0.049848944,5.182045936584473,8.59572043865919,1e-05,-0.03295117987727281,6.269736e-05,2940,0.1061362624168396,0.000927734375,0.2,-0.00038767874939367176
0.18619585,592000,20.691511,0.032090947,97,2.5825284,296,6084,0.002141342,2000.0,420.37,0.03369514,9.364508628845215,6.24865262657404,1e-05,-0.028453995345626027,0.0001894344,2950,0.08487915992736816,0.002734375,0.2,-0.00043238156649749726
0.178961,594000,20.677118,0.061402537,97,2.5793188,297,6105,0.0018561166,2000.0,420.93,0.09858967,2.6925158500671387,6.300821716338396,1e-05,-0.02885169466899242,1.1048804e-05,2960,0.03495895862579346,0.0,0.2,3.446096525294706e-05
0.18554868,596000,20.473795,0.0461046,97,2.620415,298,6125,0.0032408598,2000.0,421.62,0.037162125,7.520933628082275,6.519341356307268,1e-05,-0.03363450000179,0.00014392877,2970,0.018278121948242188,0.00283203125,0.2,-0.00018319871742278337
0.17770617,598000,20.607111,0.06399993,97,2.5623682,299,6145,0.0024277673,2000.0,421.69,0.08643087,1.972440242767334,6.157417812198401,1e-05,-0.03713591058331076,0.00014290946,2980,0.08198666572570801,0.0015625,0.2,-3.976266598328948e-05
0.18643941,600000,20.307938,0.04590528,97,2.7849903,300,6166,0.002714243,2000.0,421.7,0.065385036,1.7152483463287354,5.885322586447001,1e-05,-0.03344498569204006,0.0004036588,2990,0.08164417743682861,0.0080078125,0.2,-0.0008070928452070802
0.17536867,602000,20.266176,0.061953053,97,2.645175,301,6186,0.0011423144,2000.0,422.68,0.067549884,2.6706278324127197,7.084231414273381,1e-05,-0.02775658159662271,0.000108755485,3000,0.06988334655761719,9.765625e-05,0.2,-3.7469848757609724e-05
0.18783318,604000,20.571821,0.07600298,97,2.6676357,302,6207,0.003727397,2000.0,423.28,0.07637554,11.986342430114746,6.189467442035675,1e-05,-0.019588632590603082,0.00072007795,3010,0.10915380716323853,0.0033203125,0.2,-0.0004389912312035449
0.18715298,606000,20.561296,0.05679976,97,2.8046765,303,6227,0.0028330246,2000.0,423.6,0.12142793,6.183016300201416,6.899275384098291,1e-05,-0.017611770280927884,3.3374876e-05,3020,0.020624756813049316,0.00029296875,0.2,-5.096762615721673e-05
0.18147908,608000,20.575808,0.06522308,97,2.669311,304,6248,0.0026358967,2000.0,423.85,0.090651415,1.452693223953247,7.4182554565370085,1e-05,-0.018760299547284375,6.360152e-05,3030,0.02460533380508423,0.00068359375,0.2,-7.278351113200187e-05
0.18890691,610000,20.73198,0.06539191,97,2.9773262,305,6268,0.0032819873,2000.0,424.08,0.0698862,2.4345085620880127,5.912738502025604,1e-05,-0.02785202019585995,0.00019755638,3040,0.15402233600616455,0.00390625,0.2,-7.935395260574296e-05
0.18203647,612000,20.912,0.06170026,97,3.126832,306,6289,0.0021742487,2000.0,422.66,0.070105195,1.2054740190505981,7.266530936211348,1e-05,-0.021367009432287885,0.00013973765,3050,0.16913801431655884,0.001953125,0.2,-0.00011216363054700196
0.19066854,614000,21.064348,0.06797477,97,2.815525,307,6309,0.0016953356,2000.0,422.2,0.09472677,3.0272510051727295,8.148662800341844,1e-05,-0.024144085285661275,7.920072e-05,3060,0.142531156539917,0.002294921875,0.2,-3.4130938001908365e-05
0.1884976,616000,20.555536,0.047420867,97,2.86946,308,6330,0.001285693,2000.0,422.68,0.06900383,2.3985297679901123,6.496790903806686,1e-05,-0.02249112530553248,0.0001109086,3070,0.16809988021850586,0.0037109375,0.2,-0.00043856617994606493
0.18509132,618000,20.603949,0.048987586,97,2.7345874,309,6350,0.002525673,2000.0,423.22,0.09245405,3.542551279067993,6.864198514819146,1e-05,-0.025121504893468226,0.00011550289,3080,0.15117913484573364,0.0009765625,0.2,-0.00019939719350077213
0.18304324,620000,20.192932,0.06612672,97,2.8002813,310,6371,0.0019999575,2000.0,421.67,0.07159055,1.7710295915603638,6.404310870915651,1e-05,-0.025642383605008943,0.00010795363,3090,0.11243563890457153,0.00107421875,0.2,-0.0003072578314458951
0.185043,622000,19.867277,0.07484118,97,2.5905945,311,6392,0.0025705488,2000.0,421.16,0.06937913,2.622443437576294,6.489765167236328,1e-05,-0.02913588936935412,0.0005878291,3100,0.17673975229263306,0.00380859375,0.2,-0.0004452461114851758
0.18734764,624000,19.753792,0.045746524,97,2.858933,312,6413,0.0025460233,2000.0,421.29,0.049623366,2.624058723449707,5.547812384366989,1e-05,-0.03473200641165022,0.00020860699,3110,0.13900458812713623,0.005859375,0.2,-0.0007362836870015599
0.18571086,626000,19.535511,0.040762093,97,2.4320312,313,6434,0.0024267682,2000.0,420.05,0.04335389,2.1441383361816406,7.515638922899962,1e-05,-0.03475555467593949,0.00033777498,3120,0.05494678020477295,0.003125,0.2,-0.00026653689274098725
0.19194178,628000,19.450676,0.05305452,97,2.6013665,314,6454,0.002121858,2000.0,419.66,0.047546584,1.2952065467834473,5.401955409348011,1e-05,-0.03354397182702087,0.00041885846,3130,0.07247710227966309,0.003759765625,0.2,-0.0005808342451928183
0.188694,630000,20.077154,0.041021097,97,2.7057364,315,6475,0.0018094575,2000.0,421.0,0.040800516,2.046396493911743,6.026176848262549,1e-05,-0.031355948169948536,0.00063572975,3140,0.10332709550857544,0.00947265625,0.2,-0.0005057051603216678
0.1801127,632000,20.92645,0.049986213,97,2.8167067,316,6495,0.0038562883,2000.0,422.02,0.092303455,3.7985081672668457,5.987009550631046,1e-05,-0.023487092289724388,0.00029262705,3150,0.1509244441986084,0.003173828125,0.2,-0.0004055275901919231
0.18375042,634000,21.071663,0.07851243,97,2.7852197,317,6516,0.0041395333,2000.0,421.92,0.122622654,2.5382187366485596,6.915231233090163,1e-05,-0.02552567720413208,0.00011719488,3160,0.11998748779296875,0.000634765625,0.2,-0.00026851735165109856
0.18671499,636000,20.650179,0.051942974,97,2.8407452,318,6536,0.0011423215,2000.0,421.94,0.045419242,2.9320197105407715,6.989847169816494,1e-05,-0.022249653725884853,0.00025196926,3170,0.07875609397888184,0.00439453125,0.2,-0.00038137585361255335
0.18133527,638000,20.723555,0.03548945,97,2.4726377,319,6557,0.0025144152,2000.0,421.78,0.04252492,3.455709457397461,7.165488843619824,1e-05,-0.030798830981075297,0.00050392665,3180,0.10385245084762573,0.00625,0.2,-0.0005955071072094142
0.18453556,640000,21.019756,0.04594036,97,2.7263544,320,6577,0.0042402055,2000.0,423.2,0.05155951,2.4611411094665527,5.603230127692223,1e-05,-0.03141460155020468,0.00022325348,3190,0.055175065994262695,0.00263671875,0.2,-1.5883019659668208e-05
0.1817128,642000,20.842886,0.045532156,97,2.628662,321,6598,0.0029994913,2000.0,421.84,0.09941538,2.1813948154449463,6.101884572207927,1e-05,-0.033774438212276436,0.0005536312,3200,0.15583252906799316,0.004052734375,0.2,-0.00025599683867767454
0.19047914,644000,20.85955,0.064114794,97,2.54905,322,6618,0.0027132998,2000.0,421.12,0.05291107,1.6991126537322998,6.11726823374629,1e-05,-0.034441487232106736,9.302984e-05,3210,0.07960522174835205,0.001318359375,0.2,4.818802699446678e-06
0.18247855,646000,20.59375,0.036988523,97,2.6451662,323,6639,0.002283783,2000.0,420.31,0.03688726,1.4054956436157227,5.811492119729519,1e-05,-0.03052278759132605,0.0005153128,3220,0.08060437440872192,0.00927734375,0.2,-0.0011370606953278184
0.18647766,648000,20.467295,0.072097525,97,2.6053154,324,6659,0.0018571004,2000.0,420.31,0.066328675,1.5910590887069702,6.178778151422739,1e-05,-0.027359499171143397,0.00010134345,3230,0.10123205184936523,0.000634765625,0.2,-0.0003495519529678859
0.19212198,650000,21.057846,0.043583255,97,2.6151192,325,6680,0.0019268765,2000.0,421.32,0.03383774,1.6864466667175293,5.9202656172215935,1e-05,-0.03814263684471371,0.00039458685,3240,0.1155480146408081,0.0046875,0.2,-0.00021781952964374795
0.18844558,652000,21.192402,0.049309626,97,2.8338747,326,6700,0.0014036144,2000.0,422.25,0.038780957,1.5504122972488403,6.102937754243612,1e-05,-0.0332044438662706,0.00016179093,3250,0.10354369878768921,0.00234375,0.2,-0.00018845380400307478
0.17140926,654000,20.859163,0.061255343,97,2.8023489,327,6720,0.002594256,2000.0,421.17,0.11513943,1.6125932931900024,7.348491789400578,1e-05,-0.03569366255978821,0.00045064295,3260,0.06447380781173706,0.008544921875,0.2,-0.0009204282076098024
0.18109636,656000,20.075275,0.08082687,97,2.6608229,328,6741,0.00342329,2000.0,420.42,0.09132776,2.6422581672668457,7.013593627512455,1e-05,-0.03468070646631531,0.0003086931,3270,0.10054564476013184,0.0041015625,0.2,-0.00044549966987688093
0.18343802,658000,19.375162,0.06550707,97,2.525391,329,6761,0.0030053444,2000.0,419.84,0.10202621,2.3232507705688477,6.443368119001389,1e-05,-0.02786371613619849,0.00065854436,3280,0.07308119535446167,0.00615234375,0.2,-0.0008551427905331366
0.19129324,660000,19.351414,0.0711917,97,2.4495952,330,6782,0.0024271142,2000.0,419.62,0.058659755,2.0805022716522217,6.058941512554884,1e-05,-0.023933100947760976,0.00016002686,3290,0.020375430583953857,0.002392578125,0.2,-0.00015650923014618457
0.18890943,662000,20.30775,0.060174685,97,2.7024567,331,6802,0.0017048084,2000.0,420.75,0.06484006,2.3847944736480713,5.681111620366574,1e-05,-0.022889936613501048,9.856165e-05,3300,0.04543185234069824,0.000830078125,0.2,-9.69832472037524e-05
0.18609828,664000,19.914371,0.07846982,97,2.7740655,332,6823,0.0013975437,2000.0,420.13,0.10166587,2.2599220275878906,7.042091453820467,1e-05,-0.02984842280129669,0.00029415695,3310,0.01192772388458252,0.0015625,0.2,4.733374225907028e-06
0.18746084,666000,19.98736,0.0552743,97,2.7421248,333,6843,0.0021585468,2000.0,420.17,0.10523396,2.9075801372528076,6.857973282039166,1e-05,-0.030543191445758566,0.00038806,3320,0.08959001302719116,0.006103515625,0.2,-0.0006952383031602949
0.18720122,668000,20.124792,0.09027865,97,2.5956807,334,6864,0.0031162724,2000.0,420.06,0.084737144,3.1237452030181885,7.059286941587925,1e-05,-0.03127279773179907,0.00093113474,3330,0.058862507343292236,0.00927734375,0.2,-0.0006924827874172478
0.18935499,670000,20.405043,0.06656448,97,2.6281676,335,6884,0.0029971832,2000.0,420.66,0.064712204,2.9449641704559326,6.676295443624258,1e-05,-0.028737765639380086,0.00030403247,3340,0.019741833209991455,0.005224609375,0.2,-0.00039923518343130124
0.18885787,672000,20.587366,0.0672605,97,2.7353082,336,6905,0.0028538513,2000.0,420.56,0.0847294,1.2554734945297241,6.418578969687223,1e-05,-0.02273291589517612,0.00024840492,3350,0.01982957124710083,0.004345703125,0.2,-0.0006866731710033491
0.17974937,674000,20.224937,0.071462095,97,2.7258427,337,6925,0.0017677823,2000.0,419.5,0.070888095,2.242762804031372,6.602425317466259,1e-05,-0.01815127818554174,0.00012355101,3360,0.09075117111206055,0.0009765625,0.2,-0.0001682035333942622
0.18981037,676000,19.953781,0.054299645,97,2.4210558,338,6945,0.0024183064,2000.0,419.02,0.08242366,1.5042506456375122,7.2630841068923475,1e-05,-0.0333630599474418,0.0009493289,3370,-0.003783106803894043,0.00595703125,0.2,-0.0009002392645925284
0.18628198,678000,20.226072,0.0675707,97,2.7491431,339,6966,0.0019999573,2000.0,419.58,0.075534165,1.0512431859970093,5.70838378444314,1e-05,-0.04042602393164998,0.00043738744,3380,0.015550553798675537,0.00625,0.2,-0.0005336541886208579
0.19074622,680000,20.347815,0.06712517,97,2.6064403,340,6987,0.002206223,2000.0,420.26,0.08879468,10.074756622314453,6.965540049225092,1e-05,-0.03199037772865267,5.2954085e-05,3390,0.0862346887588501,0.00244140625,0.2,-0.00010208927415078506
0.18901443,682000,20.065788,0.06604705,97,2.7706707,341,7007,0.0014275742,2000.0,420.1,0.04819014,2.2686121463775635,6.212512467801571,1e-05,-0.03314148686331464,0.0001529243,3400,0.0694817304611206,0.001123046875,0.2,-0.00024299482465721666
0.18804558,684000,20.21846,0.03891632,97,2.8264797,342,7028,0.0014270549,2000.0,420.45,0.044183735,2.340725898742676,7.002580131590366,1e-05,-0.04124500774923945,0.00023402393,3410,0.0658605694770813,0.001123046875,0.2,-0.000414137021289207
0.18841419,686000,20.009617,0.06251733,97,3.0293527,343,7048,0.0032423162,2000.0,419.76,0.117602035,1.6427878141403198,6.149214055389166,1e-05,-0.035025830805534494,0.00013475609,3420,0.21849793195724487,0.00087890625,0.2,-0.00023441277735400945
0.18384796,688000,19.674843,0.05193802,97,2.6786466,344,7068,0.0017040176,2000.0,419.73,0.07508766,1.814131736755371,8.138906380534172,1e-05,-0.024494902427250054,4.7667418e-05,3430,0.0860590934753418,0.0009765625,0.2,3.6390349850989875e-05
0.18272737,690000,19.810787,0.068437405,97,2.7188036,345,7089,0.0048547694,2000.0,420.46,0.0925431,5.87296724319458,6.374630308896303,1e-05,-0.028431084513431414,6.4344975e-05,3440,0.09950733184814453,0.0,0.2,-8.675680728629232e-05
0.18839742,692000,20.36141,0.040161304,97,2.9318304,346,7110,0.0024024071,2000.0,421.38,0.029182816,9.345043182373047,6.047666789591313,1e-05,-0.033913230033067523,7.795755e-05,3450,0.16433095932006836,0.001123046875,0.2,-0.00021537513239309192
0.18928353,694000,20.687664,0.07577941,97,2.933032,347,7130,0.002241652,2000.0,421.42,0.07621231,13.151249885559082,7.62456081211567,1e-05,-0.02915842401125701,0.00031233154,3460,0.10489851236343384,0.00234375,0.2,-0.00010668315226212144
0.18473332,696000,20.747152,0.09184048,97,2.668897,348,7151,0.0009999642,2000.0,421.25,0.096173175,1.987084150314331,6.283229766786098,1e-05,-0.026248798225424252,0.00025680568,3470,0.24777555465698242,0.0041015625,0.2,-0.00043799224658869207
0.19207744,698000,20.422695,0.08067689,97,2.8038852,349,7171,0.002623325,2000.0,421.77,0.11468225,5.356364727020264,5.918952894955874,1e-05,-0.0328747495659627,0.0003098338,3480,0.15357762575149536,0.004296875,0.2,-0.00022258470125962048
0.18623011,700000,19.8183,0.06662128,97,2.556979,350,7191,0.0034164554,2000.0,420.18,0.06156085,1.49457585811615,6.314548745751381,1e-05,-0.02868903639318887,0.00025940558,3490,0.1743161678314209,0.002490234375,0.2,-0.00015491701196879148
