short_mean,short_std,time/time_elapsed,long_mean,time/total_timesteps,rollout/ep_len_mean,return_mean,return_std,long_std,time/iterations,rollout/ep_rew_mean,time/fps,train/clip_range,train/policy_gradient_loss,train/approx_kl,train/n_updates,train/explained_variance,train/value_loss,train/learning_rate,train/entropy_loss,train/loss,train/clip_fraction
0.2769988,0.2683703,30,-0.3858035,2048,20.0,0.833426,0.4914927,2.0126357,1,2.3897058799999997,66,,,,,,,,,,
0.31196827,0.2824867,59,-0.37239867,4096,20.0,0.9369363,0.5523991,1.9801524,2,2.2514705600000005,68,0.2,-0.003534718678565696,0.0010231768,10,-0.07238888740539551,0.1587396808899939,1e-05,-3.555077138543129,0.04091772437095642,0.0
0.2760024,0.27087542,88,-0.3775037,6144,20.0,1.0240567,0.6266395,1.9791965,3,2.38970589,69,0.2,-0.0032447980367578564,0.0012683789,20,0.5075176656246185,0.08495104681351222,1e-05,-3.553508361428976,0.009782291948795319,0.0
0.32106158,0.31820026,117,-0.38831764,8192,20.0,1.0770946,0.64301103,2.037682,4,2.44088236,69,0.2,-0.0038157043949468062,0.0018948758,30,0.6553631126880646,0.08263787422329187,1e-05,-3.5509165905416014,0.024020487442612648,0.0
0.31359917,0.29161108,146,-0.37638372,10240,20.0,0.9997667,0.6630542,1.8776559,5,2.3479412,69,0.2,-0.004238148954755161,0.002620921,40,0.7364015281200409,0.07207581229740753,1e-05,-3.544762571901083,0.017655029892921448,0.008251953125
0.31993815,0.30579644,176,-0.39633214,12288,20.0,1.0739326,0.669732,2.014246,6,2.43794118,69,0.2,-0.004760738476761617,0.0026202053,50,0.7189013361930847,0.08686677871737629,1e-05,-3.5385339185595512,0.023120436817407608,0.00615234375
0.26664102,0.2562827,205,-0.37063164,14336,20.0,1.0310822,0.6482595,1.9719601,7,2.39323526,69,0.2,-0.008734398639353458,0.0070074704,60,0.7042497992515564,0.09585636021802202,1e-05,-3.5231564551591874,0.03205015882849693,0.032373046875
0.20986381,0.2081922,234,-0.3864473,16384,20.0,1.0322181,0.6485935,1.9526688,8,2.35529414,69,0.2,-0.012143856947659515,0.011059176,70,0.7716806828975677,0.07353108152747154,1e-05,-3.4830431923270226,0.018749810755252838,0.061328125
0.26745716,0.25295743,263,-0.37311575,18432,20.0,1.1305618,0.7023904,1.9182271,9,2.56764699,69,0.2,-0.007424088113475591,0.0055625313,80,0.7950225472450256,0.0633379403501749,1e-05,-3.4698433369398116,0.02498754672706127,0.015283203125
0.25010574,0.26104492,293,-0.3906118,20480,20.0,1.1306455,0.703234,1.990654,10,2.56588235,69,0.2,-0.011123800132190808,0.009944141,90,0.7487019300460815,0.08945452340412885,1e-05,-3.450293918699026,0.035234563052654266,0.04873046875
0.23505661,0.20105049,322,-0.3716609,22528,20.0,1.0483363,0.666472,1.9784341,11,2.39735294,69,0.2,-0.009498965296370444,0.009399433,100,0.7858305424451828,0.07576378036756068,1e-05,-3.4282263785600664,0.03482678532600403,0.02099609375
0.22544591,0.19403353,351,-0.38698584,24576,20.0,1.1260463,0.7156605,2.0030658,12,2.6273529300000003,69,0.2,-0.00747940491855843,0.0076916213,110,0.7885731607675552,0.07195460825460032,1e-05,-3.395060209929943,0.020939771085977554,0.023095703125
0.2390265,0.21612544,380,-0.39681113,26624,20.0,1.1638509,0.71228004,2.001216,13,2.6573528900000003,69,0.2,-0.009730171810952015,0.00896765,120,0.7921449393033981,0.08117456175968982,1e-05,-3.3600787565112116,0.05246008187532425,0.027880859375
0.21724898,0.19794656,410,-0.39104626,28672,20.0,1.168762,0.7033499,1.9310424,14,2.6220588400000007,69,0.2,-0.01267226620693691,0.013610555,130,0.8070431351661682,0.0738376236287877,1e-05,-3.2983119539916514,0.02965005300939083,0.059619140625
0.2323136,0.20240596,439,-0.4048088,30720,20.0,1.1364591,0.70435816,2.0681112,15,2.5182353,69,0.2,-0.011344392114551738,0.010875425,140,0.8109857141971588,0.07142594592296518,1e-05,-3.240073271840811,0.0494392029941082,0.051513671875
0.26113778,0.21108977,468,-0.39424968,32768,20.0,1.161396,0.725653,1.943524,16,2.6700000099999994,69,0.2,-0.015347413651761599,0.012856242,150,0.8256451040506363,0.06728482698672451,1e-05,-3.215852760523558,-0.01825808361172676,0.0802734375
0.29645315,0.22281516,497,-0.41363108,34816,20.0,1.208009,0.7263673,1.9532815,17,2.7264706099999994,69,0.2,-0.009205112786730751,0.009281879,160,0.8006981164216995,0.07798534479225054,1e-05,-3.19653677046299,0.04786656051874161,0.03388671875
0.3000555,0.2530339,527,-0.41792744,36864,20.0,1.1858027,0.6797215,2.0074563,18,2.6500000200000007,69,0.2,-0.011608545717899687,0.011201886,170,0.8260349482297897,0.06717453365563415,1e-05,-3.1128433920443057,-0.007238375023007393,0.058056640625
0.28553197,0.21998459,564,-0.3793331,38912,20.0,1.2379274,0.72970164,2.060464,19,2.77058821,68,0.2,-0.006860866693023127,0.009373983,180,0.8401948809623718,0.05595512772561051,1e-05,-3.147831379622221,-0.024786556139588356,0.035400390625
0.31541723,0.23560795,597,-0.3919985,40960,20.0,1.1418043,0.69998574,1.8972783,20,2.59088235,68,0.2,-0.010094409102748614,0.011119837,190,0.8362099975347519,0.06496418874594383,1e-05,-3.1701121367514133,0.031118452548980713,0.037158203125
0.29787973,0.22396031,628,-0.4137073,43008,20.0,1.1928318,0.70666033,2.0781434,21,2.6535293699999993,68,0.2,-0.009832374099642039,0.009733191,200,0.8387945592403412,0.05865014286246151,1e-05,-3.1515902668237685,0.014467833563685417,0.03701171875
0.32351562,0.23903921,659,-0.38276047,45056,20.0,1.1909279,0.7372741,1.9833326,22,2.6826470800000006,68,0.2,-0.00962835990358144,0.0104834875,210,0.8395680338144302,0.0609811635222286,1e-05,-3.111740256100893,0.02039426565170288,0.039501953125
0.35411647,0.26863232,690,-0.43808377,47104,20.0,1.145174,0.69400656,2.0244217,23,2.5720588199999996,68,0.2,-0.009389708362868987,0.008739105,220,0.8226536363363266,0.06881288372678682,1e-05,-3.052500592917204,-0.0007201097905635834,0.03134765625
0.35030252,0.233152,722,-0.39484325,49152,20.0,1.1707355,0.6801689,2.0016913,24,2.634411750000001,68,0.2,-0.00838530907058157,0.011249464,230,0.8438675701618195,0.059292869723867624,1e-05,-2.999530328810215,-0.00554475374519825,0.04052734375
0.34325963,0.24836916,753,-0.39013767,51200,20.0,1.2207353,0.7441946,1.8852723,25,2.73117646,67,0.2,-0.011402578779961915,0.012575608,240,0.8502878546714783,0.05582427773042582,1e-05,-2.976997435092926,0.03047257289290428,0.053515625
0.33168995,0.24902894,784,-0.42522687,53248,20.0,1.2632053,0.74714804,1.9608129,26,2.8229411600000005,67,0.2,-0.007853873365093023,0.006472564,250,0.8019584864377975,0.07700452558929101,1e-05,-2.9605662375688553,0.015638094395399094,0.0359375
0.30760127,0.23116058,817,-0.3739589,55296,20.0,1.2030579,0.7432153,1.8749901,27,2.7041176700000005,67,0.2,-0.006705680894083343,0.011083179,260,0.8291096687316895,0.07019595105666668,1e-05,-3.0099927939474584,-0.0017101243138313293,0.02978515625
0.3143377,0.24032098,848,-0.40808916,57344,20.0,1.2323694,0.76216525,2.0474234,28,2.8020587999999997,67,0.2,-0.010760305268922821,0.011354478,270,0.824658140540123,0.07386376940994524,1e-05,-3.0297510132193564,0.029542960226535797,0.0447265625
0.32145166,0.24343653,880,-0.4035306,59392,20.0,1.2561836,0.79242635,1.9748842,29,2.8299999699999994,67,0.2,-0.010242842166917399,0.01168845,280,0.8299091905355453,0.07475907252519391,1e-05,-2.996009234338999,0.020221509039402008,0.034228515625
0.36554295,0.26075962,911,-0.41866782,61440,20.0,1.2577847,0.8015492,1.9658847,30,2.82588237,67,0.2,-0.011355677642859519,0.010335648,290,0.8268780261278152,0.08047752634156495,1e-05,-2.9900616489350798,0.025746550410985947,0.039404296875
0.33005893,0.24663241,940,-0.36269107,63488,20.0,1.2059457,0.7414121,1.857225,31,2.6832352799999994,67,0.2,-0.011670075633446686,0.008799286,300,0.8257322162389755,0.08551820018910802,1e-05,-2.9619740076363086,0.019424155354499817,0.051513671875
0.32821703,0.25106993,970,-0.40192375,65536,20.0,1.1953349,0.7226158,1.9465147,32,2.65794124,67,0.2,-0.009763074631337076,0.010164257,310,0.8196440637111664,0.07471743188216351,1e-05,-2.9785913810133935,0.018215110525488853,0.036474609375
0.36959004,0.25613254,1000,-0.41372216,67584,20.0,1.191249,0.70815986,1.9435478,33,2.63029412,67,0.2,-0.009130435000406579,0.009781361,320,0.830968588590622,0.0637145186890848,1e-05,-2.8967492684721945,-0.00175568088889122,0.0513671875
0.38173592,0.2689318,1029,-0.3988188,69632,20.0,1.2070551,0.731017,2.0163336,34,2.71323527,67,0.2,-0.014632020480348729,0.012065124,330,0.8559022545814514,0.055514086119364946,1e-05,-2.847587274760008,-0.000700041651725769,0.068896484375
0.39355838,0.2689816,1059,-0.4102935,71680,20.0,1.2215827,0.71308506,2.02167,35,2.7267647400000006,67,0.2,-0.011995098156330642,0.01101496,340,0.8354215174913406,0.06534792538150214,1e-05,-2.8349332444369795,0.01822548173367977,0.0634765625
0.37891757,0.26584837,1089,-0.3937941,73728,20.0,1.245389,0.7382343,1.8996042,36,2.7452941000000006,67,0.2,-0.009273299243068323,0.00923344,350,0.8312872052192688,0.06535455546691082,1e-05,-2.823988603055477,-0.008615680038928986,0.05498046875
0.33873948,0.2520249,1120,-0.39475346,75776,20.0,1.2285203,0.70443183,1.920858,37,2.7261764400000006,67,0.2,-0.009497532859677449,0.010265971,360,0.8493683189153671,0.06389128068694845,1e-05,-2.8166564822196962,-0.004178408533334732,0.039111328125
0.34251505,0.24674073,1151,-0.4040013,77824,20.0,1.2214966,0.72706306,1.9440948,38,2.70911764,67,0.2,-0.008255641077994369,0.010940107,370,0.8466878980398178,0.05699865720816888,1e-05,-2.7802949719130994,-0.016794875264167786,0.038671875
0.37655413,0.26021665,1182,-0.36482075,79872,20.0,1.2781727,0.7510147,1.9975483,39,2.844411790000001,67,0.2,-0.006288784704520367,0.007028309,380,0.8625582754611969,0.05535171575029381,1e-05,-2.8482170209288595,0.02367749623954296,0.02177734375
0.39832538,0.2790737,1213,-0.43068665,81920,20.0,1.283414,0.8193421,1.9338276,40,2.86411766,67,0.2,-0.008694352806196548,0.0071307183,390,0.8478429317474365,0.06761687119142153,1e-05,-2.7963500291109087,0.008142083883285522,0.03232421875
0.37879157,0.2589554,1244,-0.4164113,83968,20.0,1.2790704,0.76047677,1.948927,41,2.8276471200000004,67,0.2,-0.013566810023621655,0.013800478,400,0.8405565619468689,0.07736993199796416,1e-05,-2.775658939778805,0.017964260652661324,0.062109375
0.38792676,0.2680168,1275,-0.38696033,86016,20.0,1.246624,0.7435328,1.9460143,42,2.811470580000001,67,0.2,-0.013035795761970803,0.009308471,410,0.8445192575454712,0.0661927446781192,1e-05,-2.84101529866457,0.01380719244480133,0.06279296875
0.40748706,0.27018163,1306,-0.38241172,88064,20.0,1.2771986,0.7632999,2.00148,43,2.8461764799999996,67,0.2,-0.010643138088926207,0.010116564,420,0.8464537709951401,0.06489741749246605,1e-05,-2.8461314350366593,0.01741538941860199,0.05244140625
0.41557917,0.2753769,1335,-0.37991711,90112,20.0,1.2742474,0.78026265,1.8213539,44,2.7841176599999993,67,0.2,-0.014752148007391951,0.012694171,430,0.856942281126976,0.0651361829484813,1e-05,-2.858059795945883,0.010389812290668488,0.0818359375
0.41837764,0.28327575,1366,-0.39422184,92160,20.0,1.2748708,0.7750628,1.9930509,45,2.821470620000001,67,0.2,-0.012458187044830992,0.012216829,440,0.8397761732339859,0.07525122130173259,1e-05,-2.8518582701683046,0.027056485414505005,0.0537109375
0.40435013,0.28439987,1398,-0.41158453,94208,20.0,1.3159909,0.767511,1.9183534,46,2.8573529500000006,67,0.2,-0.011663949258218054,0.010778334,450,0.8463900834321976,0.07355760329519398,1e-05,-2.8602016769349574,-0.0072942934930324554,0.04169921875
0.39750084,0.26594087,1429,-0.39960387,96256,20.0,1.3413559,0.8425594,1.9523987,47,2.98441177,67,0.2,-0.008508129374240525,0.008624902,460,0.8402575105428696,0.06828976948163472,1e-05,-2.863747715204954,0.022959887981414795,0.033935546875
0.40435785,0.27218053,1462,-0.39201483,98304,20.0,1.2762631,0.77713096,1.8816653,48,2.8567647400000005,67,0.2,-0.00835477051732596,0.007981369,470,0.836079016327858,0.0920582557329908,1e-05,-2.8568880781531334,0.005430886521935463,0.030908203125
0.44117522,0.29115975,1494,-0.4059953,100352,20.0,1.3432229,0.8519073,1.8664478,49,3.01,67,0.2,-0.009206829027971253,0.009927275,480,0.8450742810964584,0.07226929008611478,1e-05,-2.7936407648026944,-0.008526623249053955,0.04716796875
0.42979246,0.2859266,1527,-0.40824655,102400,20.0,1.3119218,0.79837376,1.9256316,50,2.9726471200000004,67,0.2,-0.01028454548213631,0.010806499,490,0.8375759571790695,0.0917663176660426,1e-05,-2.736025419086218,0.048362962901592255,0.055419921875
0.43092373,0.28365964,1558,-0.4152202,104448,20.0,1.3088555,0.8468025,1.9840971,51,2.9441176699999994,67,0.2,-0.011107784743944648,0.0117457295,500,0.8512042462825775,0.07323468825779855,1e-05,-2.7226567931473253,-0.0036340542137622833,0.04306640625
0.41276225,0.27665842,1592,-0.40509814,106496,20.0,1.3490396,0.8431459,1.9569831,52,3.0026471000000003,66,0.2,-0.014452303542930168,0.0140105635,510,0.8281568139791489,0.09429285597871058,1e-05,-2.678046951442957,0.0021334514021873474,0.106298828125
0.38468292,0.26732388,1625,-0.40734118,108544,20.0,1.3332845,0.8144651,1.9455775,53,2.97823534,66,0.2,-0.013158066017786041,0.009968739,520,0.854094922542572,0.08209137861267664,1e-05,-2.694169934093952,-0.0036458559334278107,0.0564453125
0.3784355,0.26910228,1657,-0.4004226,110592,20.0,1.3348091,0.823088,1.9338021,54,3.0514705899999996,66,0.2,-0.012843872548546641,0.0127099585,530,0.8495888710021973,0.07928832113975659,1e-05,-2.672264013439417,-0.0011148639023303986,0.0814453125
0.36710256,0.26988304,1689,-0.39886442,112640,20.0,1.2630752,0.76721174,1.9165447,55,2.8614705399999996,66,0.2,-0.012266452558105812,0.012898609,540,0.8596272021532059,0.07754264082759618,1e-05,-2.671307823807001,0.033075205981731415,0.05712890625
0.35015404,0.24283588,1722,-0.386858,114688,20.0,1.3606313,0.8285699,1.8836157,56,3.0905882100000004,66,0.2,-0.01388274960918352,0.010165069,550,0.853330135345459,0.07008490473381243,1e-05,-2.676991458237171,0.033689215779304504,0.06845703125
0.3443778,0.25155813,1756,-0.3941632,116736,20.0,1.3177586,0.83137625,1.8737425,57,2.94441177,66,0.2,-0.011034230506629683,0.009544421,560,0.8517742902040482,0.08459295918000861,1e-05,-2.688669013231993,0.08245275169610977,0.059033203125
0.32332265,0.260243,1791,-0.37227923,118784,20.0,1.3011374,0.8726853,1.8332899,58,2.93176467,66,0.2,-0.0146615048579406,0.010683994,570,0.8555475622415543,0.0788019704807084,1e-05,-2.6787640497088434,0.027019238099455833,0.06005859375
0.30658078,0.23114146,1825,-0.38002342,120832,20.0,1.3274121,0.8373561,1.9411246,59,2.9461764900000005,66,0.2,-0.01563861500180792,0.01041136,580,0.8530215173959732,0.09015281494357623,1e-05,-2.6404608465731143,-0.0006174668669700623,0.077587890625
0.30697116,0.2341838,1860,-0.3854764,122880,20.0,1.3851559,0.8490742,1.8596098,60,3.13441178,66,0.2,-0.016507827467285095,0.012837416,590,0.8554406613111496,0.08020063425065019,1e-05,-2.653084026277065,0.0053139738738536835,0.07744140625
0.23614967,0.18845195,1896,-0.38785893,124928,20.0,1.3269064,0.80569804,1.8160635,61,2.9917647,65,0.2,-0.014215604672790505,0.012017143,600,0.8637849688529968,0.07944528056541458,1e-05,-2.6498752653598787,0.009243518114089966,0.05888671875
0.17685002,0.16418621,1936,-0.3856396,126976,20.0,1.2426479,0.818582,1.8435619,62,2.87911767,65,0.2,-0.013287469084025361,0.012392398,610,0.8658863604068756,0.06995057747699321,1e-05,-2.6198677815496922,-0.0026419106870889664,0.060546875
0.09743232,0.11428562,1976,-0.38066173,129024,20.0,1.3265195,0.8578552,1.8173898,63,3.0058823399999994,65,0.2,-0.01329831134789856,0.009088104,620,0.8585557788610458,0.07383985105552711,1e-05,-2.5841810293495655,0.006028663367033005,0.058935546875
0.06538932,0.07852389,2013,-0.41333908,131072,20.0,1.3076164,0.84001017,1.8327891,64,2.96852941,65,0.2,-0.018002180395706092,0.010902632,630,0.8274425268173218,0.10228325924836099,1e-05,-2.564637327194214,0.011004827916622162,0.077294921875
0.04935858,0.06372279,2051,-0.3625486,133120,20.0,1.3513595,0.852764,1.8250306,65,3.1000000099999996,64,0.2,-0.017407311002898496,0.011867999,640,0.8746130764484406,0.07533023392315955,1e-05,-2.5457633957266808,-0.007528293877840042,0.098193359375
0.048933875,0.06865606,2088,-0.4232727,135168,20.0,1.3728589,0.8523106,1.8864641,66,3.06147058,64,0.2,-0.021775639067345764,0.010986487,650,0.8586199581623077,0.08708440053742379,1e-05,-2.4973030567169188,0.016528159379959106,0.14013671875
0.033249974,0.061654966,2125,-0.3834834,137216,20.0,1.4001117,0.86874664,1.8586831,67,3.21764707,64,0.2,-0.023519016201316845,0.012997066,660,0.8675021976232529,0.08206346115912311,1e-05,-2.460741977393627,0.00796084851026535,0.134423828125
0.03256543,0.064130284,2159,-0.41164872,139264,20.0,1.3356221,0.85215163,1.9071587,68,3.0785294500000004,64,0.2,-0.029284581055981106,0.011850642,670,0.874882847070694,0.08001193644013256,1e-05,-2.416306998580694,-0.00026585906744003296,0.13798828125
0.031330362,0.061761137,2192,-0.39242825,141312,20.0,1.322836,0.89994085,1.861149,69,3.0579411899999998,64,0.2,-0.028815573724568822,0.01059239,680,0.875145323574543,0.07702626610989682,1e-05,-2.3658604450523852,-0.014097148552536964,0.14052734375
0.033953585,0.06331762,2226,-0.41366696,143360,20.0,1.3706318,0.8823766,1.8634053,70,3.1226470799999997,64,0.2,-0.026022238531732002,0.00890122,690,0.8649041503667831,0.09461303672287613,1e-05,-2.313578303158283,-0.008474348112940788,0.09091796875
0.040757827,0.06809499,2263,-0.39899942,145408,20.0,1.3851817,0.87611246,1.8371345,71,3.17058827,64,0.2,-0.03725885651947465,0.021112863,700,0.8606294840574265,0.08816241810563952,1e-05,-2.225405585765839,-0.021610509604215622,0.324462890625
0.048251815,0.072069116,2297,-0.40434673,147456,20.0,1.492035,0.8763531,1.8237593,72,3.2552940900000005,64,0.2,-0.024419227719772608,0.010592099,710,0.8676727116107941,0.08456773579819128,1e-05,-2.1556969203054903,-0.011807139962911606,0.083642578125
0.040127985,0.07219725,2330,-0.41203088,149504,20.0,1.4752214,0.88595164,1.7534105,73,3.32088237,64,0.2,-0.02843202469230164,0.014645953,720,0.8704355657100677,0.0821763809537515,1e-05,-2.1805171109735966,0.054395489394664764,0.17744140625
0.051786385,0.080679886,2364,-0.41018978,151552,20.0,1.4269559,0.89079165,1.8199415,74,3.2635294599999995,64,0.2,-0.016045491183467674,0.008815605,730,0.8926058411598206,0.0727030056877993,1e-05,-2.1170088179409503,-3.0860304832458496e-05,0.108203125
0.057530902,0.07865812,2399,-0.40519688,153600,20.0,1.4510075,0.87282383,1.752882,75,3.2720588599999996,64,0.2,-0.024803577916463836,0.012020538,740,0.8897490799427032,0.0753944166819565,1e-05,-2.0564143870025875,-0.004352495074272156,0.144580078125
0.04391657,0.07505724,2432,-0.4200482,155648,20.0,1.519202,0.9016708,1.9293779,76,3.43911767,63,0.2,-0.019166864297585563,0.01112937,750,0.8851943016052246,0.07613092041574418,1e-05,-2.142011600732803,0.005808595567941666,0.103857421875
0.045080636,0.07498148,2466,-0.41448092,157696,20.0,1.4723167,0.8829001,1.7929951,77,3.3408823400000007,63,0.2,-0.012773360230494291,0.008576425,760,0.88542740046978,0.08350034739705733,1e-05,-2.1634198863059284,0.01876135542988777,0.06357421875
0.050226443,0.08170334,2499,-0.42517713,159744,20.0,1.4839573,0.8879491,1.8431903,78,3.36764701,63,0.2,-0.0186860464658821,0.009520456,770,0.889401026070118,0.07462139007984661,1e-05,-2.174048978090286,0.02677752822637558,0.140966796875
0.04258944,0.070231125,2532,-0.39466116,161792,20.0,1.4157103,0.874883,1.7679135,79,3.1905881899999997,63,0.2,-0.018879758002003654,0.010601187,780,0.8950599059462547,0.0729189658188261,1e-05,-2.176603826135397,0.012999769300222397,0.109375
0.041612897,0.07000357,2566,-0.3831522,163840,20.0,1.2668023,0.8309292,1.9485699,80,2.8570588399999997,63,0.2,-0.019922683545155452,0.0076207593,790,0.8828475996851921,0.07887601543334313,1e-05,-2.1355301827192306,-0.02421978861093521,0.071875
0.033196814,0.061332937,2599,-0.41065508,165888,20.0,1.3795427,0.8987542,1.9709002,81,3.10382349,63,0.2,-0.024376035429304464,0.010176636,800,0.8670662045478821,0.08057659666519612,1e-05,-2.1776935793459415,-0.014825105667114258,0.105419921875
0.035044,0.06672398,2632,-0.3818041,167936,20.0,1.3734322,0.85943943,1.7968975,82,3.112941159999999,63,0.2,-0.038687320024473594,0.017979681,810,0.8565418273210526,0.09498240103712305,1e-05,-2.1875028893351556,-0.028956810012459755,0.273046875
0.036457658,0.07699869,2665,-0.41207904,169984,20.0,1.2918978,0.8704099,1.9432174,83,3.0311764999999995,63,0.2,-0.02176378886506427,0.008564939,820,0.8857221454381943,0.07297459095716477,1e-05,-2.1289672419428824,-0.021592848002910614,0.0984375
0.031740926,0.06014108,2697,-0.4132077,172032,20.0,1.358094,0.86790454,1.8692794,84,3.1452941500000002,63,0.2,-0.031066080796881577,0.013590002,830,0.8694759011268616,0.08700664130738005,1e-05,-2.0903003968298437,-0.03139892965555191,0.249267578125
0.03563649,0.0683278,2730,-0.405627,174080,20.0,1.3685117,0.88461626,1.7977604,85,3.11176471,63,0.2,-0.029672801299602723,0.012366431,840,0.8695508390665054,0.08487719175755046,1e-05,-2.0555803515017033,0.009992323815822601,0.129345703125
0.04544791,0.08236957,2764,-0.41005075,176128,20.0,1.4210285,0.8927125,1.8688246,86,3.2091176200000002,63,0.2,-0.023603828890190925,0.012769632,850,0.8669527471065521,0.09278465871466324,1e-05,-1.982677261531353,0.011831987649202347,0.133349609375
0.05719899,0.08812584,2798,-0.40636995,178176,20.0,1.4476311,0.94323343,1.8123294,87,3.29823532,63,0.2,-0.0198680907356902,0.010279652,860,0.8838069438934326,0.08001176820253023,1e-05,-1.9544424448162316,0.001563921570777893,0.082080078125
0.070206836,0.11738304,2832,-0.39862758,180224,20.0,1.4707757,0.91557574,1.8941382,88,3.2897058599999998,63,0.2,-0.01967589778942056,0.008603693,870,0.8567553609609604,0.11050740582868457,1e-05,-1.9804212890565396,0.016290772706270218,0.05986328125
0.07717479,0.1348731,2867,-0.39350298,182272,20.0,1.4033569,0.8845199,1.8537743,89,3.17941173,63,0.2,-0.01924507898220327,0.007699768,880,0.8768541067838669,0.08965134507743641,1e-05,-2.016765105351806,0.017915017902851105,0.09541015625
0.064638555,0.10282532,2902,-0.39402384,184320,20.0,1.3745725,0.854838,1.7467716,90,3.14088234,63,0.2,-0.019821510661859065,0.009575621,890,0.8641868084669113,0.09274014782859012,1e-05,-2.099078817293048,0.0323115810751915,0.13701171875
0.10435108,0.17330956,2938,-0.41100204,186368,20.0,1.4384502,0.88258743,1.8556457,91,3.2288236,63,0.2,-0.021778880243073218,0.010410164,900,0.8813222721219063,0.07568879829486833,1e-05,-2.023936402052641,-0.016585178673267365,0.1103515625
0.051186193,0.08467706,2973,-0.39208922,188416,20.0,1.395256,0.8823056,1.9075378,92,3.13647057,63,0.2,-0.030151520049548707,0.014552673,910,0.8800733983516693,0.07987029855721631,1e-05,-2.1518777057528498,0.004472564905881882,0.174365234375
0.043128725,0.08172602,3007,-0.39449757,190464,20.0,1.299281,0.8411972,1.920999,93,2.9317647499999997,63,0.2,-0.022415584248665254,0.009755468,920,0.8658768683671951,0.09234496583230793,1e-05,-2.1115954287350176,0.006658162921667099,0.100830078125
0.03565236,0.06482408,3040,-0.3956498,192512,20.0,1.2598606,0.82327604,1.9897733,94,2.8797058399999997,63,0.2,-0.024250952748116106,0.009787066,930,0.8678139448165894,0.08255558482487686,1e-05,-2.0639905486255885,0.030608437955379486,0.0927734375
0.047654957,0.08372713,3074,-0.41880816,194560,20.0,1.3798755,0.88225716,1.915761,95,3.13617646,63,0.2,-0.03179055021901149,0.015067996,940,0.8775531128048897,0.07415619193925523,1e-05,-2.013577349483967,-0.019252393394708633,0.196142578125
0.04737542,0.08827381,3108,-0.3943583,196608,20.0,1.4976618,0.8554387,1.8141891,96,3.33441172,63,0.2,-0.027110943518346177,0.015675588,950,0.8805484399199486,0.07937889429158532,1e-05,-2.012099429219961,-0.02549954317510128,0.1275390625
0.042709425,0.075688355,3141,-0.4149419,198656,20.0,1.5078464,0.88617307,1.7677379,97,3.3564705700000004,63,0.2,-0.042681989254197104,0.02658189,960,0.8741438984870911,0.07117591178975999,1e-05,-1.978300431370735,0.0205642431974411,0.325341796875
0.04399152,0.08559788,3175,-0.41044056,200704,20.0,1.4893501,0.90783167,1.895429,98,3.3367647200000006,63,0.2,-0.021090789398294875,0.012794803,970,0.8956863358616829,0.07116682512569242,1e-05,-1.9559391651302576,0.013808924704790115,0.131005859375
0.05364326,0.09007201,3209,-0.4260714,202752,20.0,1.3605201,0.8744515,1.9603693,99,3.08382352,63,0.2,-0.029881891154218465,0.011900989,980,0.8714255839586258,0.09008141559315845,1e-05,-1.9678926046937704,0.0071871355175971985,0.0876953125
0.08053326,0.121999845,3246,-0.40466958,204800,20.0,1.2800719,0.83936656,1.9922854,100,2.89558823,63,0.2,-0.03225769193086307,0.013232034,990,0.8744521290063858,0.08317023973795586,1e-05,-1.8938450809568166,-0.035696230828762054,0.141455078125
0.053034768,0.09096631,3281,-0.41472477,206848,20.0,1.3717208,0.8546743,2.001836,101,3.0835293999999998,63,0.2,-0.03441174695326481,0.015217204,1000,0.8473709225654602,0.09223359718453139,1e-05,-1.892718267813325,-0.008007004857063293,0.2041015625
0.053343106,0.09105438,3315,-0.38204014,208896,20.0,1.3601768,0.8346315,1.8978608,102,3.0494117700000003,62,0.2,-0.033353823845391165,0.014099454,1010,0.8603672236204147,0.0876780595164746,1e-05,-1.904726005345583,-0.019582487642765045,0.217333984375
0.059277937,0.09896639,3351,-0.39571726,210944,20.0,1.4301238,0.8980298,1.9245598,103,3.2241176400000002,62,0.2,-0.024569217470707373,0.011129796,1020,0.8815537467598915,0.07302620661212131,1e-05,-1.9173586633056403,-0.014790691435337067,0.123779296875
0.03643658,0.06330303,3386,-0.407603,212992,20.0,1.540972,0.93603617,1.7627118,104,3.4211764999999996,62,0.2,-0.03611535237287171,0.021693507,1030,0.882675789296627,0.07799982678843662,1e-05,-1.8641317903995513,-0.04226355254650116,0.229736328125
0.03972402,0.08879501,3420,-0.42221075,215040,20.0,1.4187424,0.8816403,1.8852004,105,3.1850000300000003,62,0.2,-0.032872094996855596,0.017518522,1040,0.8600097149610519,0.10580976469209417,1e-05,-1.8391682762652635,0.011139869689941406,0.230615234375
0.038766045,0.07286846,3455,-0.43271384,217088,20.0,1.3647823,0.8843041,1.9658245,106,3.051470589999999,62,0.2,-0.026636751080513933,0.012630129,1050,0.8769134730100632,0.0832021463138517,1e-05,-1.8053995825350284,0.0156877301633358,0.148828125
0.047323145,0.080019824,3490,-0.41519505,219136,20.0,1.3435904,0.84306926,1.8733442,107,3.03764704,62,0.2,-0.04165663034073077,0.014131458,1060,0.8708570301532745,0.0848438270506449,1e-05,-1.7748524915426969,-0.03018490970134735,0.220263671875
0.041781925,0.08149882,3524,-0.42321873,221184,20.0,1.513089,0.9166621,1.9412053,108,3.43029408,62,0.2,-0.028464698788593524,0.011851729,1070,0.8762172535061836,0.0776531528797932,1e-05,-1.8263474896550178,0.0028914213180541992,0.167919921875
0.04390976,0.07800164,3558,-0.3946582,223232,20.0,1.4578059,0.8818856,1.9359064,109,3.2961765,62,0.2,-0.03201663752552122,0.016951855,1080,0.8915703594684601,0.07855814370559529,1e-05,-1.8167204212397337,-0.01563054881989956,0.215771484375
0.060750924,0.142145,3594,-0.40549865,225280,20.0,1.3260839,0.8239914,1.88182,110,3.02441178,62,0.2,-0.032376840405049734,0.015526073,1090,0.877107210457325,0.08269314352655784,1e-05,-1.8099952884018422,-0.06450919806957245,0.2109375
0.06410161,0.114125334,3633,-0.40625942,227328,20.0,1.3577659,0.8202057,1.9212625,111,3.06029403,62,0.2,-0.04342724871239625,0.01666156,1100,0.8711235076189041,0.07276600727345794,1e-05,-1.78325471021235,-0.053749341517686844,0.300439453125
0.05955691,0.11345853,3670,-0.3784501,229376,20.0,1.3190051,0.8094393,1.9518049,112,2.9782352899999993,62,0.2,-0.0402350119111361,0.016600683,1110,0.8684861660003662,0.07198240357683972,1e-05,-1.7897816106677056,-0.007622629404067993,0.240087890625
0.07768236,0.16638747,3707,-0.39614344,231424,20.0,1.3402404,0.87718576,1.9596938,113,3.0367646800000005,62,0.2,-0.04324841268244199,0.016929338,1120,0.8517568111419678,0.0779856912442483,1e-05,-1.8052232682704925,-0.024102915078401566,0.24423828125
0.04577275,0.08161819,3742,-0.3873936,233472,20.0,1.3657955,0.8550531,1.9537505,114,3.040882370000001,62,0.2,-0.03283620491856709,0.014841525,1130,0.862795889377594,0.09015172541840002,1e-05,-1.77125165425241,-0.015104807913303375,0.165234375
0.034413084,0.06251661,3774,-0.41877258,235520,20.0,1.4233735,0.9043026,1.8301295,115,3.20147064,62,0.2,-0.03595008925185539,0.018074397,1140,0.87803615629673,0.07456455430365168,1e-05,-1.707942197099328,-0.018040595576167107,0.2033203125
0.10985368,0.16633193,3813,-0.40974453,237568,20.0,1.6012349,0.9143156,1.9091265,116,3.45676471,62,0.2,-0.02732088991033379,0.010621367,1150,0.8754846751689911,0.0877972973161377,1e-05,-1.6605395901948214,0.011646386235952377,0.13974609375
0.06300368,0.093013264,3851,-0.37097985,239616,20.0,1.5081534,0.8721979,1.7813954,117,3.38117644,62,0.2,-0.05285148998373188,0.017979959,1160,0.8485417664051056,0.08186781083932146,1e-05,-1.745246037468314,-0.02836417406797409,0.302490234375
0.078637,0.11912884,3889,-0.42125833,241664,20.0,1.4038966,0.8693139,1.8593618,118,3.1667647199999993,62,0.2,-0.0379209714155877,0.017851118,1170,0.9167867973446846,0.05206564799882472,1e-05,-1.7061834678053855,-0.00695134699344635,0.248779296875
0.08883019,0.16581593,3933,-0.385585,243712,20.0,1.3035773,0.8783213,1.9501507,119,2.9923529099999997,61,0.2,-0.02727386255864985,0.0149363205,1180,0.8835091218352318,0.07810592432506383,1e-05,-1.6546564679592848,-0.007399126887321472,0.114111328125
0.077583045,0.10681218,3976,-0.39113957,245760,20.0,1.4306343,0.8912627,1.8937197,120,3.1850000300000003,61,0.2,-0.03108522255497519,0.014154404,1190,0.8654040843248367,0.09086203492479399,1e-05,-1.6314888823777438,0.022818036377429962,0.141162109375
0.069260925,0.1227852,4017,-0.41587606,247808,20.0,1.4044132,0.82991904,1.8351434,121,3.13029413,61,0.2,-0.035539227625122294,0.017272482,1200,0.8682027161121368,0.0873374140355736,1e-05,-1.6474633689969778,-0.012020265683531761,0.24775390625
0.057758912,0.09002055,4056,-0.4107654,249856,20.0,1.4966038,0.91759586,1.9242177,122,3.3747059100000003,61,0.2,-0.034881263342686,0.016190145,1210,0.8812895193696022,0.0703007870761212,1e-05,-1.6131274215877056,-0.032637979835271835,0.19599609375
0.09638076,0.13910322,4100,-0.41654277,251904,20.0,1.4545407,0.8951803,1.9587129,123,3.26441172,61,0.2,-0.03154607817705255,0.020441987,1220,0.8718639612197876,0.09456189210177399,1e-05,-1.579666080325842,-0.021343180909752846,0.255224609375
0.225966,0.28577292,4146,-0.40227377,253952,20.0,1.4337647,0.8616595,1.8998189,124,3.1902941300000003,61,0.2,-0.034163931992952715,0.018224193,1230,0.8717697858810425,0.08962763156159781,1e-05,-1.6202450420707464,-0.011075008660554886,0.2451171875
0.07567869,0.09922246,4191,-0.3870431,256000,20.0,1.3292841,0.8741187,1.8611926,125,3.03823531,61,0.2,-0.029569257525145075,0.01492114,1240,0.8650066405534744,0.08457900583744049,1e-05,-1.6618733555078506,-0.01218922808766365,0.216064453125
0.08009088,0.12522967,4231,-0.39257148,258048,20.0,1.4883219,0.9155184,1.867541,126,3.3458823699999996,60,0.2,-0.03151157794636674,0.017042525,1250,0.8710697144269943,0.0867337331874296,1e-05,-1.5864045601338148,-0.012928489595651627,0.215283203125
0.10722468,0.14933231,4277,-0.40109244,260096,20.0,1.5111277,0.9087704,1.8342961,127,3.4317647299999994,60,0.2,-0.03363407789147459,0.015291244,1260,0.877930074930191,0.08434261275688186,1e-05,-1.5783617049455643,-0.02075926586985588,0.195556640625
0.06610678,0.100153655,4318,-0.40310365,262144,20.0,1.473275,0.90435815,1.8989426,128,3.3041176599999993,60,0.2,-0.022822356288088486,0.01223105,1270,0.8887608870863914,0.08129151444300078,1e-05,-1.6570866316556931,0.022544220089912415,0.158935546875
0.067216754,0.10713883,4358,-0.38647878,264192,20.0,1.3767291,0.884196,1.8996909,129,3.078235319999999,60,0.2,-0.03343808675708715,0.014201969,1280,0.8952067270874977,0.07324488973245025,1e-05,-1.624392957240343,-0.012625649571418762,0.1607421875
0.059843924,0.09086347,4399,-0.39891556,266240,20.0,1.4660494,0.86561054,2.0783665,130,3.27000001,60,0.2,-0.03015122007636819,0.015099065,1290,0.8616731315851212,0.09496549651958049,1e-05,-1.5870956864207983,-0.019613824784755707,0.141943359375
0.13762751,0.16481864,4447,-0.37824523,268288,20.0,1.3591626,0.87021667,2.0194147,131,3.066176449999999,60,0.2,-0.03129818851593882,0.012434127,1300,0.8909670636057854,0.07194713864591903,1e-05,-1.604756398499012,-0.012708447873592377,0.148291015625
0.068573534,0.098920956,4490,-0.37838238,270336,20.0,1.506036,0.858591,1.8647774,132,3.32529418,60,0.2,-0.027668254030868412,0.01222975,1310,0.8553181737661362,0.09404459893703461,1e-05,-1.6470968499779701,0.002443712204694748,0.149560546875
0.08112053,0.118465334,4532,-0.41850036,272384,20.0,1.5170035,0.8961447,1.881372,133,3.34794119,60,0.2,-0.03870596387132537,0.018415917,1320,0.8875051438808441,0.06302775765652768,1e-05,-1.6855508748441934,-0.011442173272371292,0.304345703125
0.13289729,0.3175336,4579,-0.41988006,274432,20.0,1.4673077,0.8784857,1.9598761,134,3.2629411999999998,59,0.2,-0.042254960170248525,0.018935408,1330,0.8866495937108994,0.07855961477616802,1e-05,-1.6149065628647805,0.021211691200733185,0.303759765625
0.059472553,0.09200885,4619,-0.39378142,276480,20.0,1.4475284,0.8920572,1.9567269,135,3.29382354,59,0.2,-0.036280881584389135,0.017946918,1340,0.8847495838999748,0.07588919897098094,1e-05,-1.635354172438383,0.009700167924165726,0.23837890625
0.08381383,0.11789849,4663,-0.3841679,278528,20.0,1.5302356,0.9406098,1.9367776,136,3.4597058999999994,59,0.2,-0.029533624582109043,0.01351087,1350,0.8914244398474693,0.07624190193600952,1e-05,-1.5952815376222134,0.012315928936004639,0.187158203125
0.060844287,0.09562513,4705,-0.39541954,280576,20.0,1.4531713,0.8930111,1.85278,137,3.25235286,59,0.2,-0.029717962225549854,0.017059324,1360,0.8700343668460846,0.09246411573840305,1e-05,-1.6016554694622755,-0.03862427920103073,0.185400390625
0.05619584,0.09049541,4750,-0.39081675,282624,20.0,1.4821444,0.8993472,1.9796896,138,3.36088234,59,0.2,-0.03263690872117877,0.014346624,1370,0.8844600394368172,0.07962646769010462,1e-05,-1.6333214499056339,-0.007490865886211395,0.145849609375
0.07543825,0.109859526,4796,-0.38470095,284672,20.0,1.4556894,0.8673005,1.8974038,139,3.257058830000001,59,0.2,-0.0327915877016494,0.018705077,1380,0.886502280831337,0.07919292531441897,1e-05,-1.5797576874494552,-0.00018346309661865234,0.178173828125
0.073520765,0.114000134,4843,-0.42892054,286720,20.0,1.5150433,0.9157302,1.8756151,140,3.41000001,59,0.2,-0.030137524218298496,0.015188642,1390,0.9043871536850929,0.0632092881074641,1e-05,-1.573027453571558,-0.03529408574104309,0.186669921875
0.10473651,0.1426972,4897,-0.39698935,288768,20.0,1.5085027,0.94684803,1.819074,141,3.36676469,58,0.2,-0.04094586472783703,0.019214109,1400,0.8876180052757263,0.08121255792793818,1e-05,-1.5133660066872836,-0.03569972887635231,0.272412109375
0.1280168,0.18425938,4949,-0.40405482,290816,20.0,1.4863058,0.90221107,1.9605197,142,3.351176459999999,58,0.2,-0.030103906433214433,0.012110439,1410,0.8821534737944603,0.09133683321997524,1e-05,-1.5273591116070748,0.00940735638141632,0.17001953125
0.1648063,0.20573147,5003,-0.3766491,292864,20.0,1.4075733,0.8662975,1.9330232,143,3.10911763,58,0.2,-0.03303131850843784,0.01365857,1420,0.8794343397021294,0.08319955133483745,1e-05,-1.4785336893051864,0.01488438993692398,0.17763671875
0.15885785,0.20192114,5053,-0.40493822,294912,20.0,1.4351523,0.88463384,1.9307976,144,3.207058860000001,58,0.2,-0.02704989834164735,0.014690187,1430,0.8708407431840897,0.08225339095806702,1e-05,-1.467998319491744,-0.035211898386478424,0.1123046875
0.07365866,0.11362986,5094,-0.40879452,296960,20.0,1.5223393,0.94800705,1.8609214,145,3.43382357,58,0.2,-0.028214996079623234,0.013343168,1440,0.8722815960645676,0.08730953648337163,1e-05,-1.514964585378766,0.025434132665395737,0.133740234375
0.08936842,0.13310032,5139,-0.40866724,299008,20.0,1.5435809,0.9231898,1.9273158,146,3.50911765,58,0.2,-0.029215033847140148,0.016819282,1450,0.8893199115991592,0.08807948543108068,1e-05,-1.4751978795975447,-0.016994139179587364,0.16044921875
0.15238813,0.20789653,5182,-0.39962804,301056,20.0,1.5034571,0.8791553,1.8512546,147,3.34117647,58,0.2,-0.033801102900179104,0.016719615,1460,0.899985633790493,0.07282010225462728,1e-05,-1.4618341229856013,-0.02764463983476162,0.219287109375
0.21761072,0.27150273,5226,-0.39102986,303104,20.0,1.4063584,0.8722919,1.8608811,148,3.13029411,57,0.2,-0.02530513234087266,0.01418501,1470,0.9048719853162766,0.06406778592499904,1e-05,-1.425300807505846,-0.023707453161478043,0.123779296875
0.15158239,0.18591543,5275,-0.38901246,305152,20.0,1.4591846,0.8609104,1.97713,149,3.2911764399999996,57,0.2,-0.03171743655693717,0.016792908,1480,0.8814818263053894,0.07826301708701067,1e-05,-1.4101645290851592,0.005595099180936813,0.21552734375
0.17648052,0.22786607,5329,-0.39262828,307200,20.0,1.4188144,0.86876845,1.9256856,150,3.2058823799999994,57,0.2,-0.028012051555560902,0.011284757,1490,0.8891983181238174,0.06760071816388517,1e-05,-1.4936700958758593,0.0056990571320056915,0.118115234375
0.20799518,0.25352728,5376,-0.39503607,309248,20.0,1.5567148,0.9606227,1.8687445,151,3.49558824,57,0.2,-0.02598093177075498,0.013270642,1500,0.8933074325323105,0.06998942526406608,1e-05,-1.4463282834738493,0.01675819233059883,0.135986328125
0.15664433,0.19013636,5425,-0.38416964,311296,20.0,1.4981363,0.89870065,1.8591812,152,3.4544117599999997,57,0.2,-0.03582070585689508,0.02302103,1510,0.8760457262396812,0.0928669476415962,1e-05,-1.451914118602872,0.007341489195823669,0.26748046875
0.13992962,0.18764421,5474,-0.41510028,313344,20.0,1.4739146,0.8710595,1.959917,153,3.3052941,57,0.2,-0.030979847867274656,0.017999195,1520,0.8905391097068787,0.07464860632899217,1e-05,-1.4744928307831286,-0.021449126303195953,0.21337890625
0.24975604,0.27706096,5527,-0.4133675,315392,20.0,1.4976305,0.84986275,1.8591517,154,3.2961764200000006,57,0.2,-0.034977981387055476,0.014639102,1530,0.897997610270977,0.06515681926393882,1e-05,-1.4377904832363129,-0.042023152112960815,0.228369140625
0.21957973,0.2893771,5574,-0.39461738,317440,20.0,1.4304632,0.8751548,1.991991,155,3.20647051,56,0.2,-0.028123080224031583,0.01390641,1540,0.9010780081152916,0.06054303065175191,1e-05,-1.445178137719631,0.01397625170648098,0.133984375
0.20356138,0.24563067,5624,-0.41084182,319488,20.0,1.4715687,0.89576346,1.9750172,156,3.27147057,56,0.2,-0.02605039012414636,0.018297743,1550,0.8868653178215027,0.07495037454064005,1e-05,-1.4315824080258608,-0.0015106238424777985,0.138916015625
0.15995824,0.19418794,5673,-0.4110002,321536,20.0,1.5262467,0.8932938,1.9091893,157,3.3420588499999995,56,0.2,-0.034553677463554776,0.020669522,1560,0.8897605761885643,0.07573385648429394,1e-05,-1.4541817832738162,-0.01514391228556633,0.23173828125
0.16991068,0.21277905,5721,-0.40223145,323584,20.0,1.4744152,0.88214546,1.913802,158,3.2617647100000005,56,0.2,-0.03288664931897074,0.016573306,1570,0.8792543932795525,0.08064416624838486,1e-05,-1.475126050785184,0.01626015454530716,0.178271484375
0.13815513,0.17081125,5771,-0.39707345,325632,20.0,1.4942167,0.8896286,1.9129815,159,3.37911771,56,0.2,-0.03430750153056579,0.021466449,1580,0.8963513225317001,0.06842752969823777,1e-05,-1.44134342931211,0.017127731814980507,0.20703125
0.048785746,0.076593585,5812,-0.4116488,327680,20.0,1.5335587,0.90895456,1.9184481,160,3.4591176399999997,56,0.2,-0.0253891591419233,0.015005549,1590,0.8961725756525993,0.07124093147576786,1e-05,-1.4866883870214225,-0.05376449599862099,0.136181640625
0.043290332,0.08014647,5854,-0.38119668,329728,20.0,1.5623968,0.915193,1.7557224,161,3.460000040000001,56,0.2,-0.030027712575974874,0.016205523,1600,0.900116927921772,0.07372989588184282,1e-05,-1.5269291799515485,-0.013888416811823845,0.21640625
0.04362829,0.06917921,5897,-0.38491595,331776,20.0,1.5373812,0.8753246,1.9820973,162,3.3667647499999998,56,0.2,-0.03627801231632475,0.01960356,1610,0.8880077004432678,0.08211188922286965,1e-05,-1.5204599294811487,-0.018296919763088226,0.19912109375
0.046754643,0.073915295,5941,-0.39466348,333824,20.0,1.4203722,0.8711346,1.9278619,163,3.186176510000001,56,0.2,-0.04166378312802408,0.018231256,1620,0.8981319144368172,0.06873933437746019,1e-05,-1.5189827807247638,-0.03084486722946167,0.221533203125
0.0452756,0.07308205,5983,-0.38415363,335872,20.0,1.4762545,0.8641356,1.9391463,164,3.2370587800000004,56,0.2,-0.03371513504243921,0.01567986,1630,0.8848274424672127,0.08002956364070997,1e-05,-1.5245314832776784,-0.0031402017921209335,0.223974609375
0.04181703,0.07326964,6024,-0.4041254,337920,20.0,1.4953771,0.8718073,1.943927,165,3.3494117199999995,56,0.2,-0.04040477542148437,0.016951308,1640,0.8941962048411369,0.06909436124842613,1e-05,-1.544489086419344,-0.039800796657800674,0.312548828125
0.059909694,0.08967303,6070,-0.38328123,339968,20.0,1.4991851,0.9389435,1.8811895,166,3.29911765,56,0.2,-0.04237494603730738,0.01932747,1650,0.8994013592600822,0.0660879420756828,1e-05,-1.5237569466233254,-0.006971433758735657,0.241796875
0.105122246,0.14646491,6122,-0.39858046,342016,20.0,1.5553033,0.9119573,1.8445649,167,3.4429411299999995,55,0.2,-0.03926143627904821,0.023638098,1660,0.8763655573129654,0.09566943953977898,1e-05,-1.482119718939066,-0.012781117111444473,0.281982421875
0.050319646,0.08778021,6161,-0.41909266,344064,20.0,1.587583,0.9410441,1.877339,168,3.5294117500000004,55,0.2,-0.033425173175055535,0.017312108,1670,0.8965293169021606,0.07516387853538617,1e-05,-1.5231849439442158,0.038208432495594025,0.2001953125
0.044713784,0.06750595,6199,-0.3990987,346112,20.0,1.4951963,0.9076167,1.8487445,169,3.28558822,55,0.2,-0.040681245730957015,0.02064066,1680,0.8964842334389687,0.08046847099903971,1e-05,-1.5408471912145614,0.027242962270975113,0.27822265625
0.038948815,0.066373944,6235,-0.43218797,348160,20.0,1.5178559,0.8586989,1.9912206,170,3.3797059500000004,55,0.2,-0.0401547355519142,0.019450005,1690,0.8903715312480927,0.07928465843433515,1e-05,-1.556437798589468,0.012441806495189667,0.266748046875
0.031861775,0.057068508,6270,-0.41149545,350208,20.0,1.4350464,0.8962108,1.7556213,171,3.232941180000001,55,0.2,-0.04040116937540006,0.01981631,1700,0.9093090742826462,0.058515638683456925,1e-05,-1.5664077587425709,-0.04552694410085678,0.275830078125
0.044419322,0.068077505,6308,-0.39941382,352256,20.0,1.5336483,0.8944108,1.9502721,172,3.41205883,55,0.2,-0.042976624480797906,0.021108516,1710,0.9061440005898476,0.06679921732284129,1e-05,-1.5472248811274767,-0.04611914977431297,0.2689453125
0.08474666,0.12493326,6352,-0.4242947,354304,20.0,1.5318065,0.8765483,2.0042317,173,3.4017647600000003,55,0.2,-0.037840751092880966,0.01951787,1720,0.8910714015364647,0.0778687231533695,1e-05,-1.5382396094501019,-0.035483937710523605,0.2265625
0.045488134,0.08076587,6389,-0.41112998,356352,20.0,1.4951096,0.90426123,1.8810935,174,3.29558815,55,0.2,-0.03944735534314532,0.017592926,1730,0.9101375713944435,0.05943294284516014,1e-05,-1.584422605112195,-0.03701791912317276,0.256396484375
0.05433597,0.09432139,6428,-0.40783435,358400,20.0,1.5225582,0.8860101,1.9483033,175,3.3832353,55,0.2,-0.03755593986134045,0.021445926,1740,0.8918294757604599,0.0789971778402105,1e-05,-1.5533486466854811,-0.04004983603954315,0.226220703125
0.08203954,0.13072056,6470,-0.38541415,360448,20.0,1.582333,0.93396103,1.8028455,176,3.4541176199999994,55,0.2,-0.0364266042917734,0.017119884,1750,0.907486118376255,0.061643487081164496,1e-05,-1.5523956511169672,-0.011137215420603752,0.232763671875
0.052256797,0.08794171,6508,-0.41761726,362496,20.0,1.5558827,0.90857744,1.953456,177,3.4058823099999995,55,0.2,-0.03967898818955291,0.022531068,1760,0.8844780772924423,0.08572447183541954,1e-05,-1.5730027936398983,-0.005198705941438675,0.293798828125
0.05188981,0.08714017,6547,-0.40857837,364544,20.0,1.488699,0.91568905,1.9901338,178,3.3238235400000002,55,0.2,-0.03380700906564016,0.019424368,1770,0.9001650214195251,0.07371921524754725,1e-05,-1.5621025055646895,-0.026733245700597763,0.237255859375
0.0827377,0.112964146,6591,-0.39663875,366592,20.0,1.5480099,0.8848081,2.0540137,179,3.4085294500000005,55,0.2,-0.040803010645322504,0.022410719,1780,0.8957501500844955,0.07603574583190494,1e-05,-1.5461455997079612,0.01553034782409668,0.260205078125
0.052577972,0.102575436,6628,-0.38709575,368640,20.0,1.4792432,0.9261652,1.9423727,180,3.31323529,55,0.2,-0.02958307463704841,0.014574583,1790,0.9022212773561478,0.06736824670806527,1e-05,-1.6126198776066303,-0.03216012939810753,0.202001953125
0.05014863,0.07776103,6666,-0.38326237,370688,20.0,1.6056075,0.9488419,1.964527,181,3.5429411600000007,55,0.2,-0.04082263802702073,0.02178311,1800,0.8827064037322998,0.08792310885619373,1e-05,-1.6031640481203795,0.007080923765897751,0.262841796875
0.066189885,0.09552833,6709,-0.41589022,372736,20.0,1.5325578,0.93414927,1.9188987,182,3.354705900000001,55,0.2,-0.03020616003195755,0.014640722,1810,0.9045444875955582,0.07856511469581165,1e-05,-1.599962854012847,-0.00854375958442688,0.222265625
0.05350425,0.08360017,6748,-0.390202,374784,20.0,1.45573,0.9040762,1.8674972,183,3.1926470399999998,55,0.2,-0.03663733010762371,0.018696014,1820,0.8745241314172745,0.09368321521906182,1e-05,-1.5945399925112724,0.03260274603962898,0.22099609375
0.041395314,0.076159075,6784,-0.4245788,376832,20.0,1.6549904,0.9547432,1.948176,184,3.6461764199999998,55,0.2,-0.04135447669250425,0.022506138,1830,0.8917047157883644,0.07986944256699643,1e-05,-1.590286087989807,-0.03121047466993332,0.260888671875
0.04279343,0.07247678,6819,-0.39937216,378880,20.0,1.6553231,0.96265566,1.8812741,185,3.65323527,55,0.2,-0.035007268367917274,0.021239247,1840,0.8946601077914238,0.08470928160240873,1e-05,-1.5930114690214396,0.0032411664724349976,0.302978515625
0.04263881,0.06446246,6855,-0.4081024,380928,20.0,1.4728239,0.8852375,1.9270194,186,3.2514705900000003,55,0.2,-0.03226718242513016,0.018703192,1850,0.9013398438692093,0.08053904105909168,1e-05,-1.5843609001487493,-0.0446045882999897,0.18046875
0.047133155,0.07357327,6892,-0.39411104,382976,20.0,1.5968883,0.9345941,1.8754915,187,3.5735294300000002,55,0.2,-0.046225525194313374,0.023506504,1860,0.8820516690611839,0.07750216975109651,1e-05,-1.5542843397706747,0.011989928781986237,0.328564453125
0.03969852,0.06980555,6929,-0.39465594,385024,20.0,1.4768825,0.92559355,1.9842921,188,3.2805881899999996,55,0.2,-0.04335904105973896,0.021894643,1870,0.9046576991677284,0.07046259701019153,1e-05,-1.5727502606809138,-0.03252442181110382,0.293994140625
0.08366721,0.15897945,6970,-0.37645894,387072,20.0,1.5242558,0.8830125,1.902495,189,3.3835294499999997,55,0.2,-0.04149081443902105,0.022691708,1880,0.8734688460826874,0.09299053362337872,1e-05,-1.555612074583769,0.020455826073884964,0.2578125
0.03935301,0.06816163,7006,-0.39367092,389120,20.0,1.4562982,0.8813835,1.9789022,190,3.2670587899999997,55,0.2,-0.04444287171936594,0.0190988,1890,0.8979500532150269,0.06569764701416717,1e-05,-1.5771175913512707,-0.05017674341797829,0.277197265625
0.039823055,0.0653675,7042,-0.41290078,391168,20.0,1.5551094,0.8624566,1.9660841,191,3.3820588399999996,55,0.2,-0.043622483432409355,0.020359183,1900,0.8808450102806091,0.0816488548880443,1e-05,-1.5866179540753365,-0.0177399143576622,0.251171875
0.036460992,0.06320966,7080,-0.3839718,393216,20.0,1.498718,0.8704359,1.8503729,192,3.32441176,55,0.2,-0.046084046497708184,0.024166271,1910,0.9058843851089478,0.06136451209313236,1e-05,-1.6052828669548034,-0.02535572275519371,0.323876953125
0.03927794,0.06576886,7118,-0.41234478,395264,20.0,1.5583572,0.94298875,2.0013754,193,3.4644117600000004,55,0.2,-0.03804123242443893,0.017930899,1920,0.8951602652668953,0.07206420329166577,1e-05,-1.59178199544549,-0.021908797323703766,0.2517578125
0.0435915,0.0718049,7157,-0.40364408,397312,20.0,1.6339147,0.9455504,1.8073841,194,3.56382353,55,0.2,-0.039021923669497485,0.02553676,1930,0.8937619477510452,0.08275034842663445,1e-05,-1.578082352504134,-0.053055934607982635,0.260546875
0.04650964,0.08154149,7195,-0.40863317,399360,20.0,1.6333365,0.9332753,1.8449923,195,3.6588235100000004,55,0.2,-0.03482715518330224,0.018734112,1940,0.8956987261772156,0.08073480394668878,1e-05,-1.5955092269927262,0.021192751824855804,0.23837890625
0.0337621,0.058486983,7230,-0.37417,401408,20.0,1.5147641,0.9028904,1.9625127,196,3.32294115,55,0.2,-0.041208326764171944,0.018840004,1950,0.9074161350727081,0.06617702004150487,1e-05,-1.6033383451402188,-0.03936804085969925,0.310791015625
0.038255066,0.06518793,7265,-0.41662216,403456,20.0,1.5858092,0.8917696,1.9331466,197,3.490882380000001,55,0.2,-0.05013060621568002,0.023456171,1960,0.8935840800404549,0.07401344369864091,1e-05,-1.5829358790069818,-0.0127277672290802,0.309130859375
0.036753275,0.06394242,7300,-0.39605537,405504,20.0,1.5598185,0.9335355,1.9065666,198,3.4802941400000003,55,0.2,-0.03769674688228406,0.019372813,1970,0.9069531559944153,0.06125872696284205,1e-05,-1.5764093175530434,-0.01506057009100914,0.242919921875
0.042937536,0.07360157,7336,-0.36542448,407552,20.0,1.5442946,0.8997029,1.9875593,199,3.4394117800000004,55,0.2,-0.04111374233325478,0.026470132,1980,0.907125398516655,0.07104321505175903,1e-05,-1.5633236058056355,-0.025420624762773514,0.28203125
0.05159246,0.087604545,7376,-0.42199725,409600,20.0,1.4651603,0.8917243,2.0042622,200,3.2891176700000004,55,0.2,-0.04056166530936025,0.017817233,1990,0.8974733799695969,0.07323602514807134,1e-05,-1.566261600703001,0.0033974889665842056,0.265283203125
0.044382766,0.075000495,7414,-0.43985203,411648,20.0,1.5051593,0.86771494,1.9778144,201,3.3220588299999996,55,0.2,-0.03550264855730347,0.018582508,2000,0.8848993554711342,0.07968840239918791,1e-05,-1.5724692482501268,-0.05689084529876709,0.20166015625
0.03414955,0.057131693,7448,-0.42334807,413696,20.0,1.5031798,0.8992611,1.8702842,202,3.35882352,55,0.2,-0.03742572407063562,0.021032572,2010,0.9011677503585815,0.06373609356814995,1e-05,-1.5780818719416856,-0.0009027905762195587,0.257958984375
0.043380447,0.076484114,7485,-0.4044944,415744,20.0,1.5211849,0.9242861,1.9613608,203,3.38235297,55,0.2,-0.03637915614526719,0.024715092,2020,0.8920051828026772,0.07702812477946282,1e-05,-1.549499324336648,-0.03288913518190384,0.2912109375
0.05141124,0.11032987,7522,-0.37729436,417792,20.0,1.6254953,0.9489768,1.7960924,204,3.54176469,55,0.2,-0.046896555769490075,0.026175275,2030,0.8990046977996826,0.07644470317754895,1e-05,-1.55737085044384,-0.04332384094595909,0.320654296875
0.05549685,0.11059951,7558,-0.39498395,419840,20.0,1.6984932,0.99184513,1.7175338,205,3.7205881800000005,55,0.2,-0.04108835976949195,0.027933266,2040,0.903097078204155,0.07655593429226429,1e-05,-1.5826720822602511,-0.06868559867143631,0.303125
0.04367796,0.070753746,7595,-0.40711063,421888,20.0,1.585095,0.95434994,1.8368362,206,3.5058823599999998,55,0.2,-0.03408250061329454,0.021624802,2050,0.9140267297625542,0.07579545825137757,1e-05,-1.5710222993046046,0.002742704004049301,0.281884765625
0.035582826,0.06576802,7630,-0.39347702,423936,20.0,1.5107489,0.86533,1.8856643,207,3.3408823399999994,55,0.2,-0.04429817765339976,0.02187321,2060,0.9046729058027267,0.0775418963865377,1e-05,-1.5817205209285021,-0.020009100437164307,0.305078125
0.037093956,0.060893446,7665,-0.39894736,425984,20.0,1.5289564,0.8912681,1.9434437,208,3.3647058499999996,55,0.2,-0.046463017887435856,0.023401538,2070,0.9045613259077072,0.0629964217892848,1e-05,-1.571784795075655,-0.03663475066423416,0.313623046875
0.043313824,0.069412924,7701,-0.3870906,428032,20.0,1.5487211,0.9625916,1.8922063,209,3.4358822899999995,55,0.2,-0.0476549824437825,0.028645879,2080,0.8878415152430534,0.07608891048002989,1e-05,-1.569245732575655,-0.02533627115190029,0.391845703125
0.05249256,0.08265249,7739,-0.38358834,430080,20.0,1.6812305,0.97187597,1.7623287,210,3.72470589,55,0.2,-0.04715322336123791,0.026427006,2090,0.8860792517662048,0.09124220050871372,1e-05,-1.5475115079432726,-0.015569910407066345,0.353466796875
0.05553948,0.08862156,7776,-0.42742106,432128,20.0,1.7550852,0.98280364,1.8278908,211,3.85911763,55,0.2,-0.029697177332127466,0.023182414,2100,0.9146713688969612,0.06913543072296306,1e-05,-1.5503425251692533,-0.013967424631118774,0.251708984375
0.061293505,0.098354995,7815,-0.40133485,434176,20.0,1.7221917,0.9803542,1.8132021,212,3.7676470899999996,55,0.2,-0.028038156597176567,0.016773673,2110,0.9096094593405724,0.08021747907623648,1e-05,-1.5400809302926064,0.010519802570343018,0.224365234375
0.05916814,0.09113938,7853,-0.3952217,436224,20.0,1.5517316,0.89542866,1.7789478,213,3.4350000699999996,55,0.2,-0.033233105912222526,0.016925404,2120,0.9134543314576149,0.07544983344851061,1e-05,-1.5425580594688655,0.0073194243013858795,0.215087890625
0.066156015,0.12277748,7892,-0.421222,438272,20.0,1.5828111,0.8867619,1.9066465,214,3.4352941000000006,55,0.2,-0.041124627730459905,0.024386778,2130,0.9045736491680145,0.0659577381098643,1e-05,-1.5413934167474508,-0.02779574505984783,0.26513671875
0.04722762,0.07474087,7933,-0.38851815,440320,20.0,1.5239494,0.92163855,1.975463,215,3.3397058299999998,55,0.2,-0.042320549828582445,0.01657776,2140,0.9195402711629868,0.056057333247736096,1e-05,-1.5581445083022119,-0.04196258261799812,0.229931640625
0.058891274,0.09069559,7977,-0.40241235,442368,20.0,1.608345,0.9195359,1.9672757,216,3.51294121,55,0.2,-0.04423925948212855,0.024821937,2150,0.881310299038887,0.0887289356905967,1e-05,-1.5531501773744822,-0.02401113323867321,0.29580078125
0.046748362,0.07750294,8018,-0.39234817,444416,20.0,1.5570307,0.9460823,1.9966424,217,3.45264706,55,0.2,-0.04137449026165996,0.022992423,2160,0.9041940718889236,0.0711886893841438,1e-05,-1.5887137897312642,0.004896529018878937,0.294775390625
0.052386638,0.079848506,8058,-0.38967085,446464,20.0,1.5758023,0.9164232,1.8167639,218,3.4817646900000003,55,0.2,-0.03730804455699399,0.020066522,2170,0.9047369211912155,0.07513895704178139,1e-05,-1.5442603945732116,0.01917402818799019,0.28408203125
0.05090382,0.08152198,8098,-0.41483372,448512,20.0,1.540101,0.9330696,1.8615042,219,3.4367647299999993,55,0.2,-0.04400069013936445,0.02410239,2180,0.899667277932167,0.07259752086829394,1e-05,-1.5523376010358334,-0.02384096011519432,0.296630859375
0.046675973,0.07396738,8136,-0.39580292,450560,20.0,1.6035795,0.9668659,1.8367454,220,3.59852937,55,0.2,-0.04512926326133311,0.04029444,2190,0.8975098878145218,0.08004322835477069,1e-05,-1.5429003681987523,-0.06351780891418457,0.280029296875
0.043733813,0.07220882,8173,-0.40335977,452608,20.0,1.6809014,0.9451564,1.8170348,221,3.6841176200000003,55,0.2,-0.03836896219872869,0.025370067,2200,0.8962139338254929,0.08670161600457504,1e-05,-1.5338956736028195,-0.019830817356705666,0.267578125
0.048169844,0.07767072,8212,-0.4085549,454656,20.0,1.5763116,0.94192076,1.8520575,222,3.49382353,55,0.2,-0.03460446473036427,0.02199937,2210,0.9038005694746971,0.07739289668388664,1e-05,-1.5401709780097008,0.007588863372802734,0.29375
0.050921444,0.08412197,8251,-0.424362,456704,20.0,1.4949007,0.93435556,2.0206583,223,3.328529449999999,55,0.2,-0.03700373638421297,0.019693691,2220,0.9011995568871498,0.0814292843628209,1e-05,-1.5389729484915733,-0.012938469648361206,0.31875
0.04522445,0.07235687,8292,-0.37777144,458752,20.0,1.5100812,0.8717615,2.0569012,224,3.2638235399999997,55,0.2,-0.04195112077868544,0.029330539,2230,0.8882090598344803,0.08458397412323393,1e-05,-1.5587779957801104,-0.02052169293165207,0.2740234375
0.047988124,0.077567965,8330,-0.41552025,460800,20.0,1.4827081,0.8823176,2.0406475,225,3.2976470299999994,55,0.2,-0.04392330932605546,0.0210951,2240,0.8921683356165886,0.07252977435709909,1e-05,-1.5775624226778746,-0.017632443457841873,0.2607421875
0.05806252,0.10922206,8369,-0.40295428,462848,20.0,1.5817432,0.9791137,1.9060425,226,3.5291176299999996,55,0.2,-0.03349214656627737,0.023163658,2250,0.8876469880342484,0.07845485085854306,1e-05,-1.5667473014444113,-0.019929632544517517,0.228662109375
0.06918997,0.15862104,8410,-0.39956176,464896,20.0,1.6524208,0.9604157,1.8344297,227,3.6329411300000003,55,0.2,-0.034299198325606996,0.023773354,2260,0.8862160965800285,0.09636209686868824,1e-05,-1.5439512107521296,-0.01877635344862938,0.2677734375
0.053318374,0.0914853,8448,-0.39832944,466944,20.0,1.6676329,0.9726681,1.8743908,228,3.70558821,55,0.2,-0.038538861513370645,0.025027568,2270,0.9061798453330994,0.07440804223879241,1e-05,-1.532624200358987,-0.03312503173947334,0.28388671875
0.046008572,0.07798085,8484,-0.40878874,468992,20.0,1.675477,0.9746767,1.8317977,229,3.7341176000000003,55,0.2,-0.03876158686616691,0.02293477,2280,0.9013510793447495,0.08309517913730816,1e-05,-1.529764573276043,-0.01851382851600647,0.283935546875
0.045563392,0.082327716,8521,-0.3983508,471040,20.0,1.6394162,0.9547774,1.8981534,230,3.643529430000001,55,0.2,-0.03872499590361258,0.02320319,2290,0.9130028635263443,0.07401339909993113,1e-05,-1.5343547735363245,-0.013011492788791656,0.28046875
0.046733856,0.074297145,8558,-0.41094992,473088,20.0,1.5333185,0.9452014,1.8484538,231,3.41999997,55,0.2,-0.030694159635459073,0.022505403,2300,0.9084796905517578,0.0772286687453743,1e-05,-1.5166562736034392,-0.016899477690458298,0.242919921875
0.058987968,0.099030554,8598,-0.39423555,475136,20.0,1.6095451,0.9404884,1.8494664,232,3.5602941099999996,55,0.2,-0.0409833562822314,0.023641376,2310,0.8905147984623909,0.08251803184393794,1e-05,-1.5124354921281338,-0.022060681134462357,0.3314453125
0.06197811,0.099578775,8639,-0.38834977,477184,20.0,1.5620339,0.9406004,1.9914184,233,3.45764701,55,0.2,-0.04608128863328602,0.0248201,2320,0.9005612209439278,0.07929776695673355,1e-05,-1.5272262077778578,-0.0215289369225502,0.32509765625
0.05782813,0.114231385,8677,-0.40696833,479232,20.0,1.5098249,0.93487984,1.9576948,234,3.3332353099999996,55,0.2,-0.04311207648424897,0.02273214,2330,0.8973511382937431,0.08162067731609568,1e-05,-1.5422656945884228,-0.026124201714992523,0.318115234375
0.04300359,0.07584248,8713,-0.41614014,481280,20.0,1.5812498,0.9329791,1.8919244,235,3.4729411999999997,55,0.2,-0.04514099727675784,0.029246068,2340,0.887421578168869,0.08973342650569975,1e-05,-1.5337077334523201,0.0240924172103405,0.361669921875
0.044394255,0.07707976,8749,-0.39549655,483328,20.0,1.6297061,0.9458565,1.767408,236,3.6158823800000004,55,0.2,-0.03852174487255979,0.021520972,2350,0.8982892781496048,0.07646963544539176,1e-05,-1.504753317311406,0.0046381764113903046,0.28984375
0.06728121,0.10558003,8790,-0.39950958,485376,20.0,1.5431597,0.9205431,1.799759,237,3.4182352699999994,55,0.2,-0.035453837848035616,0.024735915,2360,0.9183317646384239,0.0639345858246088,1e-05,-1.5025110587477684,-0.016907483339309692,0.3111328125
0.10427618,0.1551279,8834,-0.41916043,487424,20.0,1.5921665,0.9047301,1.9789414,238,3.516176459999999,55,0.2,-0.039977060008095575,0.022109482,2370,0.8966489434242249,0.07724490283289924,1e-05,-1.5456613078713417,-0.013545431196689606,0.230322265625
0.053197637,0.08488016,8875,-0.38263685,489472,20.0,1.5194426,0.9704105,1.7900003,239,3.4197058699999996,55,0.2,-0.04237782777781831,0.020052625,2380,0.9015774950385094,0.07021287303650751,1e-05,-1.5826786715537309,-0.03618290275335312,0.25439453125
0.09120422,0.14149097,8919,-0.4124759,491520,20.0,1.5123713,0.938674,1.9064479,240,3.3217647000000006,55,0.2,-0.04593308677867754,0.026514105,2390,0.8828946650028229,0.09745135535486042,1e-05,-1.549339311942458,-0.006942063570022583,0.321484375
0.042462617,0.072614424,8957,-0.41398337,493568,20.0,1.6167681,0.95795804,1.9685867,241,3.5682353000000004,55,0.2,-0.04305730570049491,0.02240787,2400,0.887240469455719,0.08801892214105464,1e-05,-1.5880489386618137,-0.027820520102977753,0.2638671875
0.08236025,0.12875363,9000,-0.40225276,495616,20.0,1.4569862,0.9508027,1.9542482,242,3.280882359999999,55,0.2,-0.039430077976430764,0.02069038,2410,0.9091202914714813,0.07583839304279535,1e-05,-1.55707853063941,-0.045636698603630066,0.278857421875
0.04148996,0.07831794,9037,-0.4183156,497664,20.0,1.5478094,0.93089634,1.9907674,243,3.4458823499999998,55,0.2,-0.03889397236343939,0.026311975,2420,0.883157454431057,0.0956760473549366,1e-05,-1.5723513755947351,-0.016857251524925232,0.247265625
0.07327843,0.108778834,9080,-0.40472117,499712,20.0,1.4783332,0.9004082,1.9055158,244,3.35029407,55,0.2,-0.038898282499576456,0.02241303,2430,0.8988941833376884,0.0792863835231401,1e-05,-1.564559442177415,-0.026331892237067223,0.2572265625
0.084493026,0.12509468,9124,-0.40728778,501760,20.0,1.5865793,0.9335057,1.9621888,245,3.5397059,54,0.2,-0.03765628536930308,0.024095424,2440,0.9005097672343254,0.07340568910003639,1e-05,-1.5379559714347124,0.008805446326732635,0.262890625
