return_mean,short_mean,long_mean,time/time_elapsed,long_std,short_std,rollout/ep_rew_mean,return_std,rollout/ep_len_mean,time/total_timesteps,time/iterations,time/fps,train/clip_fraction,train/learning_rate,train/value_loss,train/n_updates,train/entropy_loss,train/clip_range,train/policy_gradient_loss,train/approx_kl,train/explained_variance,train/loss
0.833426,0.2769988,-0.3858035,32,2.0126357,0.2683703,2.3897058799999997,0.4914927,20.0,2048,1,63,,,,,,,,,,
0.93417335,0.31333154,-0.3717682,63,1.9821502,0.28451702,2.24588233,0.5475743,20.0,4096,2,65,0.0,1e-05,0.1586884921649471,10,-3.555073729157448,0.2,-0.003600359399570152,0.0010607356,-0.07238888740539551,0.03963414579629898
1.071808,0.2986616,-0.38793087,93,2.0570416,0.29836535,2.5467646999999998,0.6562391,20.0,6144,3,65,0.0,1e-05,0.08299124095356092,20,-3.5535951323807238,0.2,-0.0028341382276266813,0.0009995475,0.5110780000686646,0.0082060806453228
1.0996578,0.3048928,-0.3942114,124,2.023894,0.26435378,2.47176467,0.65228605,20.0,8192,4,65,0.00458984375,1e-05,0.08743559862487019,30,-3.549547290802002,0.2,-0.005883116275072098,0.0040108897,0.6658821702003479,0.018224723637104034
0.99587166,0.27884886,-0.40125135,154,2.0000184,0.26585832,2.2685294099999997,0.6339411,20.0,10240,5,66,0.0048828125,1e-05,0.07922462838469073,40,-3.539227128773928,0.2,-0.005358957799035125,0.0042401934,0.711139053106308,0.04877784103155136
1.0532649,0.2810478,-0.38896716,185,2.0260284,0.26981005,2.4035294,0.6749615,20.0,12288,6,66,0.01640625,1e-05,0.07828133831499144,50,-3.520184352248907,0.2,-0.006255653919652104,0.006968307,0.7320340573787689,0.03055707737803459
1.0772295,0.24604943,-0.38013574,218,2.0105793,0.26085824,2.4317647200000003,0.64915514,20.0,14336,7,65,0.03818359375,1e-05,0.08767493456834927,60,-3.4852630153298376,0.2,-0.008044737378077116,0.0080582695,0.7421782612800598,0.009371139109134674
1.069591,0.2277119,-0.41166908,250,2.0495417,0.23690312,2.4629411699999997,0.6992979,20.0,16384,8,65,0.03603515625,1e-05,0.06668110613245518,70,-3.433451468497515,0.2,-0.008410534693393857,0.010580778,0.7874025702476501,0.012850422412157059
1.1393139,0.23410502,-0.39894187,282,1.9661798,0.23571353,2.53147062,0.6850364,20.0,18432,9,65,0.027978515625,1e-05,0.08237279927707278,80,-3.4105668887495995,0.2,-0.009073312077089214,0.0070662936,0.7648451626300812,0.048183053731918335
1.1062032,0.24032128,-0.40235823,314,1.9505458,0.21782732,2.4894117799999997,0.6975998,20.0,20480,10,65,0.070751953125,1e-05,0.07952625431353226,90,-3.3619793355464935,0.2,-0.014460316102486104,0.013069764,0.7738609611988068,0.01005828008055687
1.0936643,0.22149175,-0.410243,345,2.1194634,0.1995841,2.4432352699999997,0.6795405,20.0,22528,11,65,0.031884765625,1e-05,0.07887136118370108,100,-3.2990380086004736,0.2,-0.00987110359565122,0.008578239,0.7839556634426117,-0.0013035386800765991
1.1525729,0.22546154,-0.40735972,377,2.0277848,0.19503847,2.6411764699999996,0.719169,20.0,24576,12,65,0.049853515625,1e-05,0.07161140614189207,110,-3.220511960983276,0.2,-0.010137051192577929,0.011973485,0.8022396862506866,-0.00612221471965313
1.113343,0.22620763,-0.38399893,408,2.0206757,0.20256786,2.55264708,0.70206636,20.0,26624,13,65,0.063037109375,1e-05,0.07998644530307501,120,-3.1354312181472777,0.2,-0.01175088555610273,0.010012803,0.795049786567688,0.03696253523230553
1.1748359,0.25650927,-0.40143448,438,1.9041144,0.21642862,2.6314705600000003,0.6939607,20.0,28672,14,65,0.1068359375,1e-05,0.07479019751772284,130,-3.0754842914640905,0.2,-0.017249979678308592,0.011790739,0.7975558340549469,0.01352299377322197
1.1539218,0.3182089,-0.39227417,469,1.9015335,0.24996912,2.6008823100000003,0.71580213,20.0,30720,15,65,0.066552734375,1e-05,0.0667920297011733,140,-2.9741446390748023,0.2,-0.011773403960978613,0.013021678,0.8202913403511047,0.04275901988148689
1.1910517,0.34957594,-0.40353143,499,1.9340749,0.25745922,2.6720587900000004,0.735727,20.0,32768,16,65,0.0744140625,1e-05,0.0652858929010108,150,-2.917517926543951,0.2,-0.01295391099556582,0.011476422,0.8265083283185959,-0.021339282393455505
1.1747993,0.35507238,-0.4016444,531,2.0104113,0.25480646,2.6523529200000002,0.7202109,20.0,34816,17,65,0.03056640625,1e-05,0.08399489806615748,160,-2.8996191933751105,0.2,-0.008531174575909971,0.008498607,0.8003866523504257,0.023425932973623276
1.2420907,0.34959102,-0.40690845,562,1.932123,0.26490527,2.73411767,0.69966453,20.0,36864,18,65,0.04384765625,1e-05,0.06589797507622279,170,-2.8932975113391874,0.2,-0.008375676276045851,0.00905213,0.8388134092092514,-0.01664431393146515
1.1729666,0.33305764,-0.391369,593,1.9124699,0.2571342,2.62441172,0.7014488,20.0,38912,19,65,0.029248046875,1e-05,0.06109855246613734,180,-2.850861103087664,0.2,-0.00645660338923335,0.010842662,0.8300543427467346,0.013504669070243835
1.1653208,0.38994697,-0.39725745,624,1.9556177,0.26399076,2.6097058399999997,0.72340375,20.0,40960,20,65,0.05546875,1e-05,0.06868149213842116,190,-2.814992342144251,0.2,-0.010814584282343276,0.009060532,0.8205380588769913,0.01648169569671154
1.2305696,0.35409844,-0.41402614,655,1.9888626,0.26718393,2.7564705599999995,0.7296702,20.0,43008,21,65,0.03125,1e-05,0.06949329571798443,200,-2.753950820118189,0.2,-0.005951670334616211,0.0055066566,0.8253338485956192,0.029054835438728333
1.1884608,0.35167187,-0.42519647,687,1.9905744,0.25277144,2.66735296,0.7345637,20.0,45056,22,65,0.073876953125,1e-05,0.06762156678014435,210,-2.8097529381513597,0.2,-0.010764908796409145,0.013048459,0.8337024748325348,0.01388988271355629
1.1753068,0.37445143,-0.3941575,718,1.957943,0.27339742,2.63058825,0.7065569,20.0,47104,23,65,0.051220703125,1e-05,0.06753164767287671,220,-2.8169652082026007,0.2,-0.010598871466936544,0.011980476,0.8366573303937912,-0.010731559246778488
1.2388389,0.3782571,-0.40447938,749,1.9009098,0.26405743,2.7664706,0.76479053,20.0,49152,24,65,0.04990234375,1e-05,0.06355618225643411,230,-2.834268143773079,0.2,-0.009236885531572625,0.0111244,0.8343690484762192,0.008955506607890129
1.233472,0.42538828,-0.40122682,780,1.8514026,0.28095427,2.7758823900000005,0.7481041,20.0,51200,25,65,0.061474609375,1e-05,0.07716394003364258,240,-2.848553008586168,0.2,-0.00906823989644181,0.010398354,0.825553834438324,-0.012854184955358505
1.2760324,0.4073402,-0.3976761,812,1.9223299,0.2912956,2.8764706099999997,0.7690107,20.0,53248,26,65,0.108740234375,1e-05,0.06811489879037254,250,-2.8045414857566358,0.2,-0.013453470118110999,0.011462246,0.8419705629348755,0.00047160498797893524
1.1980181,0.38320222,-0.4145378,843,1.967537,0.26972178,2.71794115,0.7530219,20.0,55296,27,65,0.05703125,1e-05,0.0773102817533072,260,-2.800187550485134,0.2,-0.009721090926905162,0.011122485,0.8250338733196259,-0.009164765477180481
1.1929696,0.43801633,-0.41349962,873,1.9808481,0.2888741,2.6855882099999997,0.71572965,20.0,57344,28,65,0.046240234375,1e-05,0.07537869514198973,270,-2.7656798511743546,0.2,-0.008292627059563528,0.008107356,0.8274012804031372,0.011729825288057327
1.2164469,0.42894706,-0.39007398,904,1.9391062,0.29210532,2.7411764599999997,0.7085025,20.0,59392,29,65,0.098046875,1e-05,0.06647873165784404,280,-2.7323339506983757,0.2,-0.014695483728428372,0.0151010975,0.8269704282283783,-0.007824738509953022
1.2084314,0.44238183,-0.3923415,934,1.9092764,0.2918885,2.686176479999999,0.717656,20.0,61440,30,65,0.04775390625,1e-05,0.061955030087847265,290,-2.7150594629347324,0.2,-0.008661366431624629,0.012388563,0.8331520557403564,-0.0032988227903842926
1.1637131,0.4079844,-0.39788672,964,2.0159535,0.28369635,2.57794121,0.71219844,20.0,63488,31,65,0.097216796875,1e-05,0.05821280347299762,300,-2.7623531073331833,0.2,-0.0129729099891847,0.0146735525,0.8475512713193893,-0.0069333650171756744
1.2025579,0.41159928,-0.37129998,995,1.9522545,0.2863164,2.650588219999999,0.72915435,20.0,65536,32,65,0.055859375,1e-05,0.06647505019209347,310,-2.785974828898907,0.2,-0.009212587695219553,0.012594678,0.8259934335947037,0.003117963671684265
1.2535853,0.47189766,-0.4026269,1025,1.928957,0.29341182,2.80705886,0.7468408,20.0,67584,33,65,0.03857421875,1e-05,0.06910843513906002,320,-2.745175428688526,0.2,-0.008284023831947707,0.010883613,0.8293159604072571,0.020130962133407593
1.2547202,0.456628,-0.4030314,1056,1.9685647,0.29519546,2.7511764999999997,0.728608,20.0,69632,34,65,0.052099609375,1e-05,0.061144683056045326,330,-2.729341473430395,0.2,-0.00963257530820556,0.009995205,0.8517556935548782,0.00937906838953495
1.3141366,0.4864757,-0.3768105,1086,1.973876,0.308829,2.8826470999999994,0.7676017,20.0,71680,35,65,0.048828125,1e-05,0.05954827971290797,340,-2.6994182504713535,0.2,-0.009449379236320965,0.009555648,0.8482596725225449,0.010341769084334373
1.3110371,0.49207795,-0.39252645,1117,1.9638563,0.29715604,2.8597058399999997,0.77171224,20.0,73728,36,65,0.04267578125,1e-05,0.06292928062030115,350,-2.692705987393856,0.2,-0.008625577040947973,0.009003181,0.857618048787117,0.042381953448057175
1.3252888,0.4826744,-0.3818054,1146,1.9151832,0.3080027,2.9450000099999993,0.7878187,20.0,75776,37,66,0.0513671875,1e-05,0.07466258303611539,360,-2.6842204339802267,0.2,-0.00917750723892823,0.010420056,0.8441666066646576,0.022142307832837105
1.1893792,0.44457936,-0.40042025,1176,1.8774283,0.2949258,2.6405882800000002,0.7356853,20.0,77824,38,66,0.03173828125,1e-05,0.07725170842604712,370,-2.7237255059182646,0.2,-0.007505531000788324,0.009665076,0.8433828353881836,0.014156825840473175
1.2806635,0.4913543,-0.39715427,1205,1.936268,0.30396274,2.87000003,0.7401599,20.0,79872,39,66,0.07080078125,1e-05,0.06374077490763738,380,-2.725014279037714,0.2,-0.011968754688859917,0.012173115,0.8431638032197952,-0.003795590251684189
1.2634821,0.510406,-0.39259297,1234,1.9140011,0.31654078,2.7908823900000006,0.750183,20.0,81920,40,66,0.054443359375,1e-05,0.058310740924207495,390,-2.6781537875533106,0.2,-0.008744142143405043,0.010953398,0.851477861404419,-0.004709513857960701
1.2450392,0.49002337,-0.4170357,1264,1.9858502,0.30322725,2.789705839999999,0.7310558,20.0,83968,41,66,0.046142578125,1e-05,0.0606903993873857,400,-2.627151946723461,0.2,-0.00829465985589195,0.012955317,0.8628935217857361,0.024689529091119766
1.3407078,0.5338278,-0.38788626,1293,1.9534757,0.32115805,3.0047059299999996,0.78380954,20.0,86016,42,66,0.0408203125,1e-05,0.060273271781625226,410,-2.610923428833485,0.2,-0.006708067667204887,0.008860051,0.8535633981227875,0.03512084484100342
1.280219,0.51072234,-0.40810066,1322,1.9947621,0.31098527,2.8720587900000005,0.7875024,20.0,88064,43,66,0.036328125,1e-05,0.07147276781033725,420,-2.6204565569758413,0.2,-0.008010767116502393,0.008341329,0.8387754261493683,0.02269817516207695
1.3133776,0.52852446,-0.41166863,1352,1.9108291,0.32165954,2.91647061,0.84488565,20.0,90112,44,66,0.0484375,1e-05,0.07419570091878995,430,-2.6090748332440854,0.2,-0.00854476956592407,0.0091731865,0.8434283882379532,0.0060789696872234344
1.2886884,0.5338058,-0.40752897,1380,1.940377,0.32529378,2.90176471,0.7691246,20.0,92160,45,66,0.047216796875,1e-05,0.09157306937268003,440,-2.5528842955827713,0.2,-0.00992508621129673,0.011797895,0.8404593914747238,0.018536414951086044
1.2701943,0.5520677,-0.4168984,1409,1.9559323,0.32912728,2.8058823799999995,0.7437528,20.0,94208,46,66,0.02890625,1e-05,0.07035843263729476,450,-2.56709251254797,0.2,-0.0066580074810190125,0.009783899,0.8492496609687805,0.0077581629157066345
1.3017871,0.5494431,-0.38087955,1438,1.894602,0.32809255,2.9199999400000003,0.77955145,20.0,96256,47,66,0.04140625,1e-05,0.06647081585251727,460,-2.5357809640467166,0.2,-0.00794990123831667,0.009110961,0.8460888117551804,0.04664958640933037
1.237939,0.5445857,-0.40722135,1467,1.9424992,0.32428864,2.7620588100000005,0.77177453,20.0,98304,48,66,0.055908203125,1e-05,0.07212983295903541,470,-2.511635709553957,0.2,-0.010795162993599661,0.012159039,0.8466098457574844,0.04344522953033447
1.2942798,0.57224846,-0.40888298,1496,1.9533386,0.33070368,2.9085294500000005,0.81934285,20.0,100352,49,67,0.0578125,1e-05,0.06532763640861958,480,-2.4643587470054626,0.2,-0.011128591391025112,0.011350878,0.8694798797369003,0.005209028720855713
1.2830288,0.56119084,-0.42205215,1525,1.9352335,0.3321379,2.8667647300000003,0.7820993,20.0,102400,50,67,0.074853515625,1e-05,0.09179394881939515,490,-2.3938264533877374,0.2,-0.012137633658130653,0.01528535,0.8285461813211441,0.0092622060328722
1.3795581,0.5804502,-0.42630658,1555,1.8556108,0.33965197,3.042352920000001,0.80593073,20.0,104448,51,67,0.037646484375,1e-05,0.07790926537709311,500,-2.3688930980861187,0.2,-0.006803758304158691,0.0073900074,0.84100241959095,0.027715176343917847
1.4221288,0.60159945,-0.4038537,1587,1.8097404,0.34905246,3.11088237,0.86657006,20.0,106496,52,67,0.06689453125,1e-05,0.07091536250663921,510,-2.319029577076435,0.2,-0.011988888634368778,0.009509663,0.8594376593828201,0.018137671053409576
1.3765085,0.59296757,-0.3847279,1617,1.8536812,0.3472815,3.0229411699999997,0.8464023,20.0,108544,53,67,0.076953125,1e-05,0.0845952068164479,520,-2.2896309927105905,0.2,-0.013962476498272735,0.010754798,0.8574565500020981,0.0004520602524280548
1.4796486,0.6099564,-0.37542295,1648,1.8620415,0.35089967,3.2538235400000004,0.8923778,20.0,110592,54,67,0.0556640625,1e-05,0.07937544342130423,530,-2.256436721235514,0.2,-0.01197055438242387,0.009714062,0.8609064072370529,0.036452218890190125
1.4177276,0.6043577,-0.38233206,1679,1.75231,0.3426121,3.1629411299999997,0.84434134,20.0,112640,55,67,0.07138671875,1e-05,0.08127071172348224,540,-2.200243431329727,0.2,-0.013846414198633283,0.011694512,0.8704827427864075,0.010909784585237503
1.4106723,0.5958197,-0.39331162,1713,1.856624,0.34455767,3.1561764599999997,0.8302876,20.0,114688,56,66,0.036181640625,1e-05,0.06971424552612007,550,-2.1769068643450735,0.2,-0.008524321840377524,0.012051081,0.8789636194705963,0.011395571753382683
1.4246421,0.6102762,-0.3771433,1744,1.72394,0.34674135,3.2235294400000005,0.889367,20.0,116736,57,66,0.0529296875,1e-05,0.06733611321542413,560,-2.10942450016737,0.2,-0.00924591146176681,0.012988349,0.8807083666324615,0.013103378936648369
1.340934,0.59883773,-0.39007187,1776,1.8472829,0.34771913,3.0338235099999995,0.81317574,20.0,118784,58,66,0.07353515625,1e-05,0.08351925683673471,570,-2.0654558692127467,0.2,-0.011811170374858192,0.010252619,0.8708125352859497,0.022479314357042313
1.4443573,0.6178055,-0.39339617,1807,1.7775633,0.35844952,3.2432352900000008,0.85170007,20.0,120832,59,66,0.05166015625,1e-05,0.07000427364255302,580,-2.036325015127659,0.2,-0.011117601969453971,0.009569172,0.8707449436187744,0.02257537841796875
1.5497159,0.6254642,-0.37159055,1840,1.7610557,0.35396317,3.4829411899999996,0.8832677,20.0,122880,60,66,0.0396484375,1e-05,0.06894199187518098,590,-1.9779540546238423,0.2,-0.008607186438166537,0.008147754,0.8872526735067368,0.027836402878165245
1.4622668,0.63019013,-0.39818972,1873,1.8255664,0.35731384,3.2567646800000007,0.88789624,20.0,124928,61,66,0.078466796875,1e-05,0.06357958493754268,600,-1.982874944806099,0.2,-0.010236867907224223,0.012321429,0.9032239466905594,0.008502468466758728
1.4785998,0.6224604,-0.3588747,1909,1.8611823,0.3528261,3.28235293,0.88433045,20.0,126976,62,66,0.05703125,1e-05,0.08084918286767788,610,-1.9657481502741576,0.2,-0.01021633615164319,0.010893242,0.8760110512375832,0.030474239960312843
1.5544716,0.62391824,-0.4043435,1941,1.7876995,0.3514912,3.4926470999999992,0.92491484,20.0,129024,63,66,0.027734375,1e-05,0.06805939710466191,620,-1.9890085585415362,0.2,-0.006779875155189075,0.009734788,0.8919385448098183,0.0038074329495429993
1.5578963,0.6238613,-0.37734848,1974,1.785542,0.34907195,3.51147059,0.9386355,20.0,131072,64,66,0.05009765625,1e-05,0.08357422964181752,630,-2.009379156306386,0.2,-0.00750504025927512,0.009152774,0.8803847432136536,0.002603519707918167
1.5547085,0.6288128,-0.3741123,2007,1.8606936,0.35718894,3.49882353,0.913224,20.0,133120,65,66,0.03056640625,1e-05,0.07712402538745664,640,-1.993869825080037,0.2,-0.004359934301464819,0.0065811677,0.893945962190628,0.038433149456977844
1.580037,0.62677276,-0.4183426,2040,1.824256,0.3577659,3.5029411599999998,0.9278147,20.0,135168,66,66,0.0521484375,1e-05,0.07760757259675302,650,-1.9890017859637736,0.2,-0.009083112713415175,0.010203276,0.8905340954661369,0.019870854914188385
1.5650587,0.6235397,-0.36581236,2075,1.7912815,0.35278106,3.514411760000001,0.9209207,20.0,137216,67,66,0.064208984375,1e-05,0.07923499070457182,660,-1.9885558515787125,0.2,-0.009296376985730603,0.0129495,0.8869496211409569,0.07139803469181061
1.5576701,0.631845,-0.4023101,2108,1.7964307,0.35666937,3.44941173,0.9304395,20.0,139264,68,66,0.05419921875,1e-05,0.0747047521872446,670,-1.9662311252206564,0.2,-0.008688649421674199,0.0068377564,0.8937470838427544,0.02383972331881523
1.5803124,0.63365746,-0.38893998,2140,1.7675173,0.3595962,3.53411765,0.95088524,20.0,141312,69,66,0.037353515625,1e-05,0.08215763297048398,680,-1.9586371686309576,0.2,-0.0059000718523748216,0.01066741,0.8843267560005188,0.060534559190273285
1.5565324,0.636065,-0.3675278,2172,1.7369808,0.36051175,3.4579411799999997,0.93720746,20.0,143360,70,65,0.09501953125,1e-05,0.08494227611226961,690,-1.9092676162719726,0.2,-0.012792416306911036,0.01240083,0.8874243870377541,0.004426034167408943
1.5786967,0.6366557,-0.384865,2203,1.8382311,0.3584657,3.57235293,0.91888714,20.0,145408,71,65,0.0484375,1e-05,0.07969906848738902,700,-1.881350824981928,0.2,-0.006506731112312991,0.008351073,0.8952572420239449,0.03723977133631706
1.5839059,0.6384824,-0.37712446,2236,1.7861682,0.3644715,3.5470588199999997,0.9239776,20.0,147456,72,65,0.02578125,1e-05,0.06821908906567842,710,-1.856715089827776,0.2,-0.005607585812686011,0.004887825,0.9054660350084305,0.024511320516467094
1.670511,0.64826065,-0.42490748,2269,1.8670086,0.36572462,3.6832353,0.9517181,20.0,149504,73,65,0.022998046875,1e-05,0.08551332360948435,720,-1.8156011272221804,0.2,-0.004683476706850343,0.005667107,0.8794696852564812,0.045634686946868896
1.6160958,0.64730275,-0.39403108,2301,1.8292443,0.36839005,3.58294117,0.9560172,20.0,151552,74,65,0.043896484375,1e-05,0.07079546876484528,730,-1.7774645987898112,0.2,-0.004659095846000128,0.0065056095,0.9079217836260796,0.019468938931822777
1.5990051,0.65097034,-0.38546038,2333,1.8026527,0.36564362,3.5691176199999997,0.9430813,20.0,153600,75,65,0.038818359375,1e-05,0.08291197913931683,740,-1.8064941484481096,0.2,-0.004800768254790455,0.009424415,0.8933151066303253,0.0020215772092342377
1.61238,0.63267934,-0.39034027,2364,1.7925284,0.35744277,3.6138235300000003,0.9379637,20.0,155648,76,65,0.0318359375,1e-05,0.0760321055422537,750,-1.8225133810192347,0.2,-0.005076575414568652,0.0058915587,0.8993078917264938,0.017522141337394714
1.5499053,0.6319815,-0.38126597,2395,1.7725332,0.35786557,3.4991176499999996,0.90948665,20.0,157696,77,65,0.0419921875,1e-05,0.07576006384333596,760,-1.8278323024511338,0.2,-0.006340712100791279,0.008975612,0.9019442647695541,0.045260969549417496
1.564353,0.63774157,-0.39419436,2427,1.72749,0.36044067,3.48588238,0.9328644,20.0,159744,78,65,0.053466796875,1e-05,0.07153219626634381,770,-1.8437552966177464,0.2,-0.00766684914851794,0.009276593,0.8984864428639412,0.021081535145640373
1.651561,0.64113283,-0.38190645,2458,1.701663,0.362246,3.67411765,0.9525824,20.0,161792,79,65,0.045263671875,1e-05,0.07945527994888835,780,-1.8786426909267901,0.2,-0.005669037249754183,0.0075184717,0.8888591825962067,0.01610354706645012
1.5907569,0.6552408,-0.38157657,2492,1.7165616,0.36801547,3.57323533,0.9389328,20.0,163840,80,65,0.067919921875,1e-05,0.07785434159450233,790,-1.8675448164343833,0.2,-0.008080021082423627,0.01157866,0.9025020599365234,0.06968407332897186
1.6227322,0.6510621,-0.37746343,2524,1.8115053,0.3645094,3.62911764,0.9347422,20.0,165888,81,65,0.064111328125,1e-05,0.07136660784017294,800,-1.879396803677082,0.2,-0.00808738508494571,0.010277558,0.8946348577737808,0.020626146346330643
1.595401,0.63322157,-0.40632525,2556,1.8695921,0.35206243,3.6149999999999993,0.93571436,20.0,167936,82,65,0.046142578125,1e-05,0.07168906512088143,810,-1.884538732841611,0.2,-0.00617644886369817,0.009922508,0.9039101302623749,0.028207607567310333
1.5587388,0.6357192,-0.3924481,2588,1.8055667,0.36242083,3.49235296,0.9267874,20.0,169984,83,65,0.0798828125,1e-05,0.06896047100308351,820,-1.8521794363856317,0.2,-0.009338857428519986,0.011038615,0.909032367169857,0.017169639468193054
1.6695981,0.6457781,-0.38557014,2620,1.7704893,0.36140066,3.7147058900000003,0.9809541,20.0,172032,84,65,0.037890625,1e-05,0.07844982458627783,830,-1.8215271551162004,0.2,-0.005872586247278377,0.006039906,0.8950221389532089,0.008633922785520554
1.6638575,0.6523498,-0.3901567,2652,1.7981522,0.36573482,3.7550000200000007,0.95982796,20.0,174080,85,65,0.048291015625,1e-05,0.0835867598769255,840,-1.7560110434889793,0.2,-0.007149021413351875,0.011609992,0.8948931619524956,0.018328595906496048
1.6570289,0.6499091,-0.38050026,2684,1.8742146,0.37036422,3.68205875,0.94381684,20.0,176128,86,65,0.084814453125,1e-05,0.0728591805556789,850,-1.697837556153536,0.2,-0.00821687467105221,0.008264461,0.9082148224115372,0.02086765132844448
1.6738536,0.6509503,-0.37619257,2716,1.7909116,0.3662829,3.7123529100000003,0.97755504,20.0,178176,87,65,0.048828125,1e-05,0.07355802059173584,860,-1.694327438250184,0.2,-0.006127054715761915,0.006410416,0.9048306494951248,0.026986118406057358
1.7018051,0.6594085,-0.3597378,2748,1.6713697,0.37522846,3.7049999800000006,0.9596607,20.0,180224,88,65,0.0478515625,1e-05,0.08150536399916745,870,-1.7009528681635857,0.2,-0.0061765925289364535,0.0070496215,0.9027304127812386,0.03939220309257507
1.6442325,0.65549815,-0.37595296,2780,1.8000284,0.36712903,3.6261764999999997,0.94850856,20.0,182272,89,65,0.062109375,1e-05,0.06494807181879877,880,-1.684366662800312,0.2,-0.007693541116896086,0.009790143,0.9182380810379982,0.002189449965953827
1.6387427,0.6518698,-0.37125435,2814,1.7908416,0.36840224,3.6020588499999997,0.9675595,20.0,184320,90,65,0.062060546875,1e-05,0.07406345648923889,890,-1.7223484829068183,0.2,-0.008694990996445995,0.010003874,0.9042775630950928,0.026139521971344948
1.723927,0.65467376,-0.35932767,2847,1.8184484,0.3722307,3.7611764899999995,0.97955596,20.0,186368,91,65,0.083203125,1e-05,0.0782640702847857,900,-1.7604081872850657,0.2,-0.010117617252399213,0.013053406,0.9049442410469055,0.005981467664241791
1.7117139,0.65661013,-0.39542583,2878,1.7601291,0.369967,3.765294130000001,0.9571103,20.0,188416,92,65,0.05146484375,1e-05,0.07695268271490932,910,-1.781962164863944,0.2,-0.005696750697097741,0.008039398,0.9055991247296333,0.037923216819763184
1.6875145,0.64862514,-0.38768524,2910,1.7930694,0.36324862,3.76911763,0.995695,20.0,190464,93,65,0.068896484375,1e-05,0.07012863990967162,920,-1.784139096736908,0.2,-0.007681804375897628,0.012156421,0.911960132420063,0.006415620446205139
1.6279154,0.66610587,-0.34220877,2942,1.7212931,0.37915957,3.59470588,0.9539316,20.0,192512,94,65,0.060986328125,1e-05,0.08837774940766394,930,-1.7894762098789214,0.2,-0.0073325801873579625,0.008261674,0.8940229788422585,0.04171595349907875
1.7106283,0.6473994,-0.3723454,2975,1.8700404,0.36839,3.7820588399999995,0.9683166,20.0,194560,95,65,0.052880859375,1e-05,0.07196389769669623,940,-1.7770278569310904,0.2,-0.006576099811354652,0.008485053,0.907905824482441,0.017525769770145416
1.7059591,0.66113615,-0.39368534,3008,1.7733386,0.37355673,3.8029412299999996,0.9744958,20.0,196608,96,65,0.0626953125,1e-05,0.07113485455629416,950,-1.7363234970718622,0.2,-0.007368380788830109,0.011757441,0.9111880883574486,0.02107052691280842
1.6848288,0.654866,-0.35445952,3040,1.8107837,0.37157115,3.7247058799999997,0.9751666,20.0,198656,97,65,0.058544921875,1e-05,0.07084022269700654,960,-1.7572048768401145,0.2,-0.007896381668979302,0.011481428,0.9139810875058174,0.010430604219436646
1.637332,0.647231,-0.36841613,3072,1.781044,0.36626017,3.62470588,0.9622936,20.0,200704,98,65,0.05703125,1e-05,0.07825158399064094,970,-1.80414177775383,0.2,-0.009859438915736974,0.011935424,0.9043665304780006,0.038566358387470245
1.7303786,0.6662883,-0.38244322,3105,1.7154818,0.37469512,3.8541176399999997,0.98533046,20.0,202752,99,65,0.018994140625,1e-05,0.0647347993159201,980,-1.778438799455762,0.2,-0.0041889819345669824,0.0044736145,0.9206910505890846,0.029590995982289314
1.7341466,0.6552573,-0.3655054,3138,1.7667372,0.37257892,3.7688235100000003,0.98746514,20.0,204800,100,65,0.038134765625,1e-05,0.07362362463609315,990,-1.7688660770654678,0.2,-0.005927471889299341,0.0071492107,0.9129603952169418,0.01924421451985836
1.7113397,0.6604944,-0.3991701,3170,1.760034,0.3770538,3.7044118,0.9801933,20.0,206848,101,65,0.0966796875,1e-05,0.08782414738088846,1000,-1.7677864022552967,0.2,-0.008965093723963946,0.010799101,0.893712654709816,0.01872776448726654
1.6705956,0.65071166,-0.3930627,3202,1.7757274,0.3722567,3.6794117699999997,0.94089013,20.0,208896,102,65,0.04638671875,1e-05,0.07716405913233756,1010,-1.7430357355624437,0.2,-0.006302643707022071,0.0088096345,0.9018733501434326,0.02124239131808281
1.7156997,0.6588685,-0.41216838,3235,1.7490845,0.37497243,3.75529409,0.97776777,20.0,210944,103,65,0.021337890625,1e-05,0.06286026124143973,1020,-1.6903547260910272,0.2,-0.00365211855241796,0.0040830853,0.9169379398226738,0.026532582938671112
1.7106705,0.6662198,-0.37262553,3268,1.8181015,0.38060892,3.6488235299999996,0.9795013,20.0,212992,104,65,0.04599609375,1e-05,0.07341560843633488,1030,-1.6978393290191889,0.2,-0.007364647355279886,0.007455097,0.9089431837201118,0.048179589211940765
1.7638386,0.6665022,-0.39645138,3300,1.6828558,0.3786743,3.8491176899999995,1.0124066,20.0,215040,105,65,0.046923828125,1e-05,0.07777646180475131,1040,-1.696911756321788,0.2,-0.007418822011095472,0.0066807624,0.9087704420089722,0.024294767528772354
1.6862016,0.65301996,-0.39851135,3334,1.8017917,0.37068364,3.7376470500000005,0.9833808,20.0,217088,106,65,0.02470703125,1e-05,0.07652181468438357,1050,-1.6425046928226947,0.2,-0.003253495675744489,0.007024559,0.9124856367707253,0.026692409068346024
1.7659891,0.6703118,-0.36279362,3366,1.7525977,0.37946796,3.8452940800000004,1.0003451,20.0,219136,107,65,0.077197265625,1e-05,0.0746934811817482,1060,-1.6211186677217484,0.2,-0.008580786859965883,0.012008472,0.9066266268491745,0.009511977434158325
1.643036,0.66455954,-0.3901093,3398,1.8237544,0.37790588,3.62411763,0.9711286,20.0,221184,108,65,0.04501953125,1e-05,0.06991682951920666,1070,-1.5839288834482432,0.2,-0.00528486285766121,0.0071648313,0.9185876846313477,0.029685135930776596
1.6995636,0.67011523,-0.4007256,3430,1.8547397,0.38196766,3.75205881,0.953062,20.0,223232,109,65,0.051025390625,1e-05,0.07739666563575157,1080,-1.6194468587636948,0.2,-0.008134023015736602,0.0057227947,0.8978704586625099,-0.01808241382241249
1.7434496,0.6757374,-0.374758,3463,1.7617576,0.3823303,3.859705860000001,0.9938856,20.0,225280,110,65,0.0396484375,1e-05,0.06866521568736061,1090,-1.6272206246852874,0.2,-0.005211856136156712,0.00739492,0.909862220287323,0.0028211474418640137
1.736339,0.67257184,-0.3766432,3495,1.8368847,0.3832677,3.7744118099999997,0.9924977,20.0,227328,111,65,0.036279296875,1e-05,0.07153458981774748,1100,-1.5979499705135822,0.2,-0.006342371585196816,0.008614869,0.9151735305786133,-0.012005044147372246
1.7193499,0.6745075,-0.41873103,3529,1.8119575,0.38130158,3.7729411999999996,0.9698366,20.0,229376,112,64,0.049658203125,1e-05,0.0759230672963895,1110,-1.5682139556854964,0.2,-0.00484386759926565,0.008033097,0.9068645611405373,0.022937413305044174
1.7884779,0.66534317,-0.41277087,3560,1.7371042,0.37818205,3.88176466,1.0000153,20.0,231424,113,64,0.034814453125,1e-05,0.06779106036992744,1120,-1.5455489862710237,0.2,-0.005315143025654834,0.006933911,0.9164907559752464,0.0029952898621559143
1.7713658,0.68153024,-0.37336096,3592,1.7828017,0.38790658,3.8229411600000005,1.0240571,20.0,233472,114,64,0.053662109375,1e-05,0.0637991635594517,1130,-1.5444638006389142,0.2,-0.006003531804890372,0.011677398,0.9261997193098068,0.0045067742466926575
1.7090435,0.6781612,-0.3945951,3625,1.6858835,0.39009857,3.7305881899999993,0.967087,20.0,235520,115,64,0.107666015625,1e-05,0.08150845405762083,1140,-1.5216327980160713,0.2,-0.011773276858730242,0.013229583,0.9102843999862671,0.02497590333223343
1.6711016,0.6705878,-0.39758143,3658,1.6470124,0.38160297,3.6873529599999997,0.95108294,20.0,237568,116,64,0.03515625,1e-05,0.07088586478494108,1150,-1.4849469605833292,0.2,-0.0044816767796874045,0.009641388,0.9140898659825325,0.024961749091744423
1.7994195,0.67993236,-0.39319295,3690,1.7513616,0.38479716,3.922647079999999,1.0242321,20.0,239616,117,64,0.0357421875,1e-05,0.061346864112420005,1160,-1.4633827269077302,0.2,-0.005833515281847212,0.0091395,0.9227795228362083,0.020668216049671173
1.759562,0.6758647,-0.40389255,3722,1.7695901,0.38293508,3.8908823800000003,1.0295715,20.0,241664,118,64,0.055029296875,1e-05,0.0819823693833314,1170,-1.4483993172645568,0.2,-0.006433188240043819,0.008660994,0.9081839174032211,0.020542098209261894
1.7187433,0.68069273,-0.39874393,3754,1.6979661,0.38584575,3.80499998,0.9936689,20.0,243712,119,64,0.071533203125,1e-05,0.07405217913910747,1180,-1.4259108986705542,0.2,-0.006450675032101572,0.013385912,0.9117553532123566,0.02980562299489975
1.8025382,0.68244404,-0.38189343,3785,1.84643,0.38842013,3.9332352399999997,1.0225642,20.0,245760,120,64,0.0271484375,1e-05,0.07759756079176441,1190,-1.4331117745488882,0.2,-0.004573274185531773,0.0042849723,0.9096320569515228,0.02839544042944908
1.8106068,0.67432106,-0.3837679,3816,1.7797046,0.38418394,3.8944117400000007,1.0347171,20.0,247808,121,64,0.027490234375,1e-05,0.07550003444775939,1200,-1.466134962439537,0.2,-0.0042928484821459275,0.0065154815,0.9161501526832581,0.031423419713974
1.8384137,0.6862255,-0.3560761,3849,1.663447,0.39099446,3.96294117,1.0414844,20.0,249856,122,64,0.027978515625,1e-05,0.08567083964007907,1210,-1.4410118877887725,0.2,-0.0038834176521049812,0.006031396,0.9091747030615807,0.04708429425954819
1.7477376,0.6860761,-0.35118493,3882,1.6536645,0.39231327,3.824411730000001,0.98227614,20.0,251904,123,64,0.026611328125,1e-05,0.07982436557067558,1220,-1.4457590449601412,0.2,-0.002412419095344376,0.006295996,0.9173146039247513,0.046175517141819
1.7017548,0.6702888,-0.38155532,3915,1.7752273,0.379922,3.794705879999999,0.9685759,20.0,253952,124,64,0.04853515625,1e-05,0.06261247119400651,1230,-1.4547543071210385,0.2,-0.006708453127066605,0.009340101,0.9249685779213905,0.04220002517104149
1.6728851,0.67081344,-0.3894285,3946,1.7354271,0.38190988,3.7567647500000003,0.9794363,20.0,256000,125,64,0.075341796875,1e-05,0.06374649740755559,1240,-1.466714121773839,0.2,-0.009391845246136654,0.009527295,0.9178256615996361,0.014030300080776215
1.7220706,0.6766727,-0.37965417,3977,1.6118656,0.3859172,3.8276470400000004,1.0060087,20.0,258048,126,64,0.060791015625,1e-05,0.07156716545578093,1250,-1.4499561011791229,0.2,-0.005951029156858567,0.0120712,0.9151115119457245,0.0423661470413208
1.7848566,0.6799251,-0.3814474,4011,1.8324159,0.3810415,3.97676468,1.0356143,20.0,260096,127,64,0.030712890625,1e-05,0.08786055301898159,1260,-1.4490407779812813,0.2,-0.003961549440282397,0.008367604,0.8989641442894936,0.03426801413297653
1.7108207,0.6808012,-0.3920803,4044,1.7088324,0.38914463,3.7752941200000008,0.99400175,20.0,262144,128,64,0.03896484375,1e-05,0.07115503438399173,1270,-1.4462445594370366,0.2,-0.005150605585367884,0.007592671,0.9253773093223572,-0.0024406537413597107
1.7689626,0.6728164,-0.4017308,4076,1.7570803,0.3837323,3.85058828,0.9931228,20.0,264192,129,64,0.04873046875,1e-05,0.07334292950108648,1280,-1.4053731489926578,0.2,-0.004939788789488375,0.008155065,0.914114698767662,0.0437898226082325
1.7725776,0.6858739,-0.38389534,4108,1.769331,0.39238724,3.84,1.0044978,20.0,266240,130,64,0.03642578125,1e-05,0.06778204552829266,1290,-1.3874835535883903,0.2,-0.003011976834386587,0.009252431,0.9204081371426582,0.02822529897093773
1.7489185,0.6820035,-0.39471197,4140,1.7183329,0.38729188,3.817941180000001,1.0133698,20.0,268288,131,64,0.0314453125,1e-05,0.07789979578810743,1300,-1.3971328053623437,0.2,-0.003972556549706496,0.007892938,0.9130429178476334,0.032305337488651276
1.7756714,0.6874901,-0.36424053,4171,1.7520158,0.38937488,3.9070588399999995,1.0196078,20.0,270336,132,64,0.0498046875,1e-05,0.07710038468940184,1310,-1.3901165321469307,0.2,-0.0039526950276922435,0.008911717,0.9157525599002838,0.01809651032090187
1.7700967,0.6780316,-0.36829162,4203,1.7725246,0.38448346,3.8614706,0.99519295,20.0,272384,133,64,0.035302734375,1e-05,0.08584296428598463,1320,-1.3870525021106004,0.2,-0.004136298003140837,0.0043676742,0.9083507135510445,0.02373027428984642
1.8451214,0.6882379,-0.4114039,4236,1.7095963,0.39161968,3.9502941300000005,1.031855,20.0,274432,134,64,0.04892578125,1e-05,0.06976519384770655,1330,-1.3793152246624232,0.2,-0.004784154634398874,0.010964317,0.9199444055557251,0.024376284331083298
1.7875208,0.6832385,-0.39644367,4267,1.7603651,0.38724044,3.8820588099999993,1.0100815,20.0,276480,135,64,0.070166015625,1e-05,0.0790040111867711,1340,-1.4068993132561445,0.2,-0.008482668246142567,0.008816007,0.9155969172716141,0.014439834281802177
1.8957603,0.6863473,-0.36275607,4300,1.7318064,0.39287773,4.05764703,1.0542383,20.0,278528,136,64,0.08896484375,1e-05,0.07277153304894454,1350,-1.4185753889381885,0.2,-0.008757067896658555,0.011013761,0.9206406027078629,-0.0004448629915714264
1.7408999,0.6926743,-0.38402724,4333,1.7098274,0.39419845,3.8367647199999997,1.0180427,20.0,280576,137,64,0.043701171875,1e-05,0.08502264447160997,1360,-1.4093302864581347,0.2,-0.005415961524704471,0.007872639,0.9106371477246284,0.029560811817646027
1.7708019,0.68650067,-0.41409862,4365,1.8472368,0.38782698,3.91823528,1.0131752,20.0,282624,138,64,0.091943359375,1e-05,0.07572863884270191,1370,-1.403436465188861,0.2,-0.0071418101520976055,0.009362106,0.9096688106656075,0.015362970530986786
1.8392,0.6909435,-0.3596367,4397,1.7429036,0.39129344,4.014117700000001,1.057666,20.0,284672,139,64,0.044189453125,1e-05,0.0711405473353807,1380,-1.3980940964072943,0.2,-0.004900316706334706,0.008211065,0.9211006164550781,0.03102659061551094
1.8029447,0.6865108,-0.3902558,4429,1.713049,0.38872063,3.94852941,1.0057092,20.0,286720,140,64,0.044677734375,1e-05,0.07966209513833747,1390,-1.3812331568449736,0.2,-0.005288359118276275,0.0068164463,0.9175732582807541,0.02332763560116291
1.7563874,0.67975795,-0.43148065,4462,1.8296268,0.38295615,3.84882362,1.0093329,20.0,288768,141,64,0.025537109375,1e-05,0.06276529883034528,1400,-1.3929686069488525,0.2,-0.002328793570632115,0.005201072,0.9256680607795715,0.021758655086159706
1.7221794,0.67467344,-0.40333143,4493,1.7544203,0.38382474,3.7894117599999992,0.9802249,20.0,290816,142,64,0.064453125,1e-05,0.07048361769411712,1410,-1.3839550085365773,0.2,-0.0066588805770152245,0.008825411,0.9229941815137863,0.04419600963592529
1.8756144,0.6892177,-0.3771597,4526,1.663577,0.39102006,4.16205882,1.0402449,20.0,292864,143,64,0.029150390625,1e-05,0.06457432986353524,1420,-1.360740489885211,0.2,-0.004460384951380547,0.0055420697,0.924745112657547,0.022541454061865807
1.7743926,0.69089204,-0.37970304,4558,1.742913,0.3937294,3.8808823599999998,0.9977003,20.0,294912,144,64,0.03720703125,1e-05,0.06799766788026318,1430,-1.3488714419305325,0.2,-0.003736953722545877,0.0063103917,0.9258149564266205,0.04184381291270256
1.8628715,0.69876236,-0.36821193,4591,1.8045794,0.39658275,4.07764701,1.0526953,20.0,296960,145,64,0.1001953125,1e-05,0.06122312237857841,1440,-1.3457386579364539,0.2,-0.011172361226635985,0.009896966,0.9301279783248901,0.008914615958929062
1.7521131,0.67211473,-0.40574646,4624,1.7256699,0.3870241,3.77294115,0.987267,20.0,299008,146,64,0.058251953125,1e-05,0.06832546346122399,1450,-1.3363319784402847,0.2,-0.007908168266294525,0.007721867,0.9270322993397713,0.011514268815517426
1.7754736,0.6820708,-0.3976841,4656,1.7358042,0.38621795,3.894117619999999,1.0248245,20.0,301056,147,64,0.046826171875,1e-05,0.07288247063406743,1460,-1.3511949110776187,0.2,-0.0056506455424823795,0.008917015,0.9150848537683487,0.02446446754038334
1.785097,0.6823008,-0.4041652,4687,1.8171573,0.38916108,3.91558819,1.0222429,20.0,303104,148,64,0.042724609375,1e-05,0.06712322586099617,1470,-1.3743698552250863,0.2,-0.004526816675206646,0.0053800866,0.9287900626659393,0.020067472010850906
1.7808366,0.6692603,-0.42072996,4719,1.8913534,0.3757344,3.9182352499999995,0.99726486,20.0,305152,149,64,0.0826171875,1e-05,0.08012298370013013,1480,-1.3340528886765242,0.2,-0.00851178238808643,0.011359316,0.9126176163554192,0.03005044162273407
1.8364264,0.68381745,-0.37671316,4751,1.7613245,0.38847086,3.9873529399999996,1.0376688,20.0,307200,150,64,0.055615234375,1e-05,0.06775275488034822,1490,-1.326575194299221,0.2,-0.005532518215477467,0.009246599,0.9232744574546814,0.015565168112516403
1.6711749,0.6834098,-0.40681577,4782,1.6633868,0.39391953,3.7088235399999996,0.9623752,20.0,309248,151,64,0.041552734375,1e-05,0.07335582068772055,1500,-1.285138700529933,0.2,-0.0036687994084786623,0.0050419644,0.9252200797200203,0.03787299990653992
1.7240393,0.6866205,-0.3901925,4814,1.7371734,0.39139992,3.8214705799999997,0.98057693,20.0,311296,152,64,0.035302734375,1e-05,0.05800879277521744,1510,-1.244120028242469,0.2,-0.00338953278696863,0.0060399757,0.9253615140914917,0.04405546188354492
1.7968652,0.6856018,-0.3942108,4846,1.7101204,0.3907598,3.9679411700000005,1.0275775,20.0,313344,153,64,0.05126953125,1e-05,0.06848995837499387,1520,-1.2231505479663611,0.2,-0.006079676329682116,0.007353322,0.9197391122579575,0.006087683141231537
1.8039906,0.6872518,-0.3827247,4878,1.7280096,0.38875484,3.9855881899999996,1.0221756,20.0,315392,154,64,0.06513671875,1e-05,0.06534983657184057,1530,-1.1804802171885966,0.2,-0.005657032382441684,0.0056759026,0.9260778725147247,0.011392686516046524
1.8196232,0.6889414,-0.39097476,4909,1.7182213,0.3911861,4.00147059,1.0351369,20.0,317440,155,64,0.031201171875,1e-05,0.07163077037548646,1540,-1.1741624500602483,0.2,-0.0034468877885956315,0.007649354,0.9201419726014137,0.01907581463456154
1.7927394,0.685426,-0.39469233,4940,1.7017611,0.39200112,3.9111764600000005,0.9969756,20.0,319488,156,64,0.040380859375,1e-05,0.07843725272687152,1550,-1.1675737431272863,0.2,-0.004899882592144422,0.007262001,0.9189527630805969,0.027659516781568527
1.8388672,0.698802,-0.38226393,4972,1.6820498,0.3986219,3.993823509999999,1.0427148,20.0,321536,157,64,0.03056640625,1e-05,0.06429362884955481,1560,-1.1889400526881218,0.2,-0.004515521641587838,0.0048733316,0.9211313873529434,0.0017011528834700584
1.8155096,0.6952536,-0.34873548,5004,1.7031341,0.39481196,3.95088229,1.0060685,20.0,323584,158,64,0.039794921875,1e-05,0.07549375091330149,1570,-1.1930390801280737,0.2,-0.004878918440954294,0.0037648329,0.9221381694078445,0.023437587544322014
1.8574164,0.6886474,-0.375005,5035,1.7611979,0.39334193,4.01852942,1.0112828,20.0,325632,159,64,0.026904296875,1e-05,0.05237251444486901,1580,-1.1964773658663035,0.2,-0.0025097892168560064,0.0039735297,0.9428200572729111,0.01718616485595703
1.8259175,0.6901101,-0.3877163,5067,1.7161798,0.39479065,3.93882353,1.0047345,20.0,327680,160,64,0.07216796875,1e-05,0.06333178788772784,1590,-1.2057575464248658,0.2,-0.007203926163492724,0.008893064,0.9293334856629372,0.02356996387243271
1.8492155,0.69162047,-0.38165313,5099,1.7651321,0.39580536,3.9661764799999997,1.0305896,20.0,329728,161,64,0.036328125,1e-05,0.06564330298569984,1600,-1.1753573827445507,0.2,-0.0038038994985981843,0.009190856,0.9249424263834953,0.022281920537352562
1.7844105,0.6852119,-0.4014107,5131,1.7792935,0.3862358,3.8952940999999996,1.0161027,20.0,331776,162,64,0.0740234375,1e-05,0.07568633866030723,1610,-1.1860061723738908,0.2,-0.006716937143937685,0.006608871,0.9212411418557167,0.01724911853671074
1.8101559,0.69443214,-0.3897056,5163,1.7209979,0.39444542,3.9341177099999993,1.0181593,20.0,333824,163,64,0.035986328125,1e-05,0.0669116539764218,1620,-1.200000475719571,0.2,-0.004278905189130456,0.0068818303,0.9274702370166779,0.032937631011009216
1.9195797,0.6929661,-0.40960464,5195,1.8247508,0.39189708,4.168529360000001,1.0832868,20.0,335872,164,64,0.05810546875,1e-05,0.06749454720411449,1630,-1.1646031124517322,0.2,-0.00472296853113221,0.0057458184,0.9273211434483528,0.03414781764149666
1.771501,0.684845,-0.39932802,5227,1.7091146,0.38601437,3.9082353,1.0231125,20.0,337920,165,64,0.063720703125,1e-05,0.0752847081515938,1640,-1.1630165670067072,0.2,-0.004388114626635797,0.007720348,0.9264559969305992,0.010973881930112839
1.8131442,0.69341266,-0.3909148,5259,1.6059384,0.39694312,3.9585293999999998,1.0184335,20.0,339968,166,64,0.034130859375,1e-05,0.07486111263860948,1650,-1.15023432970047,0.2,-0.0040344458204344845,0.0048956047,0.9157006070017815,0.06338649988174438
1.8221967,0.6870345,-0.3923638,5291,1.7148613,0.38838837,4.0455882800000005,1.0177077,20.0,342016,167,64,0.03056640625,1e-05,0.06995030941907317,1660,-1.1360794818028808,0.2,-0.005546915098966565,0.0049805874,0.9240016713738441,0.023871012032032013
1.7794521,0.69228387,-0.38500756,5322,1.7466643,0.39253387,3.91294118,1.0253928,20.0,344064,168,64,0.06044921875,1e-05,0.06690277325105853,1670,-1.1124105704948306,0.2,-0.006503111556230579,0.007968673,0.9244324564933777,0.03396569937467575
1.7719983,0.6889211,-0.41072732,5356,1.7512695,0.3926021,3.8735294199999997,0.9822926,20.0,346112,169,64,0.06591796875,1e-05,0.06342487304355018,1680,-1.1129415510222316,0.2,-0.007921022018126677,0.007903099,0.9318927377462387,0.03509671986103058
1.7490649,0.68811035,-0.41210228,5389,1.8310825,0.389234,3.8808823500000007,1.0144153,20.0,348160,170,64,0.03291015625,1e-05,0.05728501510457136,1690,-1.1306828279048204,0.2,-0.0036778630965272896,0.0062498953,0.9325161129236221,0.02272900566458702
1.7946618,0.6853913,-0.38550812,5422,1.806968,0.3932644,3.89323533,1.0274894,20.0,350208,171,64,0.065380859375,1e-05,0.07562415183056145,1700,-1.1412851210683583,0.2,-0.00829904338097549,0.007835507,0.9148557186126709,0.053999681025743484
1.8546278,0.69140285,-0.38395575,5456,1.765856,0.39134383,4.0364706,1.0606155,20.0,352256,172,64,0.0607421875,1e-05,0.07526016690535471,1710,-1.1556679299101233,0.2,-0.006020615718443878,0.007876764,0.9176455140113831,0.016536347568035126
1.80577,0.694353,-0.37464184,5489,1.7385395,0.3966105,3.9541176600000005,1.0131991,20.0,354304,173,64,0.0291015625,1e-05,0.0922389720857609,1720,-1.16914569362998,0.2,-0.0035900040238630027,0.005090042,0.9098288044333458,0.0071982890367507935
1.8343062,0.696872,-0.39937842,5521,1.8085442,0.39438087,3.9823529399999997,1.0348326,20.0,356352,174,64,0.04501953125,1e-05,0.0675821314973291,1730,-1.1499644577503205,0.2,-0.004533220318262465,0.006105995,0.9258685484528542,0.02184792421758175
1.7938952,0.70012105,-0.39620715,5552,1.8444752,0.39688703,3.9294117400000004,0.996194,20.0,358400,175,64,0.09658203125,1e-05,0.07809467866318301,1740,-1.146602811664343,0.2,-0.007731912634335458,0.009882024,0.9197467491030693,0.030424587428569794
1.8253112,0.6931504,-0.41622937,5584,1.7556294,0.3976414,3.9341177100000007,1.0307932,20.0,360448,176,64,0.051953125,1e-05,0.06395013448782265,1750,-1.1150416681542992,0.2,-0.005440560607530643,0.0072393822,0.9288600087165833,0.021148256957530975
1.8270159,0.6913754,-0.3936854,5615,1.725334,0.3899457,3.9749999900000006,1.0167652,20.0,362496,177,64,0.03896484375,1e-05,0.07305027836700902,1760,-1.1447938572615386,0.2,-0.004908735817298293,0.003631026,0.9246210157871246,0.02613941952586174
1.8322564,0.69929785,-0.3815989,5647,1.7423143,0.39802852,3.9997058599999997,1.0219868,20.0,364544,178,64,0.036474609375,1e-05,0.05739507569815032,1770,-1.145087879896164,0.2,-0.0041047516337130215,0.0072733695,0.9377349391579628,0.011893253773450851
1.7534962,0.6828191,-0.38591623,5678,1.7526098,0.3907379,3.7897058500000003,1.0002236,20.0,366592,179,64,0.049853515625,1e-05,0.0604997918533627,1780,-1.1685790602117776,0.2,-0.005831424483039882,0.007886247,0.9362042024731636,0.02771259844303131
1.8670928,0.69840467,-0.3819762,5708,1.7374383,0.4004206,4.08205886,1.0467998,20.0,368640,180,64,0.055419921875,1e-05,0.07102082325145602,1790,-1.2077479183673858,0.2,-0.0060953866195632145,0.0063945227,0.9197687804698944,0.01038440689444542
1.8072783,0.69028074,-0.38008025,5740,1.7238728,0.39353248,3.9652941600000005,1.0250158,20.0,370688,181,64,0.057421875,1e-05,0.0879759270523209,1800,-1.1852107796818019,0.2,-0.006676333908399101,0.00810506,0.9110309705138206,0.06510454416275024
1.7761579,0.6927492,-0.37347555,5772,1.7323163,0.39512068,3.8635293799999992,1.0152465,20.0,372736,182,64,0.056005859375,1e-05,0.06645322155673057,1810,-1.1612081475555898,0.2,-0.005011078104143962,0.0046495115,0.9282100722193718,0.006047725677490234
1.8868132,0.69725204,-0.39598158,5803,1.790712,0.39875677,4.022647109999999,1.0447907,20.0,374784,183,64,0.05322265625,1e-05,0.07233974931878037,1820,-1.1692098893225193,0.2,-0.005312242193031125,0.008275948,0.9208323508501053,0.09415420144796371
1.8191371,0.69203436,-0.3756521,5833,1.7695658,0.3949645,3.95294118,1.0337652,20.0,376832,184,64,0.05732421875,1e-05,0.06984292186098173,1830,-1.1892921764403581,0.2,-0.00464290664094733,0.005883158,0.9225169271230698,0.005976555868983269
1.8266231,0.69284976,-0.38360456,5866,1.7704632,0.39659387,3.9411764999999996,1.0208964,20.0,378880,185,64,0.05,1e-05,0.06474196328781545,1840,-1.1810302525758742,0.2,-0.004961649289180059,0.008197721,0.9282654151320457,0.007274465635418892
1.8211584,0.6892145,-0.39975205,5897,1.7381743,0.3927736,3.9758823000000008,1.0152578,20.0,380928,186,64,0.05771484375,1e-05,0.06383711892412976,1850,-1.1985222190618514,0.2,-0.007409052160801366,0.006749323,0.9300453662872314,0.010864315554499626
1.8015778,0.7006919,-0.36662948,5930,1.6769778,0.39913207,3.9344117600000006,1.0159402,20.0,382976,187,64,0.062353515625,1e-05,0.06701084685628303,1860,-1.2022235542535782,0.2,-0.0045618690404808145,0.00449678,0.9271983504295349,-0.00332660973072052
1.8310945,0.6860827,-0.39512342,5962,1.717446,0.39050263,3.9602940899999997,1.0192022,20.0,385024,188,64,0.01611328125,1e-05,0.0651425108721014,1870,-1.189554464817047,0.2,-0.0033341084301355293,0.002451667,0.9302062094211578,0.02289794757962227
1.8411385,0.69247603,-0.3750238,5994,1.773894,0.3958117,3.9699999799999994,1.0391302,20.0,387072,189,64,0.068994140625,1e-05,0.06713883650372736,1880,-1.1702216148376465,0.2,-0.004698034850298427,0.009970257,0.9243784323334694,0.039718400686979294
1.8761225,0.7004067,-0.3835877,6026,1.7415465,0.4003818,4.072058800000001,1.0845715,20.0,389120,190,64,0.040771484375,1e-05,0.08089227532618679,1890,-1.208321863785386,0.2,-0.006151223546476103,0.0068444554,0.9173627719283104,0.02201167866587639
1.8354788,0.68843496,-0.38919872,6060,1.7704796,0.39202747,4.0041176499999995,1.0272232,20.0,391168,191,64,0.059619140625,1e-05,0.09222792547079735,1900,-1.1657669804990292,0.2,-0.00491731713846093,0.0077108108,0.91127610206604,0.002021508291363716
1.8902242,0.69680274,-0.36900973,6091,1.7756404,0.39810446,4.07117647,1.0401738,20.0,393216,192,64,0.074951171875,1e-05,0.06304845203412697,1910,-1.1478306947275996,0.2,-0.0065349249314749615,0.00990943,0.9282870814204216,0.018388953059911728
1.8133541,0.69616807,-0.39024413,6122,1.7934003,0.3958481,3.982352889999999,1.0092974,20.0,395264,193,64,0.04345703125,1e-05,0.06951714823953807,1920,-1.1102490868419408,0.2,-0.005831706165918149,0.009419765,0.9264868199825287,0.019104916602373123
1.8319199,0.6938343,-0.35592532,6152,1.6734912,0.39674702,3.9564705699999996,1.01344,20.0,397312,194,64,0.031787109375,1e-05,0.05230428307550028,1930,-1.103262260183692,0.2,-0.003319515509065241,0.0028441781,0.9399931132793427,0.013845223933458328
1.8558853,0.69975364,-0.403766,6183,1.7950228,0.39952788,4.04882355,1.0412345,20.0,399360,195,64,0.036083984375,1e-05,0.05923636603401974,1940,-1.1049015222117304,0.2,-0.004542154664522968,0.0034937211,0.9357951283454895,0.02653350494801998
1.8037753,0.690013,-0.39933062,6213,1.8166265,0.39243585,3.8935294099999997,1.0270028,20.0,401408,196,64,0.082177734375,1e-05,0.06607122839195653,1950,-1.1341554392129183,0.2,-0.006870645910385065,0.009475606,0.9322488754987717,0.039408765733242035
1.8662372,0.69908845,-0.38919988,6244,1.7216198,0.3990953,4.04441175,1.0645735,20.0,403456,197,64,0.049951171875,1e-05,0.06818074295879342,1960,-1.1000978229567409,0.2,-0.005875291180564091,0.0060910434,0.9265012294054031,0.018813230097293854
1.813931,0.6997928,-0.3917548,6275,1.6946193,0.39865425,4.012647100000001,1.0099046,20.0,405504,198,64,0.021142578125,1e-05,0.07994582576211542,1970,-1.0950937712565065,0.2,-0.004404179658740759,0.0056113238,0.9180581495165825,-0.0035030581057071686
1.8298897,0.69349086,-0.39738372,6307,1.8235449,0.39642477,3.9323529099999996,1.0256013,20.0,407552,199,64,0.043896484375,1e-05,0.05388020246755332,1980,-1.1154088366776704,0.2,-0.0035821256387862377,0.0046438924,0.9395753517746925,0.036756161600351334
1.8094201,0.69272876,-0.36789995,6336,1.8376094,0.3944241,3.9526470500000004,1.0197135,20.0,409600,200,64,0.03603515625,1e-05,0.06936866088653915,1990,-1.1161655813455582,0.2,-0.0037082293682033198,0.0065899612,0.925168052315712,0.04585059732198715
1.905432,0.69986904,-0.39826995,6366,1.7965181,0.3991903,4.02911766,1.0537994,20.0,411648,201,64,0.039990234375,1e-05,0.06722721796249971,2000,-1.122927663475275,0.2,-0.005450522666797042,0.006340242,0.9292826056480408,-0.002476640045642853
1.8934133,0.7048046,-0.3788774,6397,1.7646766,0.4025698,4.08558821,1.057764,20.0,413696,202,64,0.05869140625,1e-05,0.0637678836705163,2010,-1.1242672059684993,0.2,-0.0051136576570570465,0.010074098,0.9295640885829926,0.025851354002952576
1.9101369,0.70098126,-0.41237283,6427,1.7384489,0.4005146,4.091764720000001,1.0565242,20.0,415744,203,64,0.052734375,1e-05,0.0717815856798552,2020,-1.135997581295669,0.2,-0.0045798211940564215,0.0075022103,0.9294837042689323,0.019676150754094124
1.8594424,0.70204574,-0.37603953,6458,1.7566848,0.39915434,4.02911761,1.0460132,20.0,417792,204,64,0.032421875,1e-05,0.07128226075437852,2030,-1.1309963015839457,0.2,-0.002243398915743455,0.0064328136,0.9293835088610649,0.05378469079732895
1.8487985,0.70091987,-0.3698245,6489,1.7263908,0.3972621,4.0479411700000005,1.0307403,20.0,419840,205,64,0.05302734375,1e-05,0.06667422447935678,2040,-1.1254207216203214,0.2,-0.005299350027053151,0.0038848384,0.9316355139017105,0.04030361771583557
1.9403603,0.70136654,-0.37796456,6520,1.7221934,0.39913464,4.2002941400000005,1.0666375,20.0,421888,206,64,0.04501953125,1e-05,0.05943948286003433,2050,-1.13550766967237,0.2,-0.0041819531848886985,0.0070939325,0.9381484612822533,0.007889185100793839
1.8676865,0.6921766,-0.4100656,6551,1.7539083,0.39408758,4.02470588,1.0529531,20.0,423936,207,64,0.052197265625,1e-05,0.07091628447524272,2060,-1.1033108685165645,0.2,-0.006027802493190393,0.006891324,0.9313907027244568,0.019999587908387184
1.9260685,0.6939261,-0.39509067,6582,1.7742428,0.39725977,4.157941190000001,1.0738864,20.0,425984,208,64,0.04482421875,1e-05,0.07234074169537053,2070,-1.1270253650844098,0.2,-0.00585074358532438,0.006236641,0.9279695078730583,0.019898641854524612
1.9252263,0.7058962,-0.37597215,6613,1.6977447,0.40235072,4.14352945,1.091387,20.0,428032,209,64,0.037255859375,1e-05,0.07170311405789107,2080,-1.1254087587818504,0.2,-0.00476582545961719,0.0034860915,0.928971417248249,0.018233967944979668
1.85093,0.6912042,-0.37280625,6644,1.711548,0.39456597,3.99411762,1.0129912,20.0,430080,210,64,0.054931640625,1e-05,0.08892398755415343,2090,-1.1332899052649736,0.2,-0.005049733893247321,0.004469159,0.917294017970562,0.04541941359639168
1.835803,0.69555753,-0.35754022,6675,1.6442951,0.39813256,3.95529408,1.0224648,20.0,432128,211,64,0.06904296875,1e-05,0.05825310213840566,2100,-1.1453430010005832,0.2,-0.005323816789314151,0.0066786525,0.9342159554362297,0.025179293006658554
1.8524098,0.70145154,-0.36689192,6705,1.7630337,0.39985678,4.01617645,1.0268779,20.0,434176,212,64,0.03125,1e-05,0.0670229151204694,2110,-1.128455412760377,0.2,-0.0033969480922678486,0.006910585,0.928421325981617,0.048733342438936234
1.8778158,0.6934861,-0.43069807,6736,1.7278281,0.39706585,4.027058820000001,1.0683244,20.0,436224,213,64,0.039892578125,1e-05,0.07429543583421036,2120,-1.1244654254987836,0.2,-0.005095966115186456,0.0040759346,0.9218685105443001,0.004637992009520531
1.919149,0.6998814,-0.39288324,6767,1.7943873,0.39893886,4.12411768,1.0837767,20.0,438272,214,64,0.067041015625,1e-05,0.07649210053496062,2130,-1.1241697926074266,0.2,-0.005618483806028962,0.0069792112,0.9249129593372345,0.012196976691484451
1.7996569,0.70421195,-0.3901768,6798,1.7330151,0.40277237,3.9085293900000004,1.0332044,20.0,440320,215,64,0.071240234375,1e-05,0.08093715312425047,2140,-1.086161069571972,0.2,-0.005981340131256729,0.007870703,0.92423065751791,0.055519163608551025
1.8331544,0.7008257,-0.37674883,6829,1.6828578,0.40011054,3.9997059000000004,1.0167836,20.0,442368,216,64,0.071142578125,1e-05,0.0662662809190806,2150,-1.076112799718976,0.2,-0.004938308443524875,0.009543367,0.9315648972988129,-0.00619511678814888
1.8889117,0.6876735,-0.39175484,6860,1.7395766,0.39470232,4.0994117999999995,1.0491542,20.0,444416,217,64,0.046630859375,1e-05,0.06777718993253075,2160,-1.098166086897254,0.2,-0.004460908629698679,0.0061555617,0.9259822145104408,0.013210602104663849
1.8267522,0.6874792,-0.3875217,6890,1.7561731,0.39584097,3.9541176500000006,1.0160302,20.0,446464,218,64,0.038818359375,1e-05,0.07777754749986343,2170,-1.086827901378274,0.2,-0.004836892410821747,0.0052994536,0.9189743623137474,0.027464866638183594
1.8752728,0.7007016,-0.3876663,6921,1.7215717,0.3978767,4.03147051,1.0770367,20.0,448512,219,64,0.03779296875,1e-05,0.06620762447128073,2180,-1.0689423041418196,0.2,-0.004425390707910992,0.0038259234,0.9283649772405624,0.0537407211959362
1.8290293,0.7035847,-0.37636304,6952,1.6937644,0.40266982,3.982058799999999,1.0290313,20.0,450560,220,64,0.03642578125,1e-05,0.07741922926506958,2190,-1.0500555938109755,0.2,-0.005065911779820453,0.0037551573,0.9249521866440773,0.029998494312167168
1.8801116,0.7002812,-0.39302057,6983,1.6946123,0.40225777,3.99852937,1.0346115,20.0,452608,221,64,0.0701171875,1e-05,0.062167392956325784,2200,-1.0454001436010003,0.2,-0.007845893125340809,0.008407446,0.9339569807052612,-0.008022199384868145
1.8259045,0.68858767,-0.37638515,7014,1.7750758,0.3907244,3.9470588500000003,1.0366578,20.0,454656,222,64,0.053955078125,1e-05,0.063651063881116,2210,-1.0639599703252316,0.2,-0.0037686844370909967,0.0066216285,0.9327660202980042,0.0526379756629467
1.8620107,0.706498,-0.375475,7044,1.6666663,0.40621,4.04147059,1.0409541,20.0,456704,223,64,0.065625,1e-05,0.07106528100557626,2220,-1.084434949234128,0.2,-0.006868119636783377,0.0069966307,0.9237655252218246,0.027099549770355225
1.9253029,0.7117734,-0.37125868,7075,1.7484725,0.4081689,4.14823532,1.0662485,20.0,458752,224,64,0.03623046875,1e-05,0.06889926744624972,2230,-1.0513550350442529,0.2,-0.0061375176475849,0.005820252,0.9288521856069565,0.023513220250606537
1.9525976,0.70891035,-0.37809917,7106,1.7708044,0.40403104,4.2041176,1.1013632,20.0,460800,225,64,0.07490234375,1e-05,0.06233953868504614,2240,-1.037115341052413,0.2,-0.007742799000698142,0.008475095,0.9370004385709763,0.02391147054731846
1.8540633,0.6989404,-0.3673793,7137,1.7260429,0.3996788,3.9488235499999997,1.0484946,20.0,462848,226,64,0.039892578125,1e-05,0.07246208016877062,2250,-1.013146215490997,0.2,-0.0039696915919194,0.0058599696,0.9338866621255875,0.026023229584097862
1.8731117,0.70595753,-0.35979587,7168,1.6647853,0.4057806,4.0600000000000005,1.0486838,20.0,464896,227,64,0.049072265625,1e-05,0.07645805791253224,2260,-1.0382152045145632,0.2,-0.005789341038325802,0.0044630286,0.9225606843829155,0.028325432911515236
1.8930616,0.7070507,-0.35041147,7198,1.7707441,0.405158,4.048529390000001,1.045888,20.0,466944,228,64,0.07626953125,1e-05,0.06869500936591066,2270,-1.0456596387550234,0.2,-0.006790042377542704,0.0069056815,0.9311341717839241,0.013866275548934937
1.9488937,0.6980961,-0.39248952,7229,1.7865973,0.3982242,4.1782353,1.0793017,20.0,468992,229,64,0.04638671875,1e-05,0.06720635661040433,2280,-1.0306904982775449,0.2,-0.006317919127468485,0.006093016,0.932118833065033,0.021599531173706055
1.9037783,0.6964772,-0.36533624,7260,1.7538967,0.3943496,4.14558825,1.0885983,20.0,471040,230,64,0.0337890625,1e-05,0.07582085162866861,2290,-1.0062508909031749,0.2,-0.003839249862357974,0.0041829576,0.9275145977735519,0.02998364344239235
1.8785892,0.6952934,-0.37457407,7291,1.7795212,0.39774132,4.06352937,1.0399463,20.0,473088,231,64,0.0515625,1e-05,0.07957787858904339,2300,-0.99749989900738,0.2,-0.0063736030628206205,0.004047339,0.922827310860157,0.019995061680674553
1.8702488,0.7013018,-0.37204674,7322,1.725247,0.40002894,4.016764719999999,1.0324142,20.0,475136,232,64,0.03916015625,1e-05,0.06414850795990787,2310,-1.0130498606711626,0.2,-0.004974132654024288,0.005692223,0.932568334043026,0.0016108974814414978
1.8552039,0.6982759,-0.36802644,7353,1.6785839,0.4024591,3.9752941300000004,1.0389829,20.0,477184,233,64,0.04384765625,1e-05,0.0612861827830784,2320,-1.034306313842535,0.2,-0.005408663986600004,0.004627588,0.937758170068264,0.02502085641026497
1.9116178,0.70014083,-0.33198377,7384,1.7278132,0.4000905,4.123823529999999,1.060701,20.0,479232,234,64,0.043212890625,1e-05,0.06826432340312749,2330,-1.0558258175849915,0.2,-0.004729018232319504,0.0060939724,0.929201140999794,0.00524180568754673
1.8744333,0.7074691,-0.3474052,7414,1.7143165,0.40467483,4.02205881,1.0496444,20.0,481280,235,64,0.061083984375,1e-05,0.06567427243571729,2340,-1.0628473130986094,0.2,-0.0060238524514716115,0.0067276144,0.9337955489754677,0.013128813356161118
1.8846407,0.69875693,-0.3391714,7447,1.7684969,0.39873835,4.06352943,1.0557704,20.0,483328,236,64,0.04814453125,1e-05,0.06827807377558201,2350,-1.0294421777129172,0.2,-0.0034411358239594845,0.0049403375,0.9305010661482811,0.011560756713151932
1.9212601,0.711089,-0.3826693,7478,1.7470367,0.40593755,4.16499996,1.0743377,20.0,485376,237,64,0.048193359375,1e-05,0.07433393729152157,2360,-1.019663249514997,0.2,-0.0052232902351534,0.0033998904,0.9255327805876732,-0.008110696449875832
1.9247235,0.699873,-0.37954336,7511,1.7414163,0.39764857,4.147352939999999,1.0737413,20.0,487424,238,64,0.057421875,1e-05,0.07402759324759245,2370,-1.019164527207613,0.2,-0.007847785690682941,0.009119977,0.9300725162029266,0.041185036301612854
1.8924336,0.7066278,-0.3475685,7544,1.673054,0.4075961,4.07117644,1.0585593,20.0,489472,239,64,0.04423828125,1e-05,0.06645801218692213,2380,-0.996165564097464,0.2,-0.006693796021863818,0.0055194004,0.9353415220975876,0.06768253445625305
1.916533,0.7017382,-0.36393672,7576,1.7799796,0.39800158,4.1558823600000006,1.0733552,20.0,491520,240,64,0.063427734375,1e-05,0.07264256017515436,2390,-1.0119256554171443,0.2,-0.007815848398604431,0.0064561185,0.9275287836790085,0.05505586415529251
1.8849325,0.6997544,-0.3803351,7610,1.7053759,0.40428612,4.03000004,1.0751958,20.0,493568,241,64,0.03916015625,1e-05,0.0732603982440196,2400,-0.9934854386374354,0.2,-0.005583722775918431,0.0045597698,0.928677573800087,0.013854559510946274
1.940625,0.7072522,-0.3547977,7641,1.7458029,0.40312117,4.17147062,1.0629214,20.0,495616,242,64,0.03427734375,1e-05,0.07502860111417249,2410,-0.9416389526799321,0.2,-0.00456226900278125,0.0035600408,0.927816316485405,0.025576140731573105
1.8508888,0.7009959,-0.34226155,7672,1.7019266,0.40146708,4.007941160000001,1.0234269,20.0,497664,243,64,0.037353515625,1e-05,0.0681847054453101,2420,-0.9582405989989639,0.2,-0.005213311618717853,0.0046032425,0.9340353608131409,0.015427101403474808
1.8610231,0.7070667,-0.35542345,7704,1.7300056,0.40570697,4.05764703,1.0275917,20.0,499712,244,64,0.04345703125,1e-05,0.05469126318348572,2430,-0.9727272380143404,0.2,-0.004647924756864086,0.0035947307,0.9397026039659977,0.018522990867495537
1.8439053,0.7013136,-0.37475652,7737,1.7819786,0.40043777,4.006176470000001,1.0397384,20.0,501760,245,64,0.041162109375,1e-05,0.06278468100354076,2440,-0.9565680962055921,0.2,-0.003805911386734806,0.0056197126,0.9356928467750549,0.011109013110399246
