return_mean,short_mean,short_std,time/time_elapsed,time/fps,long_mean,time/total_timesteps,return_std,rollout/ep_len_mean,long_std,time/iterations,rollout/ep_rew_mean,train/clip_fraction,train/explained_variance,train/learning_rate,train/n_updates,train/entropy_loss,train/clip_range,train/approx_kl,train/policy_gradient_loss,train/loss,train/value_loss
0.94034445,0.053665664,0.05614658,22,88,0.0012856713,2000,2.1876535,2000.0,0.18672144,1,119.0,,,,,,,,,,
1.1608193,0.0810161,0.07013159,42,94,0.0031450144,4000,2.021628,2000.0,0.1855964,2,98.0,0.0,-0.0021523237228393555,1e-05,10,-0.6931399360299111,0.2,2.3361383e-05,-0.00018000874551944436,2.109950542449951,5.250116409361363
0.84400666,0.104691006,0.06906081,69,86,0.0018566288,6000,2.1244814,2000.0,0.19244447,3,61.333333333333336,0.0,0.0005768537521362305,1e-05,20,-0.6930818948894739,0.2,3.2554206e-05,-0.0002051373681752011,2.2743310928344727,4.162098599225283
0.5008468,0.07855078,0.0621363,88,90,0.001099634,8000,2.0469072,2000.0,0.18728304,4,40.5,0.0,-3.612041473388672e-05,1e-05,30,-0.6930727927014232,0.2,3.5840785e-05,-0.00030155456624925137,1.9240187406539917,4.496812744811177
1.2489052,0.049765002,0.063555785,107,92,0.0038663214,10000,2.0177882,2000.0,0.18787237,5,52.0,0.0,0.005216717720031738,1e-05,40,-0.6931054042652249,0.2,2.2098568e-05,-0.00018689047283260152,1.7930843830108643,4.180250541865826
0.7383425,0.051620558,0.04217851,127,94,0.002156424,12000,2.0911245,2000.0,0.19042756,6,38.666666666666664,0.0,0.007862627506256104,1e-05,50,-0.6930512288585305,0.2,6.8902154e-05,-0.00035386599047342314,2.6251072883605957,4.187464612722397
0.8925002,0.039164804,0.04904573,147,95,0.0025681013,14000,2.1807585,2000.0,0.1832692,7,37.57142857142857,0.0,0.013359248638153076,1e-05,60,-0.6929345939308404,0.2,1.2517383e-05,-0.00025187640567310156,1.8213189840316772,4.340683019906282
1.7232172,0.07526124,0.06282674,166,96,0.0033326326,16000,2.0631225,2000.0,0.17987126,8,47.75,0.0,0.01525181531906128,1e-05,70,-0.6928078362718224,0.2,2.4101173e-05,-0.0003285562532255426,1.2394410371780396,4.669188053905964
1.6986142,0.055134457,0.060922854,186,96,0.0008945186,18000,2.3290415,2000.0,0.19025184,9,46.666666666666664,0.0,0.02344799041748047,1e-05,80,-0.6925750041380525,0.2,2.3019937e-05,-0.00022864167840452865,1.6795246601104736,4.301953539997339
1.4039998,0.07072969,0.13048877,205,97,0.0016604782,20000,2.1938365,2000.0,0.18423243,10,42.0,0.0,0.002576887607574463,1e-05,90,-0.6922113534063101,0.2,0.00010671237,-0.0006189057690789923,1.6514824628829956,5.383122237026692
1.7632192,0.068282306,0.062290423,225,97,0.0031094584,22000,2.135698,2000.0,0.18223986,11,45.09090909090909,0.0,0.012456715106964111,1e-05,100,-0.691895492002368,0.2,0.00036083735,-0.0007874245551647618,2.594386100769043,4.7338608186692
1.7579486,0.051214416,0.057573173,244,98,0.0030539206,24000,1.9923875,2000.0,0.18734403,12,44.25,0.0,0.018008828163146973,1e-05,110,-0.6910500656813383,0.2,0.0009174178,-0.001379768054903252,2.449972629547119,4.475144930928946
2.5708818,0.09997406,0.072453,265,97,0.0037109377,26000,2.0601094,2000.0,0.18620713,13,51.07692307692308,0.0,-0.0030851364135742188,1e-05,120,-0.6882954780012369,0.2,0.0005781284,-0.0016167208756087347,1.3671382665634155,3.96668633967638
3.0506086,0.08325398,0.067243144,285,98,0.0020555358,28000,2.0510962,2000.0,0.19052207,14,55.214285714285715,0.0,0.02364867925643921,1e-05,130,-0.6810650803148747,0.2,0.002986024,-0.0029266585763252804,2.021531343460083,4.253617437183857
3.5565445,0.04527451,0.057753306,305,98,0.0034245695,30000,2.45984,2000.0,0.18650602,15,59.46666666666667,0.0,0.0021324753761291504,1e-05,140,-0.6665237313136458,0.2,0.002958008,-0.0026948484970489516,2.3728394508361816,4.2141178853809835
3.7269177,0.114289045,0.059562277,326,97,0.0045264843,32000,2.285479,2000.0,0.1893491,16,62.0625,0.0,0.013299822807312012,1e-05,150,-0.6461583837866783,0.2,0.0017372603,-0.0025582014000974595,1.306547999382019,5.9486291542649266
4.0836887,0.14433831,0.08113116,347,97,0.0017137746,34000,1.9090385,2000.0,0.1845083,17,65.6470588235294,0.0,0.04860532283782959,1e-05,160,-0.6393576018512249,0.2,0.0024560087,-0.003648614330450073,2.278167963027954,4.930536875128746
3.9579394,0.10548894,0.07619507,367,97,0.0024835973,36000,2.1106339,2000.0,0.18472856,18,65.5,0.03544921875,-0.010463118553161621,1e-05,170,-0.6153783552348614,0.2,0.0059415936,-0.005549909203546121,2.5615978240966797,3.6334697883576155
5.0183935,0.09787961,0.08337466,387,98,0.0011409392,38000,2.235589,2000.0,0.1817826,19,73.15789473684211,0.002734375,0.029820024967193604,1e-05,180,-0.6072952264919877,0.2,0.0037533145,-0.0038444284640718252,1.9862140417099,4.31904565691948
5.9420166,0.09851357,0.088567145,414,96,0.0015704067,40000,2.4323304,2000.0,0.1930072,20,79.65,0.006787109375,0.021167457103729248,1e-05,190,-0.5773465501144528,0.2,0.0041918326,-0.002763800183311105,3.2905824184417725,5.0304925501346585
6.625355,0.07027232,0.053425435,437,96,0.0032838096,42000,2.3971298,2000.0,0.19018893,21,85.47619047619048,0.0060546875,0.027322232723236084,1e-05,200,-0.5587637774646282,0.2,0.0022600738,-0.0036258207896025852,1.3943111896514893,5.771533141285181
7.919172,0.08834501,0.08671818,457,96,0.0037243986,44000,2.617424,2000.0,0.18385719,22,95.63636363636364,0.01396484375,-8.237361907958984e-05,1e-05,210,-0.5565902505069971,0.2,0.0046932893,-0.003878866993181873,1.4209970235824585,5.734234841167927
8.817642,0.07202011,0.056854747,476,96,0.0024274006,46000,2.412789,2000.0,0.188028,23,103.04347826086956,0.002978515625,0.03583043813705444,1e-05,220,-0.5388122217729687,0.2,0.0027215995,-0.0019343168736668304,1.3859195709228516,6.839915793389082
8.864098,0.074495964,0.06879376,496,96,0.003040235,48000,2.0771441,2000.0,0.18635069,24,106.625,0.00830078125,0.0029630661010742188,1e-05,230,-0.5105150545015931,0.2,0.0032301405,-0.001881298354419414,1.9645073413848877,5.826180960610509
8.907508,0.15404488,0.077554464,516,96,0.002121011,50000,2.3909698,2000.0,0.19104964,25,110.64,0.02978515625,-0.042565226554870605,1e-05,240,-0.5141621103510261,0.2,0.0035509071,-0.004594155997619964,1.6625314950942993,4.48046997860074
9.64756,0.15677273,0.103329994,535,97,0.0014276049,52000,2.2407732,2000.0,0.18334824,26,117.07692307692308,0.01181640625,-0.02898561954498291,1e-05,250,-0.5026342213153839,0.2,0.0027130176,-0.0038459685019915923,5.113128185272217,5.8520004786551
8.954593,0.16351864,0.07055425,556,97,0.0024943436,54000,2.3114936,2000.0,0.19217579,27,117.5925925925926,0.0005859375,-0.007195830345153809,1e-05,260,-0.4871680986136198,0.2,0.0015751077,-0.002736130083212629,2.1239302158355713,5.095263296365738
10.518502,0.14975515,0.09324965,575,97,0.0036448517,56000,2.18142,2000.0,0.19359857,28,126.35714285714286,0.0,-0.05038273334503174,1e-05,270,-0.46652384297922256,0.2,0.0014977208,-0.002345643278385978,1.433374047279358,5.594365981221199
10.378851,0.12508467,0.06458457,595,97,0.0015708971,58000,2.1377113,2000.0,0.18491615,29,129.31034482758622,0.0,0.0045531392097473145,1e-05,280,-0.42433585226535797,0.2,0.00055888854,-0.000845172988192644,1.9577637910842896,4.959009385108947
10.73174,0.14473863,0.083514996,615,97,0.0014275851,60000,2.3464482,2000.0,0.17853206,30,133.5,0.007177734375,0.06051492691040039,1e-05,290,-0.40675854589790106,0.2,0.002614452,-0.0035772868199273945,4.20442533493042,4.263407639414072
12.040255,0.15407495,0.07267658,635,97,0.0034800044,62000,2.175477,2000.0,0.189586,31,140.96774193548387,0.001904296875,-0.0010118484497070312,1e-05,300,-0.3825385301373899,0.2,0.001268296,-0.0011233691955567337,3.068441152572632,5.496915140002966
12.666985,0.19416706,0.09396692,655,97,0.0043109152,64000,2.2956803,2000.0,0.18737997,32,147.3125,0.006982421875,0.018256068229675293,1e-05,310,-0.37273826636373997,0.2,0.0012603217,-0.0012053387967171148,2.3589210510253906,4.725901574641466
13.216849,0.15968677,0.0775496,674,97,0.0032780457,66000,2.432754,2000.0,0.19072273,33,152.93939393939394,0.00576171875,0.02690821886062622,1e-05,320,-0.3765710131265223,0.2,0.0023638792,-0.0009423574316315353,2.2012133598327637,5.161136005818844
13.821376,0.099200375,0.068089604,694,97,0.0031842496,68000,2.32954,2000.0,0.18057661,34,158.2941176470588,0.003466796875,-0.0012118816375732422,1e-05,330,-0.38182440456002953,0.2,0.0028612283,-0.0007893154310295358,2.601356029510498,5.895741261541843
14.57888,0.093444854,0.061930623,714,98,0.0019168076,70000,2.5940912,2000.0,0.18909317,35,164.34285714285716,0.02705078125,-0.004266977310180664,1e-05,340,-0.3519154775887728,0.2,0.0035009254,-0.003566610989946639,2.3328633308410645,5.415228030085563
15.046191,0.11430298,0.060495097,733,98,0.0033689155,72000,2.6915123,2000.0,0.19040775,36,170.05555555555554,0.002783203125,-0.03248584270477295,1e-05,350,-0.3329933863133192,0.2,0.0008997553,-0.0015037929610116408,2.3274643421173096,6.9515422530472275
14.886957,0.12557624,0.070788525,753,98,0.002425683,74000,2.252438,2000.0,0.1849628,37,173.35135135135135,0.025537109375,-0.017691373825073242,1e-05,360,-0.31420493298210206,0.2,0.0024453397,-0.0028452562750317157,6.352514743804932,7.406695993244648
15.85116,0.14138165,0.06541178,772,98,0.0027716407,76000,2.714877,2000.0,0.18614317,38,179.5,0.005126953125,-0.04408121109008789,1e-05,370,-0.28730151294730605,0.2,0.0018781926,-0.001277047023177147,1.7324447631835938,5.238302267342806
16.195196,0.1279419,0.08950796,793,98,0.0031501774,78000,2.371106,2000.0,0.18593475,39,184.46153846153845,0.006884765625,0.00904083251953125,1e-05,380,-0.2811495851259679,0.2,0.0008784936,-0.0012640188026125543,3.8462464809417725,7.246347513794899
16.51743,0.14372618,0.07509883,813,98,0.0029826798,80000,2.6269577,2000.0,0.18385246,40,189.375,0.0,-0.014336228370666504,1e-05,390,-0.2768124955706298,0.2,0.0003806199,-0.0003239772457163781,3.346036434173584,5.666404910385609
16.298864,0.123214066,0.07557886,832,98,0.0025258684,82000,2.3521006,2000.0,0.18679458,41,192.82926829268294,0.001904296875,0.011424601078033447,1e-05,400,-0.25929223564453424,0.2,0.0007167631,-0.0009574431693181396,3.469083786010742,6.823990719020367
16.94106,0.10821918,0.09191971,852,98,0.001559754,84000,2.560958,2000.0,0.18390453,42,197.66666666666666,0.002587890625,-0.019150733947753906,1e-05,410,-0.25742224981077017,0.2,0.0010763186,-0.0003779373568249866,1.3056914806365967,5.5451991312205795
17.03404,0.08325124,0.0669046,872,98,0.0022830237,86000,2.5806084,2000.0,0.18617442,43,201.3953488372093,0.023583984375,7.480382919311523e-05,1e-05,420,-0.24697216805070638,0.2,0.0020650802,-0.0024785825778963046,5.130281448364258,6.512428890913725
17.548454,0.09024015,0.08969072,891,98,0.0035100803,88000,2.407315,2000.0,0.18665805,44,206.5,0.000341796875,0.02554374933242798,1e-05,430,-0.23733052616007627,0.2,0.00068932254,-0.0009528170936391689,3.371917724609375,6.3956718891859055
18.610422,0.08801288,0.09262493,911,98,0.0027678786,90000,2.6440105,2000.0,0.18712929,45,212.8,0.006005859375,0.006979644298553467,1e-05,440,-0.21712895804084836,0.2,0.0010005004,-0.0006827793054981157,2.397937536239624,5.732332637906074
18.455832,0.13574705,0.058048446,932,98,0.0036872148,92000,2.5225427,2000.0,0.18276477,46,216.7826086956522,0.010888671875,0.041376471519470215,1e-05,450,-0.20186155163682998,0.2,0.0013931335,-0.0015334184776293115,3.266348123550415,6.673220244795084
18.08856,0.070938155,0.065409705,952,98,0.0026096685,94000,2.3977633,2000.0,0.18082231,47,219.19148936170214,0.002734375,-0.011784672737121582,1e-05,460,-0.1943707787897438,0.2,0.0010623544,-0.0004167811930528842,3.276698112487793,6.398897971212864
18.229738,0.07894517,0.09404537,971,98,0.002370505,96000,2.51885,2000.0,0.18136553,48,222.9375,0.001318359375,-0.018512487411499023,1e-05,470,-0.2017658372875303,0.2,0.0008127373,-0.000364786344289314,2.4686973094940186,5.859830699115991
18.527998,0.07003436,0.04315121,991,98,0.0014270556,98000,2.794622,2000.0,0.193096,49,226.75510204081633,0.00341796875,0.00251692533493042,1e-05,480,-0.19216812965460123,0.2,0.0008710923,-0.0019061372935539112,1.8012137413024902,6.308983715623617
18.409258,0.069921,0.0760453,1011,98,0.0017132605,100000,2.670207,2000.0,0.19154951,50,229.58,0.002197265625,0.019143879413604736,1e-05,490,-0.17824542350135744,0.2,0.00046682678,-0.0009098502763663418,5.54916524887085,7.582704167068004
19.259836,0.046130806,0.05394591,1031,98,0.0022757882,102000,2.817464,2000.0,0.18765922,51,234.49019607843138,0.000634765625,0.053661048412323,1e-05,500,-0.1712665124796331,0.2,0.00018808112,-0.00031548863917123525,2.0563859939575195,6.7596612580120565
19.758074,0.11277022,0.0837937,1051,98,0.0035419322,104000,2.7101634,2000.0,0.18396842,52,239.51923076923077,0.00322265625,0.013401806354522705,1e-05,510,-0.17244735001586378,0.2,0.00046041128,-0.000455331448756624,2.539977550506592,7.897052864730358
19.838676,0.16782285,0.11394673,1071,98,0.0027848415,106000,2.9331746,2000.0,0.18297844,53,243.0566037735849,0.0064453125,0.006221115589141846,1e-05,520,-0.18121350929141045,0.2,0.0012199967,-0.0010607401549350471,2.9049460887908936,7.337098067253828
19.430439,0.121134415,0.08243253,1091,98,0.0042794603,108000,2.400563,2000.0,0.19211213,54,245.22222222222223,0.000146484375,0.07064306735992432,1e-05,530,-0.1759092839900404,0.2,0.00027799557,-0.0006052990996977314,4.228785991668701,7.946095142513514
19.541742,0.14042401,0.099736094,1111,99,0.0026051148,110000,2.7077582,2000.0,0.19211186,55,248.34545454545454,0.002099609375,0.014231443405151367,1e-05,540,-0.18588313506916165,0.2,0.0009478234,-0.0005906085280003026,1.9959933757781982,5.643329826742411
19.384293,0.16188265,0.071795784,1130,99,0.0040159943,112000,2.7467036,2000.0,0.18336597,56,250.80357142857142,0.010498046875,0.039370715618133545,1e-05,550,-0.17993671256117522,0.2,0.001068159,-0.0007336358918109909,0.957287609577179,6.984722618386149
19.256683,0.08654331,0.09613182,1150,99,0.001506423,114000,2.5955138,2000.0,0.19239534,57,253.33333333333334,0.0,0.02134716510772705,1e-05,560,-0.16517914314754306,0.2,0.0001913891,-0.0002898833598010242,3.2927193641662598,7.320844307541847
19.01923,0.17423525,0.092467524,1170,99,0.0019976369,116000,2.4205902,2000.0,0.18798557,58,255.55172413793105,0.011767578125,0.10658425092697144,1e-05,570,-0.19062134618870913,0.2,0.0012805021,-0.0017115464084781705,3.2328097820281982,5.920506599545479
19.158453,0.14640857,0.060335003,1190,99,0.0024280779,118000,2.3259761,2000.0,0.18855253,59,258.1186440677966,0.00419921875,-0.05307316780090332,1e-05,580,-0.18649203069508075,0.2,0.0006457296,-0.0009586843298166059,1.4821808338165283,6.113409167528152
18.904982,0.20292728,0.08931954,1209,99,0.002057487,120000,2.368142,2000.0,0.19074035,60,260.03333333333336,0.0,-0.022315263748168945,1e-05,590,-0.17367983250878752,0.2,0.00047894864,-0.0002419255717541091,1.7943495512008667,5.454670231416822
19.460535,0.14116836,0.08222262,1229,99,0.0034099594,122000,2.4945815,2000.0,0.18485662,61,263.4590163934426,0.00830078125,0.03015422821044922,1e-05,600,-0.19823967115953564,0.2,0.00096096715,-0.0010582400544080883,2.041212797164917,5.3822271674871445
19.207493,0.1666133,0.07047494,1249,99,0.0018546652,124000,2.5955856,2000.0,0.18336207,62,265.43548387096774,0.011083984375,0.07266479730606079,1e-05,610,-0.18414531399030237,0.2,0.00039811293,-0.0006414559305994771,3.338468313217163,5.724435505270958
19.725872,0.17173186,0.056248814,1269,99,0.0019478158,126000,2.8425117,2000.0,0.1944482,63,268.5079365079365,0.01923828125,0.13933449983596802,1e-05,620,-0.17931983468588442,0.2,0.0009906704,-0.0023295169055927547,3.217647075653076,5.733268316835165
19.51207,0.13300076,0.09261444,1288,99,0.0022851967,128000,2.8454866,2000.0,0.18001702,64,270.34375,0.010498046875,0.03715246915817261,1e-05,630,-0.15938996935728938,0.2,0.0012951883,-0.000983307568822056,2.3724963665008545,7.768177780508995
19.270378,0.16514204,0.07887822,1308,99,0.0030303209,130000,2.492017,2000.0,0.17964996,65,271.9846153846154,0.00087890625,-0.03584635257720947,1e-05,640,-0.16908793414477258,0.2,0.001233673,-0.0005288710672175512,5.566842555999756,8.272157987952232
19.957842,0.107058816,0.07688672,1328,99,0.0025661124,132000,2.5622492,2000.0,0.19041295,66,275.1060606060606,0.003076171875,-0.0023279190063476562,1e-05,650,-0.176802744762972,0.2,0.00017594466,-0.00045430247555486856,2.596158027648926,6.190068006515503
19.963463,0.14420855,0.0896179,1348,99,0.0028251715,134000,2.7231634,2000.0,0.18562338,67,277.1940298507463,0.006640625,0.02385246753692627,1e-05,660,-0.14796987019944935,0.2,0.0006833727,-0.0007760445994790643,2.028057336807251,6.403704509139061
19.984373,0.13551636,0.07378143,1368,99,0.001844868,136000,2.5422583,2000.0,0.18652563,68,279.1617647058824,0.0046875,0.022043943405151367,1e-05,670,-0.14497700741048902,0.2,0.0005039441,-0.000928026637120638,2.2413220405578613,7.1738399177789685
19.27387,0.17400707,0.085575074,1388,99,0.0030756015,138000,2.4729316,2000.0,0.18422526,69,280.1014492753623,0.002880859375,0.0430111289024353,1e-05,680,-0.13832860875409098,0.2,0.00066050625,-0.000585992143896874,1.4657857418060303,6.200938040018082
19.40422,0.15944788,0.06700583,1408,99,0.0037762127,140000,2.436516,2000.0,0.18515733,70,282.0857142857143,0.0115234375,-0.024806618690490723,1e-05,690,-0.14236615933477878,0.2,0.0012018136,-0.0010588297547656112,2.436612844467163,6.131676558405161
19.876995,0.110853106,0.059661217,1427,99,0.0031348593,142000,2.421313,2000.0,0.17991385,71,284.59154929577466,0.0125,0.04347163438796997,1e-05,700,-0.1330605093971826,0.2,0.0010330959,-0.00128132498357445,2.1049132347106934,5.500215870141983
19.006054,0.10422815,0.06618659,1447,99,0.004109371,144000,2.5706966,2000.0,0.18906716,72,285.09722222222223,0.0,0.05625343322753906,1e-05,710,-0.11526887759100646,0.2,0.00023741944,-0.0005322183889802546,2.1926229000091553,5.523453310504555
18.801146,0.13949344,0.085673444,1467,99,0.0014280966,146000,2.6075695,2000.0,0.17948894,73,286.36986301369865,0.00087890625,0.03476905822753906,1e-05,720,-0.12849227176047862,0.2,0.000101170604,-0.00015761469549033791,2.220500946044922,6.360929819196462
19.07675,0.12876345,0.08708022,1487,99,0.0020974027,148000,2.4442403,2000.0,0.19552101,74,288.1081081081081,0.00234375,0.054127395153045654,1e-05,730,-0.11410684356233106,0.2,0.0010004023,-0.0005440744891529903,4.005730152130127,6.426841968297959
19.332436,0.14702259,0.067122,1507,99,0.0033240758,150000,2.6775208,2000.0,0.18506433,75,290.1066666666667,0.014208984375,0.013677716255187988,1e-05,740,-0.12923672529868782,0.2,0.0007529174,-0.0013692677559447475,1.5323728322982788,5.83332467675209
19.171503,0.14638716,0.06542491,1526,99,0.002633531,152000,2.4776423,2000.0,0.18847059,76,291.3421052631579,0.000341796875,0.06816482543945312,1e-05,750,-0.11532707661390304,0.2,0.00030904505,-0.00037698866071878,2.325223207473755,6.627597909420729
19.106981,0.12094138,0.06878907,1546,99,0.0018561182,154000,2.4819493,2000.0,0.18676886,77,292.5584415584416,0.000146484375,0.01646411418914795,1e-05,760,-0.1312700554728508,0.2,0.00016345608,-1.720235886750743e-05,5.123632907867432,5.997258479893207
18.374582,0.14246446,0.07710619,1566,99,0.0014854334,156000,2.4977906,2000.0,0.18382202,78,292.97435897435895,0.015771484375,0.021697998046875,1e-05,770,-0.1276600378099829,0.2,0.0018195272,-0.0019879795028828083,4.662304878234863,6.038356885313988
18.560701,0.15174271,0.06997284,1586,99,0.0017508254,158000,2.8313441,2000.0,0.18620777,79,294.62025316455697,0.003125,0.04445236921310425,1e-05,780,-0.13253550473600625,0.2,0.00057118444,-0.00044298793363850564,0.545749843120575,5.929800778254867
18.502245,0.18002336,0.050634284,1605,99,0.0031712756,160000,2.6359496,2000.0,0.18778615,80,295.525,0.001708984375,0.0014125704765319824,1e-05,790,-0.13408479660283773,0.2,0.00044002885,-0.0009116402361541986,2.530116081237793,7.929332927614451
18.761665,0.111894816,0.064207636,1625,99,0.0019539932,162000,2.4744515,2000.0,0.18378752,81,297.037037037037,0.006494140625,-0.009746313095092773,1e-05,800,-0.13424694852437824,0.2,0.00046585393,-0.0001997314771870151,1.6906299591064453,6.947028623521328
18.627758,0.14283872,0.10206344,1645,99,0.00441648,164000,2.6189528,2000.0,0.17571232,82,298.0609756097561,0.004541015625,0.03418022394180298,1e-05,810,-0.12823957353830337,0.2,0.00080319913,-0.00066471315221861,2.8005471229553223,5.8283525876700875
19.243567,0.14154868,0.053078275,1665,99,0.0032824245,166000,2.7808936,2000.0,0.18847872,83,300.1686746987952,0.0130859375,0.033058345317840576,1e-05,820,-0.13018307460006326,0.2,0.0008474927,-0.001118592990678735,1.877994418144226,6.568835566937923
19.2925,0.14786768,0.056453574,1684,99,0.0019538503,168000,2.743715,2000.0,0.18748419,84,301.4404761904762,0.004248046875,-0.0057822465896606445,1e-05,830,-0.11353448166046291,0.2,0.0003777646,-0.0006418653167202138,1.2248377799987793,7.704012516885996
19.759874,0.10128107,0.06803276,1704,99,0.0032823738,170000,2.4565907,2000.0,0.18737806,85,303.3764705882353,0.0015625,0.020591795444488525,1e-05,840,-0.11375397230731324,0.2,0.0004912153,-0.0005494916375027969,2.8445544242858887,7.312969442456961
19.260555,0.13408417,0.12854256,1724,99,0.0011418214,172000,2.3977022,2000.0,0.19220807,86,303.9418604651163,0.00849609375,0.09634172916412354,1e-05,850,-0.10156760123791173,0.2,0.0011546611,-0.0003258263721363619,2.942382574081421,5.407995507866144
19.30567,0.07343172,0.059323188,1744,99,0.0027137445,174000,2.6432002,2000.0,0.18700285,87,305.18390804597703,0.000732421875,0.072101891040802,1e-05,860,-0.12610884148161858,0.2,0.0005029974,-0.0005800776416435838,1.9189319610595703,5.309378921985626
19.2212,0.1423345,0.09354585,1764,99,0.002188876,176000,2.6622825,2000.0,0.18185544,88,306.1136363636364,0.005810546875,-0.004106760025024414,1e-05,870,-0.12042011676821858,0.2,0.00079096865,-0.0012208125815959647,4.093626976013184,6.940891562402248
19.139761,0.16598499,0.08779824,1784,99,0.0036151225,178000,2.3970373,2000.0,0.19209957,89,306.9438202247191,0.00849609375,0.09414613246917725,1e-05,880,-0.11684279763139785,0.2,0.0007533373,-0.0008955913945101202,2.0185067653656006,6.258719647675752
19.692251,0.18165296,0.06691248,1804,99,0.0026099968,180000,2.5773284,2000.0,0.17750995,90,308.81111111111113,0.01865234375,-0.018344640731811523,1e-05,890,-0.10946811842732132,0.2,0.00082303525,-0.002115810348186642,3.4518818855285645,5.709818929061294
19.282766,0.122556455,0.06705579,1824,99,0.0015507377,182000,2.53214,2000.0,0.18548438,91,309.3956043956044,0.006494140625,0.07034420967102051,1e-05,900,-0.1185428007505834,0.2,0.00051585084,-0.0007222253829240799,1.423966884613037,6.178363490849733
19.55699,0.101636425,0.064905,1844,99,0.0034603397,184000,2.4062316,2000.0,0.18070944,92,310.60869565217394,0.014306640625,0.1167420744895935,1e-05,910,-0.12260056287050247,0.2,0.0011036855,-0.0012311629994655958,3.636237382888794,5.612936902046203
19.659842,0.12798275,0.075157516,1864,99,0.0032765956,186000,2.5604818,2000.0,0.18384553,93,312.02150537634407,0.001318359375,0.0731499195098877,1e-05,920,-0.11219575868453831,0.2,0.00023484646,-0.00011901014222530648,3.771782398223877,5.346343132853508
19.973864,0.14631923,0.08501343,1884,99,0.0039341403,188000,2.3295922,2000.0,0.1827076,94,313.36170212765956,0.01328125,0.05220001935958862,1e-05,930,-0.09977428778074682,0.2,0.00081141316,-0.00116107105568517,1.705804467201233,6.188707122951746
19.766382,0.15253094,0.07857818,1904,99,0.002540966,190000,2.6225395,2000.0,0.18196855,95,314.3578947368421,0.002734375,0.03428614139556885,1e-05,940,-0.11292115268297494,0.2,0.0006994588,-0.00047484427341260016,1.2480770349502563,5.2116851665079595
20.070454,0.118004695,0.064975694,1924,99,0.0023286156,192000,2.3556354,2000.0,0.18152058,96,315.6770833333333,0.0017578125,0.07525759935379028,1e-05,950,-0.0997373703867197,0.2,0.00015481465,-0.00012289647420402617,2.2530264854431152,6.262840279191733
20.193983,0.09922926,0.054410283,1943,99,0.0030286708,194000,2.7649398,2000.0,0.17692542,97,316.9484536082474,0.012548828125,0.06046617031097412,1e-05,960,-0.09272603534627706,0.2,0.00057323393,-0.0009990392500185408,2.2798209190368652,5.1833139605820175
20.239414,0.18415873,0.103150316,1963,99,0.004197755,196000,2.3652434,2000.0,0.19246733,98,318.03061224489795,0.0,0.10320156812667847,1e-05,970,-0.09294724010396749,0.2,9.722411e-05,-0.0002508043427951634,2.179736375808716,6.674095924198627
19.739027,0.14360903,0.08313634,1983,99,0.0027297908,198000,2.5425084,2000.0,0.17804275,99,318.6868686868687,0.00673828125,0.04991418123245239,1e-05,980,-0.09066683537093922,0.2,0.00053465564,-0.0007662752090254798,1.121996283531189,5.220283076167107
19.401632,0.17469788,0.081331804,2003,99,0.0035144892,200000,2.377419,2000.0,0.18377662,100,319.19,0.0021484375,0.06312918663024902,1e-05,990,-0.08812046326929704,0.2,0.00028981845,5.870477471034974e-05,12.94427490234375,6.113052207231521
19.044897,0.16506995,0.0986058,2022,99,0.0014285286,202000,2.4686956,2000.0,0.18356963,101,321.54,0.004638671875,0.0658489465713501,1e-05,1000,-0.08700802407693117,0.2,0.000274153,-0.0003683548915432766,4.44412088394165,5.260653399676085
19.14238,0.2061652,0.096253924,2042,99,0.003204509,204000,2.4410164,2000.0,0.18074352,102,324.96,0.009423828125,0.025832414627075195,1e-05,1010,-0.08103823787532746,0.2,0.0005415637,-0.0009065452984941657,3.3250362873077393,5.994290239363909
18.585485,0.15668762,0.0917731,2063,99,0.0038295202,206000,2.415569,2000.0,0.17996103,103,328.4,0.004345703125,0.045127153396606445,1e-05,1020,-0.07593575643841177,0.2,0.000104659266,-0.00030237844330258665,7.3698577880859375,5.614207595586777
18.163235,0.17366514,0.08296976,2083,99,0.0032614206,208000,2.3868108,2000.0,0.18626027,104,332.03,0.002001953125,0.065096914768219,1e-05,1030,-0.07673299808520824,0.2,0.00039727602,-0.00019604298722697422,1.5709593296051025,5.507609675079584
18.264023,0.19316675,0.07287366,2103,99,0.0016967045,210000,2.4468899,2000.0,0.18311371,105,334.97,0.00263671875,0.07252764701843262,1e-05,1040,-0.07216139655793086,0.2,0.00030851166,-0.00074332102376502,2.3859641551971436,5.2385484673082825
18.03593,0.23935947,0.091236226,2123,99,0.003079013,212000,2.5697858,2000.0,0.18454503,106,338.77,0.00087890625,0.04410666227340698,1e-05,1050,-0.06306434698635713,0.2,0.000102155755,-0.00020102281705476345,1.4900825023651123,5.650518079847098
18.27314,0.1741759,0.07413468,2143,99,0.0016433052,214000,2.4637032,2000.0,0.18109016,107,342.66,0.00078125,0.11544060707092285,1e-05,1060,-0.06417815148597583,0.2,6.0628983e-05,-7.377419533440843e-05,1.8934937715530396,5.894285932183266
18.203176,0.23599383,0.08970955,2163,99,0.0018786297,216000,2.4423456,2000.0,0.18146525,108,344.89,0.00322265625,0.16914880275726318,1e-05,1070,-0.062056643178220836,0.2,0.00014941892,-0.00030428608151851223,1.8291447162628174,4.924005072563887
17.950739,0.1843523,0.07777461,2183,99,0.0024502906,218000,2.152518,2000.0,0.185397,109,348.43,0.00224609375,-0.08245182037353516,1e-05,1080,-0.06963810537708923,0.2,0.00017124589,-3.870262298732996e-05,2.394163131713867,6.10489821061492
17.717281,0.118910134,0.046158604,2202,99,0.0020299235,220000,2.491595,2000.0,0.16932213,110,351.97,0.001904296875,0.03029698133468628,1e-05,1090,-0.06299209791468456,0.2,0.00018346781,-0.00019951443828176708,2.0059707164764404,4.448687250539661
17.509054,0.1634568,0.07151037,2222,99,0.0030275418,222000,2.346269,2000.0,0.18237424,111,354.72,0.002978515625,0.00973522663116455,1e-05,1100,-0.06160696124425158,0.2,0.00012268909,-0.0005630373256281018,2.286273956298828,6.082730083167553
17.86185,0.13532944,0.09388687,2242,99,0.0039513945,224000,2.665935,2000.0,0.18497059,112,358.69,0.00244140625,0.05432003736495972,1e-05,1110,-0.0614577088272199,0.2,0.00014037354,-0.0004911841097055003,1.360249638557434,5.156317842751742
18.028852,0.09607866,0.069538146,2262,99,0.0015996706,226000,2.4870234,2000.0,0.1835013,113,361.3,0.006005859375,0.0814446210861206,1e-05,1120,-0.05789104881696403,0.2,0.0004661639,-0.0008341542823472991,3.519958972930908,6.459558298438788
17.832653,0.098485276,0.091782175,2282,99,0.003008471,228000,2.3376982,2000.0,0.18837564,114,363.46,0.00107421875,0.16630089282989502,1e-05,1130,-0.05490951397223398,0.2,0.00010377809,-0.0003451799348113127,2.2481751441955566,4.998924469202757
18.074062,0.19696453,0.08997647,2302,99,0.0011418264,230000,2.415251,2000.0,0.19098277,115,366.5,0.0041015625,0.06741183996200562,1e-05,1140,-0.060764719103463,0.2,0.00014164674,-0.0007013004564214498,5.575732231140137,5.027962898463011
17.943949,0.25606,0.0884025,2322,99,0.0040585613,232000,2.5069304,2000.0,0.18018478,116,368.84,0.004248046875,0.1580025553703308,1e-05,1150,-0.05559485356207006,0.2,0.0002804919,-0.0003036226087715477,3.194443941116333,4.909557776898145
18.039957,0.13163005,0.076626725,2343,99,0.002226646,234000,2.6052206,2000.0,0.19137552,117,371.81,0.0001953125,0.07947689294815063,1e-05,1160,-0.061695051949936894,0.2,9.034053e-05,-0.00014870961313135923,2.525858163833618,5.721128298714757
18.30385,0.15860905,0.07420825,2363,99,0.0027132703,236000,2.5956836,2000.0,0.17832693,118,375.41,0.001904296875,0.14470839500427246,1e-05,1170,-0.05246782889007591,0.2,0.00010083942,-0.00032465860567754135,4.4211273193359375,5.785960815101862
18.079868,0.13453357,0.07197779,2382,99,0.0035016912,238000,2.9427722,2000.0,0.1761375,119,376.71,0.000732421875,0.1606925129890442,1e-05,1180,-0.05179581373231486,0.2,8.306882e-05,-0.00023873993777669966,2.1033053398132324,5.574043806642294
17.917887,0.14456697,0.09231927,2402,99,0.0037908112,240000,2.4953432,2000.0,0.18361421,120,378.16,0.008154296875,0.1851169466972351,1e-05,1190,-0.053317710116971284,0.2,0.00036410912,-0.0010504711652174592,2.6331522464752197,6.869905396550894
17.590515,0.20609213,0.09222911,2422,99,0.0030358005,242000,2.513545,2000.0,0.170081,121,379.53,0.000341796875,0.13231074810028076,1e-05,1200,-0.04881874680286273,0.2,0.00010309118,-0.00028457976004574447,2.387115955352783,5.33804257363081
17.447464,0.13725747,0.074669175,2442,99,0.0012846881,244000,2.638459,2000.0,0.18219784,122,379.94,0.002197265625,0.1533219814300537,1e-05,1210,-0.04955164283164777,0.2,0.00013515083,-0.0003243424085667357,2.2150862216949463,5.330321158841253
17.46342,0.11767032,0.05937889,2461,99,0.0033625418,246000,2.6661277,2000.0,0.18813169,123,381.26,0.000146484375,0.09841233491897583,1e-05,1220,-0.044115708756726234,0.2,6.936604e-05,-5.317496252246201e-05,4.132950782775879,6.22430267482996
18.175127,0.090212494,0.08238963,2481,99,0.0028571,248000,2.5599613,2000.0,0.18478556,124,383.8,0.001025390625,0.1666783094406128,1e-05,1230,-0.04367196423118003,0.2,9.5129246e-05,-0.00018072621314786376,2.5074362754821777,5.9153471574187275
18.621944,0.18632306,0.0738835,2501,99,0.00228388,250000,2.4667277,2000.0,0.18515322,125,386.02,0.001025390625,0.14431411027908325,1e-05,1240,-0.043956086155958474,0.2,0.00010521087,-0.0003302059718407691,2.4733312129974365,5.584762772917747
18.159498,0.13873707,0.096351616,2521,99,0.0018260734,252000,2.6046252,2000.0,0.17753083,126,386.72,0.00126953125,0.2032402753829956,1e-05,1250,-0.053785745502682406,0.2,0.000107961736,-0.00010542498202994465,2.4136290550231934,4.793352580443025
18.282211,0.16103582,0.09531886,2541,99,0.0022847103,254000,2.6857336,2000.0,0.18103802,127,389.36,0.00107421875,0.20899438858032227,1e-05,1260,-0.051820694614434615,0.2,0.00012603682,-0.0003073609070270322,4.66953182220459,5.369432392716408
18.231436,0.20422055,0.105077274,2560,99,0.0011423177,256000,2.5718372,2000.0,0.18921706,128,389.32,0.0025390625,0.2786862254142761,1e-05,1270,-0.04515271917916834,0.2,0.00022712431,-0.0004992009664420039,1.790409803390503,5.052645879238844
18.05412,0.28881872,0.08577565,2580,99,0.0032851847,258000,2.4732404,2000.0,0.18271543,129,390.49,0.002685546875,0.10415905714035034,1e-05,1280,-0.0449536370288115,0.2,0.00016275924,-0.00011412690801080317,2.7949483394622803,5.870141620188951
17.391047,0.14756605,0.079008736,2600,99,0.0029632559,260000,2.4674506,2000.0,0.18367521,130,391.58,0.005859375,0.061626315116882324,1e-05,1290,-0.053744754532817754,0.2,0.0001734395,-0.0006279539054958149,1.9646992683410645,5.683155208081007
17.716602,0.10859106,0.06921324,2620,99,0.0014285287,262000,2.685985,2000.0,0.18554524,131,392.06,0.0,0.24756062030792236,1e-05,1300,-0.03995600783964619,0.2,6.8080786e-05,-8.460569952148945e-05,5.4977707862854,4.5139130018651485
17.536167,0.1438315,0.082764134,2640,99,0.004054459,264000,2.5097702,2000.0,0.17983785,132,391.44,0.0013671875,0.2713305354118347,1e-05,1310,-0.034029732656199484,0.2,0.00010381444,-0.0003628600694355555,3.8139455318450928,5.2017632983624935
17.228203,0.1341524,0.12226663,2659,100,0.0018551326,266000,2.3129246,2000.0,0.18403076,133,391.66,0.0029296875,0.08414971828460693,1e-05,1320,-0.040741089440416545,0.2,0.00012919086,-0.0004398470016894862,2.2619638442993164,5.834066541492939
17.33456,0.21335183,0.09849375,2679,100,0.0022790448,268000,2.3099291,2000.0,0.17157109,134,392.01,0.0009765625,0.16494059562683105,1e-05,1330,-0.034363542322535065,0.2,4.284497e-05,-0.00019908148387912661,2.3145864009857178,4.483290694653988
17.448195,0.27623448,0.09328713,2699,100,0.0022853652,270000,2.2230682,2000.0,0.18502446,135,392.1,0.000537109375,0.14760750532150269,1e-05,1340,-0.03238219335325994,0.2,0.00012548029,-0.00010018372267950326,2.6317906379699707,4.579957222938537
17.122105,0.20877555,0.092518665,2718,100,0.0027119636,272000,2.588368,2000.0,0.17015424,136,391.86,0.00107421875,0.0491412878036499,1e-05,1350,-0.03620412496384233,0.2,8.714601e-05,-0.0001062888404703699,2.9381203651428223,4.596258151158691
17.350166,0.24300171,0.06801368,2738,100,0.0018570994,274000,2.474277,2000.0,0.17799117,137,392.79,0.0025390625,0.16400939226150513,1e-05,1360,-0.03539565313258208,0.2,0.00014857363,-0.0003048167534871027,3.0263254642486572,5.51941250488162
18.10094,0.13370435,0.08819287,2758,100,0.0028551766,276000,2.7138186,2000.0,0.18371375,138,393.56,0.001416015625,0.09296673536300659,1e-05,1370,-0.03572136317961849,0.2,7.719276e-05,-0.00036121133452979846,2.0480010509490967,5.567071849107743
18.346678,0.21279025,0.05856648,2778,100,0.002427639,278000,2.6335454,2000.0,0.18280995,139,393.65,0.000341796875,0.12752491235733032,1e-05,1380,-0.03209872771985829,0.2,5.3033582e-05,-0.0003200955790816806,2.5260744094848633,6.379062332212925
18.147465,0.15933411,0.06516059,2798,100,0.002714235,280000,2.330795,2000.0,0.18013047,140,393.51,0.002197265625,0.09739750623703003,1e-05,1390,-0.03202491463162005,0.2,0.000118337135,-0.0004016638617031276,9.509260177612305,6.174567711353302
18.230364,0.17300479,0.122331716,2817,100,0.003260911,282000,2.485499,2000.0,0.18633729,141,394.18,0.0,0.10347193479537964,1e-05,1400,-0.030745564884273335,0.2,2.5764311e-05,-8.890009776223451e-05,2.1426844596862793,4.836026382446289
18.28614,0.22314398,0.10088845,2837,100,0.004285713,284000,2.573512,2000.0,0.18836065,142,394.06,0.0037109375,0.1463099718093872,1e-05,1410,-0.031498446926707405,0.2,0.000115808216,-0.00028595942567335444,1.8888853788375854,5.250253290683031
18.398878,0.08753497,0.06606052,2857,100,0.003140658,286000,2.862097,2000.0,0.17725584,143,394.34,0.00068359375,0.15049493312835693,1e-05,1420,-0.03280184058239684,0.2,4.4629705e-05,-9.684696415206418e-05,2.036839723587036,5.600750912725926
18.431643,0.2574835,0.07965149,2877,100,0.0028563605,288000,2.4808187,2000.0,0.18693496,144,393.99,0.001171875,0.16393035650253296,1e-05,1430,-0.030745998350903393,0.2,6.152451e-05,-6.248916761251167e-05,3.860609531402588,6.818083224445582
18.911242,0.20123969,0.08876149,2896,100,0.0027190687,290000,2.6870823,2000.0,0.18992104,145,393.94,0.001416015625,0.23273587226867676,1e-05,1440,-0.034418718694359994,0.2,0.0001828663,-0.0003248094231821597,2.6121702194213867,4.682306677475571
19.03116,0.19145069,0.06712238,2916,100,0.0032851775,292000,2.434648,2000.0,0.18591261,146,393.88,0.000341796875,0.19586247205734253,1e-05,1450,-0.030089583981316538,0.2,6.381355e-05,-0.00030031588103156536,1.119135856628418,5.831572768464684
19.08039,0.09998468,0.06746859,2936,100,0.0021315226,294000,2.8388216,2000.0,0.18044199,147,394.85,0.001416015625,0.16668838262557983,1e-05,1460,-0.03391436784877442,0.2,7.6208235e-05,-0.00014569229242624714,1.8588823080062866,4.895084799081087
18.74272,0.17015323,0.05411189,2956,100,0.0019994692,296000,2.6195564,2000.0,0.17869025,148,394.15,0.00166015625,0.2589249610900879,1e-05,1470,-0.03383710425114259,0.2,8.296149e-05,-6.324443384073675e-05,3.7472643852233887,5.8395910985767845
19.114265,0.120516144,0.06441271,2976,100,0.0026932699,298000,3.123681,2000.0,0.18655638,149,394.77,0.00068359375,0.16669052839279175,1e-05,1480,-0.03724442912498489,0.2,4.165023e-05,-0.00013457798631861807,1.6324883699417114,5.729955764114857
19.301569,0.1848735,0.10075013,2996,100,0.0029986405,300000,2.5342948,2000.0,0.18306573,150,395.17,0.00263671875,0.3281201124191284,1e-05,1490,-0.03239409335656092,0.2,0.00016746853,-0.00033119499712483955,3.538161039352417,6.456008622050286
18.972963,0.2582672,0.07317699,3015,100,0.0038554124,302000,2.3964276,2000.0,0.19063804,151,393.97,0.00068359375,0.20807647705078125,1e-05,1500,-0.03317999003920704,0.2,4.0755374e-05,-0.0001316620604484342,2.549675226211548,5.024573849141598
19.117746,0.21854039,0.059569117,3035,100,0.0028556378,304000,2.8126397,2000.0,0.18513681,152,393.36,0.001025390625,0.18764811754226685,1e-05,1510,-0.03517099446617067,0.2,8.666192e-05,-0.0002409904496744275,1.6082724332809448,4.612562939897179
18.574308,0.21238026,0.08048396,3055,100,0.0037137861,306000,2.9083352,2000.0,0.18236382,153,392.32,0.00087890625,0.21876347064971924,1e-05,1520,-0.0289728242874844,0.2,2.8062437e-05,-8.945411391323433e-05,2.0297677516937256,6.148382461071014
18.379961,0.21615143,0.08595405,3075,100,0.002763557,308000,2.8458714,2000.0,0.16823384,154,392.21,0.00234375,0.19475281238555908,1e-05,1530,-0.033520911954110486,0.2,0.00010893989,-0.0004055448778672144,2.712759017944336,6.788824833929539
17.828964,0.21894109,0.061991677,3094,100,0.0023775215,310000,2.6399806,2000.0,0.1823616,155,391.54,0.000439453125,0.19999408721923828,1e-05,1540,-0.03325361309107393,0.2,3.1050615e-05,-0.00021994516428094357,2.573981285095215,6.399101896584034
18.141554,0.22569034,0.07383683,3114,100,0.0029989737,312000,2.6564026,2000.0,0.18435937,156,391.68,0.00224609375,0.2964022755622864,1e-05,1550,-0.0273962878389284,0.2,0.00014436693,-0.0006862476700916886,2.209357738494873,4.843891960382462
18.079031,0.1450776,0.0962938,3134,100,0.0024281342,314000,2.6929111,2000.0,0.1774365,157,391.85,0.00146484375,0.15106278657913208,1e-05,1560,-0.025319102621870114,0.2,7.775813e-05,-0.00020176931284368038,7.088124752044678,5.9331442900002
18.252821,0.22844625,0.1082202,3153,100,0.0044252207,316000,2.8048003,2000.0,0.1834711,158,391.53,0.003369140625,0.29695749282836914,1e-05,1570,-0.023726248869206757,0.2,0.00014434394,-0.0003929765342036262,1.608323574066162,5.043207777291537
18.008696,0.2734862,0.06767994,3173,100,0.003141879,318000,2.4041326,2000.0,0.17636539,159,391.0,0.000390625,0.3028889298439026,1e-05,1580,-0.0252838608721504,0.2,5.1632203e-05,-7.681332936044782e-05,5.430166721343994,5.482170925289393
17.857416,0.212894,0.10163283,3193,100,0.002328061,320000,2.495532,2000.0,0.18386093,160,391.04,0.0017578125,0.10839039087295532,1e-05,1590,-0.024564108136110006,0.2,7.4273295e-05,-0.0007007530424743891,1.347270131111145,4.9458347000181675
17.722723,0.1553638,0.047050912,3212,100,0.0030524996,322000,2.715988,2000.0,0.17446955,161,390.0,0.001416015625,0.23895162343978882,1e-05,1600,-0.02387433114927262,0.2,6.776332e-05,-0.0002089874615194276,1.9396445751190186,4.679804261773825
17.665644,0.27684256,0.07802847,3232,100,0.0018424173,324000,2.331493,2000.0,0.18984018,162,389.53,0.002294921875,0.2575628161430359,1e-05,1610,-0.02292712570633739,0.2,0.00015864693,-0.00021387687884271144,0.7845255136489868,5.490502176433802
17.369867,0.18581985,0.08608149,3252,100,0.0040888586,326000,2.488729,2000.0,0.18190835,163,388.49,0.002392578125,0.07038378715515137,1e-05,1620,-0.023286766654928216,0.2,9.298048e-05,-0.00036314622266218064,3.4508378505706787,4.949333941936493
17.307682,0.1580585,0.08553684,3272,100,0.003717755,328000,2.3209906,2000.0,0.17422691,164,388.34,0.000732421875,0.22888785600662231,1e-05,1630,-0.02042417103657499,0.2,0.00023851776,-0.00011976542155025526,2.5371406078338623,4.770770279318095
17.281822,0.16059765,0.096388556,3291,100,0.002756011,330000,2.5148888,2000.0,0.1787416,165,387.89,0.000634765625,0.21229875087738037,1e-05,1640,-0.020075875587644988,0.2,0.00012620099,-0.0003721343629877083,1.205370545387268,4.164199328422546
17.092962,0.24873562,0.10370781,3311,100,0.002421515,332000,2.6774585,2000.0,0.16966507,166,386.53,0.000634765625,0.19078826904296875,1e-05,1650,-0.024554547446314245,0.2,7.6289376e-05,-0.0002518100489396602,3.678743600845337,5.051136484742164
17.110723,0.19497605,0.0773239,3331,100,0.0023150933,334000,2.951499,2000.0,0.17922236,167,386.26,0.00087890625,0.22732102870941162,1e-05,1660,-0.02369866443914361,0.2,5.2770658e-05,-0.00010772114037536085,2.0635581016540527,5.524963349848986
16.869396,0.09377216,0.10021526,3350,100,0.0031428223,336000,2.6376266,2000.0,0.18435434,168,385.78,0.00224609375,0.2690455913543701,1e-05,1670,-0.021620698767947033,0.2,0.00014678546,-0.0005902745324419811,2.7273693084716797,6.268733977898956
17.66415,0.1717067,0.074560255,3370,100,0.0015248727,338000,2.7837048,2000.0,0.18802668,169,386.82,0.000341796875,0.2669944763183594,1e-05,1680,-0.024919841295923107,0.2,3.0467956e-05,-0.00013442321214824916,3.2656259536743164,5.05353579968214
17.837324,0.20158496,0.08512577,3390,100,0.0024285289,340000,2.4229045,2000.0,0.17540926,170,386.15,0.002880859375,0.3477155566215515,1e-05,1690,-0.020491563167888673,0.2,0.00011532026,-0.0005539420468267054,1.9011508226394653,5.027746408432722
17.501,0.19296417,0.062001158,3410,100,0.0021311317,342000,2.4461951,2000.0,0.17083979,171,384.82,0.0005859375,0.291309654712677,1e-05,1700,-0.019309421160141938,0.2,3.7732185e-05,-0.0001439970437786542,1.8892066478729248,4.125995504856109
17.504204,0.26323858,0.12212373,3429,100,0.0018571063,344000,2.7075183,2000.0,0.18426688,172,385.28,0.00048828125,0.2539266347885132,1e-05,1710,-0.018633574908017182,0.2,2.2021297e-05,-3.208302950952202e-05,1.34898841381073,4.431890566647053
17.249453,0.10454389,0.073336765,3449,100,0.0030714807,346000,2.6760108,2000.0,0.17919947,173,385.29,0.000341796875,0.2695026397705078,1e-05,1720,-0.017711993091506884,0.2,2.0535692e-05,-7.43761076591909e-05,4.830564022064209,5.341694355010986
17.700296,0.2059464,0.060624048,3469,100,0.003259859,348000,2.5911624,2000.0,0.17249063,174,384.93,0.0009765625,0.23501360416412354,1e-05,1730,-0.018781784750171938,0.2,0.00013940228,-0.0005598086470854468,10.819235801696777,5.42625688239932
17.4565,0.16178323,0.06560839,3489,100,0.0038671482,350000,2.775353,2000.0,0.18526135,175,384.24,0.000830078125,0.29813194274902344,1e-05,1740,-0.017372040820191614,0.2,3.1404546e-05,-8.661494211992249e-05,1.707169532775879,4.701149529963732
17.729753,0.23984131,0.09063029,3508,100,0.0021131663,352000,3.1115944,2000.0,0.18332449,176,384.29,9.765625e-05,0.2807217240333557,1e-05,1750,-0.016792781060212293,0.2,1.8542865e-05,-3.395382809685543e-05,2.7137513160705566,5.489316590130329
17.43523,0.15874912,0.11832228,3528,100,0.0035704297,354000,2.7992046,2000.0,0.17662269,177,383.62,0.0017578125,0.3377721905708313,1e-05,1760,-0.016103097656741738,0.2,9.5063995e-05,-0.00027742863749153913,5.398209571838379,6.316127055883408
17.552526,0.14211583,0.073762015,3548,100,0.0020980034,356000,2.8764775,2000.0,0.18152444,178,384.89,0.000439453125,0.22012335062026978,1e-05,1770,-0.01709921917936299,0.2,5.6803343e-05,-6.203631637617946e-05,2.274965763092041,6.070210182666779
17.753965,0.19126467,0.09171701,3568,100,0.0018561298,358000,2.653231,2000.0,0.18293993,179,384.1,0.00126953125,0.48169922828674316,1e-05,1780,-0.016584013027022594,0.2,7.5221324e-05,-0.00016500423953402787,2.4828293323516846,4.268736073374749
17.581285,0.17809808,0.071871586,3588,100,0.0018575576,360000,3.0055144,2000.0,0.18302202,180,384.65,0.001025390625,0.2756398916244507,1e-05,1790,-0.018106508054188453,0.2,7.179566e-05,-0.00015748374571558088,1.0831888914108276,5.039959838986396
18.009544,0.1851672,0.074534096,3608,100,0.0032395162,362000,2.9377627,2000.0,0.18503688,181,384.36,0.00048828125,0.4432485103607178,1e-05,1800,-0.016054724031710065,0.2,4.9342838e-05,-0.00014636604755651205,2.158806085586548,4.942759012430907
18.012758,0.1810896,0.08140461,3627,100,0.003872441,364000,2.744892,2000.0,0.1674251,182,384.17,0.0001953125,0.26195192337036133,1e-05,1810,-0.01617063970770687,0.2,1.8233142e-05,-1.4957210805732756e-05,1.9848730564117432,6.2248256303369995
18.306547,0.24464361,0.07299134,3647,100,0.002859775,366000,2.9696732,2000.0,0.18112926,183,383.63,0.0015625,0.4413089156150818,1e-05,1820,-0.015531664318405091,0.2,0.00013062183,-0.00030341810634126887,1.4337140321731567,4.151084402948618
17.963133,0.12890522,0.10326465,3667,100,0.002712933,368000,2.8696663,2000.0,0.18497774,184,383.43,0.00068359375,0.2522662878036499,1e-05,1830,-0.014801660986267961,0.2,9.128236e-05,-7.680001726839691e-05,3.3665783405303955,6.511730155348777
17.998707,0.2006539,0.10587378,3687,100,0.0034053884,370000,2.9877863,2000.0,0.180828,185,382.18,0.000732421875,0.3047661781311035,1e-05,1840,-0.015206056858005468,0.2,7.438616e-05,-9.99583804514259e-05,1.8716272115707397,5.688773438334465
18.072891,0.24168454,0.08713701,3707,100,0.002845698,372000,2.859334,2000.0,0.18876505,186,382.49,0.002490234375,0.3010770082473755,1e-05,1850,-0.015916275055496955,0.2,0.00017471373,-0.00042367156565887855,2.0300211906433105,6.164186765253544
17.901363,0.14110418,0.07007851,3726,100,0.0028721022,374000,3.2776704,2000.0,0.18604998,187,382.53,0.000537109375,0.419887900352478,1e-05,1860,-0.014841908731614239,0.2,4.0462182e-05,-0.00017132286448031663,1.8801060914993286,4.649252999573946
18.1974,0.18794887,0.07361135,3746,100,0.0036165172,376000,3.2363656,2000.0,0.17555167,188,382.23,0.001025390625,0.4080010652542114,1e-05,1870,-0.016326480766292662,0.2,0.000105635845,-0.0002186221885494888,5.401880741119385,6.277584262192249
18.16738,0.24653202,0.08929498,3766,100,0.0037094317,378000,2.9233837,2000.0,0.17839707,189,382.02,0.00068359375,0.4597967267036438,1e-05,1880,-0.01756671794428257,0.2,2.887458e-05,-3.621973446570337e-05,1.8789291381835938,5.498678929358721
17.927517,0.23683584,0.09220023,3786,100,0.0027545155,380000,3.0576146,2000.0,0.17280158,190,380.81,0.0025390625,0.19807153940200806,1e-05,1890,-0.01638336239993805,0.2,0.00010727646,-0.00035390775301493706,2.026583671569824,6.60271554812789
17.78497,0.13105384,0.06638375,3805,100,0.0029702617,382000,3.1213424,2000.0,0.18647112,191,380.8,0.000732421875,0.4030601382255554,1e-05,1900,-0.017743829800747336,0.2,4.1826628e-05,-0.00013789091899525375,1.355377197265625,5.485152041167021
17.281052,0.22196157,0.10063645,3825,100,0.0018016302,384000,2.7313063,2000.0,0.175445,192,379.64,0.001171875,0.39449799060821533,1e-05,1910,-0.018352298345416785,0.2,5.131794e-05,-0.00024236580939032137,3.7292823791503906,5.852622994035483
17.160093,0.21623473,0.070927106,3845,100,0.0019509328,386000,3.0378509,2000.0,0.17711547,193,379.06,0.00029296875,0.2916662096977234,1e-05,1920,-0.017569204288884067,0.2,3.5980134e-05,-0.0001090911595383659,2.434290885925293,5.218224614858627
17.056063,0.23367108,0.08698881,3865,100,0.0037437316,388000,2.6612856,2000.0,0.17811707,194,377.9,0.00048828125,0.44591158628463745,1e-05,1930,-0.015928471434745007,0.2,3.4213066e-05,-6.859175628051161e-05,2.1143441200256348,5.08070443123579
16.872906,0.23085666,0.07427737,3884,100,0.0038948627,390000,2.4470713,2000.0,0.17715563,195,377.86,0.000390625,0.3371056318283081,1e-05,1940,-0.017089103392208926,0.2,2.6510796e-05,-7.010152767179534e-05,2.13143253326416,4.705632058158517
17.645823,0.18761006,0.09138434,3904,100,0.002427044,392000,2.749,2000.0,0.18593177,196,378.34,0.001416015625,0.2549062967300415,1e-05,1950,-0.01711733212287072,0.2,6.403518e-05,-0.00014474484487436712,1.97218656539917,4.255421321839094
17.489145,0.08728122,0.06006524,3924,100,0.001401345,394000,2.454078,2000.0,0.18411246,197,377.03,0.001513671875,0.27031421661376953,1e-05,1960,-0.01602400284027681,0.2,6.1003782e-05,-8.379937207791954e-05,3.021134376525879,5.51381006911397
17.339401,0.2556457,0.08229511,3943,100,0.004142319,396000,2.532933,2000.0,0.1771778,198,376.17,0.0,0.13408029079437256,1e-05,1970,-0.017098648738465273,0.2,3.6381243e-06,1.568072329973802e-05,9.50692367553711,5.185530867800116
17.203274,0.20722105,0.081936195,3963,100,0.0033615641,398000,3.0155928,2000.0,0.19098835,199,375.98,0.00029296875,0.0860636830329895,1e-05,1980,-0.018348426528973505,0.2,2.8932292e-05,-4.1590903128962965e-05,2.799159288406372,5.72686925753951
17.088938,0.19977398,0.080823235,3983,100,0.0032346966,400000,2.7465115,2000.0,0.16646503,200,375.77,0.002197265625,0.2382219433784485,1e-05,1990,-0.01856944744940847,0.2,0.00012851963,-0.0004493763262871653,9.356685638427734,6.7931109048426155
16.700672,0.14941254,0.07803161,4003,100,0.0041222023,402000,2.2629824,2000.0,0.17663996,201,375.4,0.00068359375,0.18710565567016602,1e-05,2000,-0.019387870424543506,0.2,5.1783165e-05,-0.0001489048183429986,2.7284774780273438,6.093367719650269
16.725315,0.2091773,0.07569051,4022,100,0.002142807,404000,2.4712853,2000.0,0.17362656,202,374.76,9.765625e-05,0.16221243143081665,1e-05,2010,-0.020122074300888925,0.2,4.3920503e-05,-0.0001108340555219911,3.4130046367645264,4.227011154964567
16.764715,0.18434551,0.07057255,4042,100,0.0021563112,406000,2.4385965,2000.0,0.18325531,203,375.13,0.000732421875,0.08738303184509277,1e-05,2020,-0.021210840449202805,0.2,8.539576e-05,-0.00026344211073592305,4.405240535736084,5.4938843958079815
16.902832,0.13313898,0.08961718,4062,100,0.0037119335,408000,2.2214394,2000.0,0.178929,204,375.35,0.000390625,0.19158923625946045,1e-05,2030,-0.01928277401602827,0.2,3.8828322e-05,-0.0001225368760060519,2.126007080078125,4.722136388719082
17.529905,0.16954966,0.0766108,4082,100,0.0027133215,410000,2.6651268,2000.0,0.18286288,205,376.24,0.00068359375,0.06827491521835327,1e-05,2040,-0.02024532928771805,0.2,3.0984986e-05,-0.00013295740500325338,1.6492536067962646,4.552984704077244
18.596668,0.12080117,0.077154934,4101,100,0.0022856637,412000,2.640974,2000.0,0.18098284,206,377.61,0.000390625,0.25873154401779175,1e-05,2050,-0.02122558910632506,0.2,2.7827395e-05,4.95891144964844e-06,2.4852681159973145,5.227289560437202
18.9802,0.22645712,0.064607404,4121,100,0.0034642702,414000,2.4606752,2000.0,0.1864004,207,377.39,0.000537109375,0.15844863653182983,1e-05,2060,-0.02078115216572769,0.2,7.03955e-05,-0.00012775705981766806,3.8856701850891113,5.836926178634167
18.459303,0.27020136,0.07983037,4141,100,0.0033281916,416000,2.5668454,2000.0,0.18282795,208,377.21,0.003173828125,0.15758639574050903,1e-05,2070,-0.017690985999070107,0.2,0.000113989954,-0.0006150504050310701,1.9905891418457031,5.043314190208912
18.028135,0.20287597,0.074229494,4161,100,0.0023129229,418000,2.4560082,2000.0,0.17541116,209,376.79,0.00078125,0.19131332635879517,1e-05,2080,-0.020105513447197153,0.2,9.085826e-05,-6.022554007358849e-05,1.1423912048339844,5.187738199532032
18.487085,0.111615114,0.07404472,4180,100,0.0032620134,420000,2.8288035,2000.0,0.18816622,210,378.06,0.0009765625,0.12468069791793823,1e-05,2090,-0.02278791596472729,0.2,6.8786205e-05,-0.0002104742161463946,4.225415229797363,5.247301588207483
18.995523,0.20156744,0.07304696,4200,100,0.0017132602,422000,2.6333957,2000.0,0.18227802,211,378.91,0.0013671875,0.24132567644119263,1e-05,2100,-0.02592473782133311,0.2,6.668919e-05,-0.00014836591581115499,2.6408934593200684,6.013598442822695
19.07986,0.22612736,0.08152448,4220,100,0.0021423325,424000,2.8190992,2000.0,0.18094613,212,378.31,0.0001953125,0.1767471432685852,1e-05,2110,-0.02435928154736757,0.2,2.1565356e-05,-8.524988952558487e-05,1.9845857620239258,5.654013247787953
18.728636,0.23568767,0.090648055,4240,100,0.0027237018,426000,2.391882,2000.0,0.17701128,213,378.19,0.000244140625,0.1319139003753662,1e-05,2120,-0.022031866759061814,0.2,4.742699e-05,-0.00018709480646066367,3.232515573501587,6.896708385646344
18.78144,0.17598091,0.061508186,4259,100,0.003465895,428000,2.8970425,2000.0,0.18709119,214,379.12,0.000146484375,0.12999176979064941,1e-05,2130,-0.021188603772316128,0.2,5.722104e-07,3.0499989225063474e-05,1.5042954683303833,4.9138360224664215
18.840418,0.22752856,0.05844992,4279,100,0.0021261303,430000,2.8105257,2000.0,0.18143688,215,378.51,0.00048828125,0.26277583837509155,1e-05,2140,-0.021060014495742508,0.2,4.557715e-05,-0.00010828715167008341,1.7556045055389404,6.048798783123493
18.35855,0.14750886,0.09496485,4299,100,0.003954241,432000,2.421095,2000.0,0.1765194,216,378.59,9.765625e-05,0.24716168642044067,1e-05,2150,-0.02204350597166922,0.2,1.7352606e-05,-7.853558636270464e-05,1.1759188175201416,5.863626386225223
17.853281,0.12949419,0.07851306,4318,100,0.0008571,434000,2.5857775,2000.0,0.17904595,217,377.7,0.00322265625,0.2354373335838318,1e-05,2160,-0.021274032324436122,0.2,0.00014418561,-0.0004694634015322663,3.7928314208984375,4.370635317265988
17.897509,0.15474014,0.07342354,4338,100,0.0030354753,436000,2.4854767,2000.0,0.18600516,218,377.05,0.0,0.15527838468551636,1e-05,2170,-0.0213016219669953,0.2,9.474694e-06,-1.063960517058149e-05,3.4611291885375977,5.645935119688511
18.086937,0.23098658,0.08149568,4358,100,0.0024275384,438000,2.4939747,2000.0,0.18186238,219,378.07,0.001318359375,0.0751003623008728,1e-05,2180,-0.019677075822255575,0.2,4.983996e-05,-0.0003861004748614505,2.9680025577545166,5.634438946470619
17.623137,0.10638487,0.09026197,4378,100,0.004125845,440000,2.4363437,2000.0,0.18527001,220,377.64,4.8828125e-05,0.19762039184570312,1e-05,2190,-0.01774076397123281,0.2,3.7287915e-05,-0.00014967117604101077,3.3043105602264404,4.94623843356967
18.086424,0.13493487,0.07288179,4397,100,0.0026787843,442000,2.6995478,2000.0,0.18579651,221,379.29,0.000732421875,0.20335882902145386,1e-05,2200,-0.01734443371242378,0.2,3.6906218e-05,-7.171510515036061e-05,6.91464900970459,4.688550634682178
18.966719,0.14321978,0.099611126,4417,100,0.002941517,444000,2.520847,2000.0,0.18208176,222,380.52,0.00029296875,0.2816457152366638,1e-05,2210,-0.01644919308600947,0.2,2.5798101e-05,-0.00010609802266117185,1.4929447174072266,5.274704213812948
19.610765,0.25457212,0.065592095,4437,100,0.0030950503,446000,2.2280154,2000.0,0.18355352,223,380.67,0.0013671875,0.22867703437805176,1e-05,2220,-0.0152645497553749,0.2,4.644197e-05,-0.00014258466108003632,2.3987181186676025,4.870975151658058
19.11718,0.11162765,0.08547366,4457,100,0.003140581,448000,2.4621344,2000.0,0.18284325,224,380.36,0.0021484375,0.05702483654022217,1e-05,2230,-0.016914697393076494,0.2,0.00044943905,-0.00041287519125035035,1.4982627630233765,4.555835327506065
18.881613,0.17520294,0.102665,4477,100,0.0022856637,450000,2.4323986,2000.0,0.17677459,225,379.38,0.001904296875,0.12134426832199097,1e-05,2240,-0.021484502279781735,0.2,4.1318708e-05,-0.00026467827265150843,2.4289133548736572,5.268152979016304
18.618782,0.2796526,0.07601212,4497,100,0.0028536275,452000,2.4632096,2000.0,0.18645136,226,379.32,0.001611328125,0.14078307151794434,1e-05,2250,-0.01959103082481306,0.2,0.00012478794,-0.00026476646453374995,2.010472297668457,5.1013328664004804
18.288937,0.19704242,0.11630837,4516,100,0.0028557582,454000,2.611153,2000.0,0.18165854,227,379.27,0.003076171875,0.12165284156799316,1e-05,2260,-0.017982090180157683,0.2,0.0002500109,-0.0008180386677850038,2.0120368003845215,5.259842205047607
18.323313,0.28256762,0.06979573,4536,100,0.0034943556,456000,2.5359716,2000.0,0.1848994,228,379.52,0.002685546875,0.08848804235458374,1e-05,2270,-0.0184193621535087,0.2,0.00026948343,-0.00025615683698561044,2.405869245529175,6.129047847539186
18.040964,0.18856369,0.12297252,4556,100,0.004137662,458000,2.5207992,2000.0,0.18633373,229,379.62,0.0013671875,0.16396623849868774,1e-05,2280,-0.01799972052394878,0.2,6.6861685e-05,-0.00013603746774606406,5.171682357788086,5.27455649599433
18.12747,0.21126874,0.084310465,4576,100,0.00246804,460000,2.2564354,2000.0,0.1834097,230,379.92,0.000146484375,0.06433522701263428,1e-05,2290,-0.019293415074935184,0.2,2.2197288e-05,-8.10856930911541e-05,2.3124356269836426,5.840337079018354
18.176842,0.18511325,0.054795347,4595,100,0.0029188094,462000,2.6316407,2000.0,0.1870126,231,379.79,0.000341796875,0.03585726022720337,1e-05,2300,-0.020063309368561023,0.2,1.3018987e-05,-1.429861003998667e-05,1.6637325286865234,4.883525586873293
18.33666,0.22074783,0.08242679,4615,100,0.0028551808,464000,2.5086296,2000.0,0.17774737,232,380.73,0.001513671875,0.16310298442840576,1e-05,2310,-0.020168045471655204,0.2,0.00010113773,-0.0001579754170961678,8.709760665893555,5.8080814249813555
18.298262,0.16871485,0.09444865,4635,100,0.0022856647,466000,2.5796087,2000.0,0.18511687,233,381.25,0.0013671875,0.07459008693695068,1e-05,2320,-0.022428847383707762,0.2,3.8353755e-05,-0.0002813010782119818,1.6621617078781128,5.6910657323896885
18.55582,0.18745631,0.104137614,4655,100,0.002284686,468000,2.4924412,2000.0,0.17884387,234,381.59,0.00185546875,0.18417507410049438,1e-05,2330,-0.024997225773404352,0.2,6.658814e-05,-0.0002239179244497791,0.7355577945709229,5.334341274574399
18.244226,0.21484722,0.09091028,4675,100,0.004047776,470000,2.4910493,2000.0,0.174945,235,381.11,0.00322265625,0.1724877953529358,1e-05,2340,-0.020507019542856143,0.2,0.00011058635,-0.0003631565734394826,2.094780445098877,5.07605032324791
18.337986,0.13932456,0.09273926,4694,100,0.0028561086,472000,2.5847664,2000.0,0.18506543,236,381.89,0.000146484375,0.17717498540878296,1e-05,2350,-0.016942922890302727,0.2,4.9771537e-05,-0.00011177248961757869,8.695277214050293,5.088548646867276
18.553185,0.09300284,0.057919014,4714,100,0.001570889,474000,2.6687536,2000.0,0.18918924,237,382.29,0.0001953125,0.15682214498519897,1e-05,2360,-0.018208724611031357,0.2,2.8904964e-05,-0.00011912958216271363,2.7063095569610596,5.600695176422596
18.867891,0.15397978,0.086352296,4734,100,0.0021418468,476000,2.7311215,2000.0,0.18340524,238,381.57,0.00087890625,0.20124417543411255,1e-05,2370,-0.015886635854258202,0.2,5.0840725e-05,-0.00038797133311163634,2.6576967239379883,5.66216350197792
18.94939,0.23995063,0.086166814,4754,100,0.0025008766,478000,2.3852274,2000.0,0.18262726,239,381.46,0.000244140625,0.20045959949493408,1e-05,2380,-0.01578271125908941,0.2,2.7320959e-05,-3.224796673748642e-05,1.5272351503372192,5.969126654416323
18.218449,0.17003572,0.09351057,4773,100,0.0028984009,480000,2.3482187,2000.0,0.1720197,240,380.77,0.00302734375,0.20457720756530762,1e-05,2390,-0.016085589161957615,0.2,0.00021199972,-0.0004648382411687635,5.218327045440674,4.491853084415197
17.666862,0.079358906,0.073305205,4793,100,0.0014273789,482000,2.4314919,2000.0,0.19014199,241,380.28,0.00029296875,0.024815678596496582,1e-05,2400,-0.016064191126497464,0.2,2.7176196e-05,-8.653841796331107e-05,2.0226852893829346,5.262087910622358
18.116676,0.15841971,0.0910189,4813,100,0.0024266534,484000,2.8082395,2000.0,0.17921919,242,380.7,9.765625e-05,0.10052156448364258,1e-05,2410,-0.016649370567756706,0.2,1.09955145e-05,-1.3474342995323241e-05,1.8456469774246216,5.251157328486443
18.288462,0.20198065,0.06570187,4833,100,0.0024802021,486000,2.7197006,2000.0,0.18371779,243,380.76,0.001904296875,0.2510049343109131,1e-05,2420,-0.014991406898479909,0.2,0.00022407513,-0.0001322179043199867,1.0408976078033447,5.644774875789881
18.203094,0.2355748,0.050833967,4852,100,0.0038511194,488000,2.4324439,2000.0,0.17609657,244,380.43,4.8828125e-05,0.1906200647354126,1e-05,2430,-0.01599784435820766,0.2,4.2478758e-05,-1.6040471382439137e-05,3.096128463745117,5.870951469615102
18.023386,0.18943675,0.1150872,4872,100,0.0025704142,490000,2.5115583,2000.0,0.1752188,245,378.9,0.00107421875,0.13981479406356812,1e-05,2440,-0.018032779233180918,0.2,0.0001353971,-9.08125177375041e-05,2.4574451446533203,5.064488971605897
17.592337,0.15207988,0.08401423,4892,100,0.0023205539,492000,2.429736,2000.0,0.18328884,246,378.66,0.00107421875,0.05559772253036499,1e-05,2450,-0.019830482298857532,0.2,0.00012021142,-0.00027322779642418026,0.8647879958152771,5.760050510987639
17.863148,0.16662182,0.082742885,4911,100,0.0024281617,494000,2.1994693,2000.0,0.1880701,247,378.23,4.8828125e-05,0.10486286878585815,1e-05,2460,-0.01854280348052271,0.2,1.4784717e-05,-4.6757890959270296e-05,1.3539059162139893,5.225809451192617
17.950407,0.19598763,0.07256377,4931,100,0.002436487,496000,2.417779,2000.0,0.18673584,248,378.88,0.00263671875,-0.027804851531982422,1e-05,2470,-0.018147307724575512,0.2,0.00021130405,-0.00018736269848886877,1.6766432523727417,4.831309838220477
17.727419,0.18620084,0.09117234,4951,100,0.0024759953,498000,2.6664102,2000.0,0.1773449,249,377.55,0.001904296875,0.12828302383422852,1e-05,2480,-0.01832861666625831,0.2,0.000103212486,-0.00022796988778281957,2.1833109855651855,5.038612691685557
18.17379,0.1614664,0.06627366,4971,100,0.0017732066,500000,2.4041736,2000.0,0.1857428,250,378.05,0.00048828125,0.12280803918838501,1e-05,2490,-0.019730544005869887,0.2,2.214461e-05,-6.9722984335385265e-06,2.5118110179901123,6.21750600039959
18.280642,0.1541182,0.081614435,4990,100,0.002294746,502000,2.4464273,2000.0,0.17497496,251,378.11,0.0001953125,0.10649734735488892,1e-05,2500,-0.01958896805590484,0.2,4.181909e-05,-2.9742490733042358e-05,1.2287410497665405,5.155324636399746
18.370378,0.22604047,0.09100399,5010,100,0.0021423802,504000,2.4966257,2000.0,0.18086527,252,377.71,0.000537109375,0.14563298225402832,1e-05,2510,-0.019656442650011742,0.2,5.344092e-05,-0.00023125918523874133,9.905882835388184,5.062018402665854
17.500265,0.07187016,0.07823367,5030,100,0.002445076,506000,2.4066632,2000.0,0.18339506,253,377.43,0.0017578125,0.018102526664733887,1e-05,2520,-0.020652159038581884,0.2,9.146519e-05,-0.00026865686668315903,1.9998383522033691,5.961762755364179
17.200089,0.14083496,0.056899104,5050,100,0.0040175053,508000,2.2949176,2000.0,0.17636587,254,377.03,0.000537109375,0.05814921855926514,1e-05,2530,-0.01986666153825354,0.2,1.7045735e-05,-0.00017719807219691576,1.6650364398956299,5.419519765302539
16.98473,0.1019246,0.06600809,5071,100,0.0029249513,510000,2.5132952,2000.0,0.18875343,255,377.19,0.00107421875,0.08804041147232056,1e-05,2540,-0.01964350470516365,0.2,0.00012798642,-0.00027213528228458016,1.1922049522399902,4.760833441466093
17.140167,0.12759608,0.075051434,5090,100,0.0022469107,512000,2.5432248,2000.0,0.17388248,256,376.59,0.0013671875,0.1748766303062439,1e-05,2550,-0.017484395764768124,0.2,5.1940617e-05,-0.0001510970207164064,0.565910279750824,5.1046901229768995
17.052721,0.11076504,0.0617842,5110,100,0.0025070417,514000,2.5173197,2000.0,0.1853422,257,376.45,0.00029296875,0.07443499565124512,1e-05,2560,-0.01624276509974152,0.2,3.6881305e-05,-0.00010172679176321254,2.683457374572754,5.9078169513493775
17.113297,0.20581873,0.07089461,5130,100,0.0044280547,516000,2.3491244,2000.0,0.1730117,258,375.82,0.0021484375,0.14108341932296753,1e-05,2570,-0.01619945189158898,0.2,0.00010534059,-0.0004183142737019807,1.2995647192001343,5.28433585613966
17.040674,0.17399417,0.08069573,5149,100,0.0028571,518000,2.3083282,2000.0,0.18775608,259,376.32,0.00107421875,0.04170382022857666,1e-05,2580,-0.016305988977546804,0.2,6.0585036e-05,-0.0001522258186014369,1.8361878395080566,5.1930363669991495
16.939077,0.110720046,0.07402535,5169,100,0.0034036222,520000,2.4426827,2000.0,0.16804771,260,375.89,0.0,0.13985377550125122,1e-05,2590,-0.016609552066074684,0.2,7.191178e-06,5.8086588978767395e-06,1.5893394947052002,4.563337284326553
17.466715,0.21228276,0.12953116,5189,100,0.0017133035,522000,2.4597924,2000.0,0.18629433,261,376.47,0.000634765625,0.06462538242340088,1e-05,2600,-0.01575749856128823,0.2,2.3808883e-05,-0.0001487224202719517,3.273000717163086,5.553518951684237
17.84241,0.28029078,0.10394341,5209,100,0.0032672144,524000,2.397371,2000.0,0.18149537,262,376.82,0.000390625,0.10544240474700928,1e-05,2610,-0.018408208811888472,0.2,1.7899816e-05,-9.176946914521978e-05,2.73614239692688,5.332776553183794
18.063444,0.1727782,0.077974774,5228,100,0.0017873202,526000,2.7237415,2000.0,0.1915839,263,377.81,0.001513671875,0.07760322093963623,1e-05,2620,-0.01904770362598356,0.2,7.1427e-05,-0.0002714275906328112,1.814810872077942,5.256054744869471
18.084362,0.14969294,0.09537682,5248,100,0.002886271,528000,2.2828739,2000.0,0.17661864,264,377.77,0.00146484375,0.11040240526199341,1e-05,2630,-0.019567183632170783,0.2,0.00021907297,-0.00016702719731256365,3.4653193950653076,6.61280702650547
18.421087,0.25940147,0.06648042,5268,100,0.002550618,530000,2.677137,2000.0,0.18065475,265,378.52,0.0021484375,0.09896332025527954,1e-05,2640,-0.025985205787583253,0.2,0.00014536548,-0.0001711805904051289,3.1056275367736816,4.643552462011575
18.573294,0.21653862,0.11034561,5288,100,0.0023769834,532000,2.6609373,2000.0,0.18703927,266,379.3,0.000830078125,0.0068749189376831055,1e-05,2650,-0.021642254354082978,0.2,7.69945e-05,-0.00018476207042112948,3.4263956546783447,7.010510466247797
18.33134,0.13517389,0.08001265,5308,100,0.0021428068,534000,2.6004725,2000.0,0.18368737,267,379.12,0.00048828125,0.17518842220306396,1e-05,2660,-0.0206325737060979,0.2,7.028456e-05,-0.00011046017170883715,3.6319754123687744,5.581127853691578
18.59093,0.21899024,0.06575567,5327,100,0.0018319464,536000,2.3923085,2000.0,0.18779363,268,379.64,0.0015625,0.13264167308807373,1e-05,2670,-0.020007046438695397,0.2,0.00012248245,-0.0002181454299716279,2.481844663619995,5.737593553960323
18.46512,0.14947426,0.0980001,5347,100,0.0033252914,538000,2.0750034,2000.0,0.17437755,269,378.52,0.00126953125,0.14500808715820312,1e-05,2680,-0.01678497164102737,0.2,8.463822e-05,-0.00021619332546833902,7.18392276763916,4.9410118326544765
17.957773,0.21567674,0.08632878,5367,100,0.0035270657,540000,2.6343212,2000.0,0.17572556,270,378.26,0.000830078125,0.021716654300689697,1e-05,2690,-0.015588411837234162,0.2,6.31056e-05,-6.113317795097828e-05,0.8900095224380493,4.075373871996999
18.089146,0.13179627,0.07018875,5386,100,0.0032860246,542000,2.4726818,2000.0,0.18750562,271,379.22,0.00244140625,0.17244571447372437,1e-05,2700,-0.015429258023505098,0.2,8.6913846e-05,-0.00027334896731190383,1.143592357635498,5.694004023075104
18.360949,0.1535018,0.07681514,5406,100,0.0028607291,544000,2.6979516,2000.0,0.19195515,272,379.73,0.000537109375,0.14532333612442017,1e-05,2710,-0.013811809016624465,0.2,6.759964e-05,-0.00012258404167369007,1.3230805397033691,5.161666449904442
18.371214,0.24891582,0.10315084,5426,100,0.0050507747,546000,2.1731684,2000.0,0.17651856,273,379.12,0.002197265625,0.24315857887268066,1e-05,2720,-0.013702289431239478,0.2,6.545879e-05,-0.00018135741993319243,1.848365306854248,5.40273315012455
17.749588,0.10853566,0.072228484,5446,100,0.0027332979,548000,2.547346,2000.0,0.18162164,274,379.09,0.00078125,0.045320749282836914,1e-05,2730,-0.01587846108013764,0.2,0.00028166414,-0.0003498629434034228,1.29497492313385,4.433848964422941
18.004845,0.14991744,0.080178075,5465,100,0.002428529,550000,2.4582617,2000.0,0.1749465,275,379.41,0.00078125,0.18715471029281616,1e-05,2740,-0.020250961321289652,0.2,0.00022591508,-0.00017296351725235582,2.245173454284668,5.23053005412221
18.05763,0.10766875,0.053468026,5485,100,0.0019971959,552000,2.6739,2000.0,0.18626343,276,379.58,0.000244140625,0.0798414945602417,1e-05,2750,-0.02178260905784555,0.2,1.0040734e-05,-5.802637169836089e-05,3.2883026599884033,5.440429814532399
18.02755,0.19047824,0.073288664,5505,100,0.003795662,554000,2.403409,2000.0,0.17289248,277,379.67,0.003271484375,0.14780443906784058,1e-05,2760,-0.01978039040986914,0.2,0.00016666748,-0.0004147408559219912,3.2402453422546387,6.034201217442751
18.010363,0.16110267,0.06664739,5525,100,0.0027221413,556000,2.6146157,2000.0,0.18240276,278,379.08,0.0,0.031340956687927246,1e-05,2770,-0.021828301111236216,0.2,3.8522412e-05,-7.034274749457836e-05,2.0503134727478027,5.556573338061571
18.053684,0.21198179,0.078542076,5544,100,0.0034209841,558000,2.7146404,2000.0,0.18900007,279,379.27,0.00078125,0.19057971239089966,1e-05,2780,-0.01950827529653907,0.2,5.3081923e-05,-0.00010621258697938175,3.003615617752075,5.416158042103052
18.0525,0.20714346,0.1275513,5564,100,0.0037007232,560000,2.4900203,2000.0,0.17185298,280,378.79,0.001904296875,0.18931400775909424,1e-05,2790,-0.018292894680052997,0.2,0.00012586726,-0.0002414325892459601,2.5296919345855713,5.851984887570143
18.005177,0.19033341,0.090289205,5584,100,0.0032847205,562000,2.649518,2000.0,0.1773824,281,378.82,0.001220703125,0.1348831057548523,1e-05,2800,-0.01763247243943624,0.2,7.951373e-05,-0.00010483916557859629,2.359557628631592,5.2338568829
18.30909,0.27401564,0.093518026,5604,100,0.0035374023,564000,2.5631764,2000.0,0.18474682,282,379.14,0.001318359375,0.1922224760055542,1e-05,2810,-0.017233466208563187,0.2,5.741205e-05,-0.00021249605488264932,1.4346630573272705,5.659989920258522
18.207273,0.18503945,0.08993758,5623,100,0.0025894693,566000,2.5626144,2000.0,0.1830803,283,378.9,0.001708984375,0.14496994018554688,1e-05,2820,-0.018215030673309228,0.2,0.00013189265,-0.00025523440417600795,1.3450126647949219,5.671073656529188
18.162575,0.13168155,0.08545094,5643,100,0.0015174372,568000,2.6292837,2000.0,0.17660911,284,378.92,0.0,0.11849510669708252,1e-05,2830,-0.017745122816995716,0.2,4.2336324e-05,-8.824039832688868e-06,1.9791088104248047,5.719429191201925
18.28375,0.19182499,0.100847706,5663,100,0.0019986618,570000,2.6278083,2000.0,0.18292755,285,379.54,0.001708984375,0.19806599617004395,1e-05,2840,-0.018898056983016432,0.2,3.6793936e-05,-6.956593642826192e-05,1.187678337097168,5.463153999298811
18.438932,0.11979411,0.09728772,5683,100,0.0025684463,572000,2.5994928,2000.0,0.1820471,286,379.53,0.0001953125,0.2678673267364502,1e-05,2850,-0.01992077267204877,0.2,1.4234625e-05,-2.2653970518149436e-05,1.7721625566482544,5.017713912576437
18.446188,0.10495145,0.08194066,5703,100,0.0039581293,574000,2.8968155,2000.0,0.1828841,287,379.82,0.000634765625,0.1754283308982849,1e-05,2860,-0.02055874138022773,0.2,4.2592932e-05,-0.00015634422888979315,1.9204676151275635,5.502789602428675
18.750523,0.1653049,0.071203336,5722,100,0.003527285,576000,2.7087667,2000.0,0.18099676,288,380.05,0.000341796875,0.30291247367858887,1e-05,2870,-0.018777114344993608,0.2,3.810809e-05,-1.724227622617036e-05,2.054586887359619,5.765913607925176
18.635872,0.18257126,0.072802976,5742,100,0.0024729422,578000,3.0386684,2000.0,0.17650215,289,379.8,0.00107421875,0.28495925664901733,1e-05,2880,-0.017979860166087748,0.2,5.61153e-05,-0.0002020376778091304,2.4449656009674072,5.156127170100808
17.920156,0.15626235,0.08126697,5762,100,0.002799984,580000,2.4826384,2000.0,0.17935786,290,379.09,0.00087890625,0.30488163232803345,1e-05,2890,-0.018384282104671003,0.2,4.5884837e-05,-0.000176732889667619,2.6768946647644043,6.235320795327425
17.893593,0.21703257,0.09606355,5782,100,0.002583221,582000,2.3593357,2000.0,0.17501597,291,379.8,0.001318359375,0.15505701303482056,1e-05,2900,-0.020583060383796693,0.2,0.0002870764,-8.063627174124122e-05,1.9802298545837402,5.018131977319717
18.016418,0.16077726,0.10922503,5801,100,0.0025708906,584000,2.4921114,2000.0,0.18597126,292,380.76,0.00146484375,0.1837865114212036,1e-05,2910,-0.02040216931782197,0.2,6.1206374e-05,-0.00022533516312250867,1.8548885583877563,4.541319824010134
18.145557,0.19040275,0.09144548,5821,100,0.0033227382,586000,2.575736,2000.0,0.17453295,293,380.8,0.00068359375,0.20491981506347656,1e-05,2920,-0.02023052221920807,0.2,8.700328e-06,-5.464849818963558e-05,3.749058723449707,4.9259740196168424
18.412542,0.101858996,0.06446863,5841,100,0.0022607865,588000,3.0815797,2000.0,0.1761585,294,382.08,0.000390625,0.17919403314590454,1e-05,2930,-0.02231462589406874,0.2,4.1453924e-05,-0.00023054401972331107,1.7927416563034058,5.41662301979959
18.436895,0.0929002,0.067005835,5860,100,0.0024285289,590000,2.6959848,2000.0,0.17982832,295,381.75,0.00390625,0.3195822238922119,1e-05,2940,-0.022660813643597066,0.2,0.0002890986,-0.0005393166531575844,4.929145336151123,6.416777535527944
18.382294,0.08544849,0.054646946,5880,100,0.0012856789,592000,2.6355162,2000.0,0.17945969,296,380.73,0.002685546875,0.2448052167892456,1e-05,2950,-0.021257702526054346,0.2,0.00015261956,-0.00037488469388335943,7.550758361816406,5.488030436635017
18.594276,0.2980753,0.06915741,5900,100,0.0035485553,594000,2.4596689,2000.0,0.18272644,297,381.01,0.000537109375,0.27215641736984253,1e-05,2960,-0.01997926918847952,0.2,6.0784805e-05,-9.566028747940437e-05,2.283029079437256,5.000512004643679
18.181982,0.15839852,0.07816186,5920,100,0.002318503,596000,2.5333219,2000.0,0.18913779,298,381.58,0.000830078125,0.2320234179496765,1e-05,2970,-0.022286589827854187,0.2,7.5758435e-05,-0.00024971605889732016,5.1324663162231445,4.642378612980247
18.47568,0.24760605,0.10478485,5939,100,0.003634082,598000,2.5635166,2000.0,0.18469262,299,381.61,0.0005859375,0.2405039668083191,1e-05,2980,-0.023098415869753808,0.2,3.0028925e-05,-6.158311734907329e-05,1.5104825496673584,4.763958196341991
17.936346,0.13444412,0.073256016,5959,100,0.003443035,600000,2.610772,2000.0,0.18046239,300,381.8,0.0009765625,0.23689419031143188,1e-05,2990,-0.023055054037831722,0.2,4.5673165e-05,-0.00010746310872491449,2.1424694061279297,4.904225141555071
18.20907,0.21653283,0.08527293,5979,100,0.002428062,602000,2.639989,2000.0,0.18715622,301,382.62,0.003515625,0.24069637060165405,1e-05,3000,-0.02345478996867314,0.2,9.052068e-05,-0.0003312490967800841,1.815322995185852,5.082708937674761
18.614925,0.22577578,0.11887383,5998,100,0.0022833606,604000,2.5038457,2000.0,0.18727267,302,383.83,0.00107421875,0.21657228469848633,1e-05,3010,-0.022928410698659717,0.2,0.00012694267,-0.00012187367537990213,9.785555839538574,5.466551673412323
18.943346,0.22347325,0.07943446,6018,100,0.0033235168,606000,2.8316803,2000.0,0.1833242,303,383.95,0.00146484375,0.09835469722747803,1e-05,3020,-0.02277061647037044,0.2,7.798444e-05,-0.00014808818232268096,5.586319923400879,5.638753925263882
18.733036,0.210082,0.093763955,6038,100,0.0025055541,608000,2.7472908,2000.0,0.18342969,304,383.75,0.0009765625,0.25035685300827026,1e-05,3030,-0.024107621429720894,0.2,5.9969636e-05,-0.000133755526621826,1.1717908382415771,5.913190158456564
18.361153,0.2156166,0.09036467,6058,100,0.0027173434,610000,2.800095,2000.0,0.18274339,305,383.19,0.00146484375,0.23757880926132202,1e-05,3040,-0.025070899876300245,0.2,9.651878e-05,-0.00011016305943485349,2.094897508621216,5.674577625095845
18.56373,0.14810194,0.07492369,6077,100,0.0020184445,612000,3.1202805,2000.0,0.18260908,306,382.17,0.00224609375,0.36984091997146606,1e-05,3050,-0.022650185989914463,0.2,8.093595e-05,-0.0002225852251285687,1.417716145515442,4.907066422700882
18.666965,0.17911685,0.075839885,6097,100,0.0027133436,614000,2.4895456,2000.0,0.17111862,307,381.68,0.001416015625,0.32981157302856445,1e-05,3060,-0.023774605584912935,0.2,8.488298e-05,-0.00015814521175343542,2.4235873222351074,6.476131191104651
18.222692,0.2262282,0.10118994,6117,100,0.0028570932,616000,2.75273,2000.0,0.17559049,308,381.86,0.000634765625,0.2220119833946228,1e-05,3070,-0.023523098550504072,0.2,3.934675e-05,-0.0001359312533168122,1.4174444675445557,4.760998789966107
18.14851,0.2646433,0.0730278,6137,100,0.0027124723,618000,2.6857133,2000.0,0.17605817,309,382.24,0.001318359375,0.19300931692123413,1e-05,3080,-0.02379622933221981,0.2,8.957213e-05,-0.00010656135564204305,3.2051050662994385,6.090431421250105
17.80151,0.23500592,0.095190786,6157,100,0.003029834,620000,2.6628978,2000.0,0.16910496,310,380.54,0.00126953125,0.31184685230255127,1e-05,3090,-0.022252814096282235,0.2,0.00013279007,-0.00043411533115431664,1.1694986820220947,4.812055671960115
17.472162,0.15045698,0.08103449,6176,100,0.0024276252,622000,2.5398548,2000.0,0.18402968,311,380.0,0.00068359375,0.15570849180221558,1e-05,3100,-0.02184475420508534,0.2,0.0001254135,-0.00024293258611578493,1.931545376777649,5.949652691185475
17.580015,0.18909249,0.08845687,6196,100,0.0030181494,624000,2.8963203,2000.0,0.17268035,312,379.94,0.00068359375,0.19978344440460205,1e-05,3110,-0.020917403139173986,0.2,3.5843725e-05,-0.0001328402344370261,2.3680419921875,5.018585500866175
17.214012,0.13505994,0.08091774,6216,100,0.0031124111,626000,2.4555843,2000.0,0.17601803,313,379.15,0.000244140625,0.2674301862716675,1e-05,3120,-0.019751331864972597,0.2,8.092774e-05,-3.91859415685758e-05,2.3644773960113525,6.037767070159316
17.25292,0.20360634,0.07418225,6235,100,0.0022697265,628000,2.5430865,2000.0,0.18712844,314,378.94,0.00029296875,0.21458345651626587,1e-05,3130,-0.019789904844947158,0.2,1.975667e-05,-0.00011394792090868577,1.7612409591674805,4.691236587613821
17.854242,0.138375,0.09941044,6255,100,0.0009990901,630000,2.638044,2000.0,0.18757184,315,380.38,0.001220703125,0.23083513975143433,1e-05,3140,-0.01956498629588168,0.2,6.202774e-05,-0.00011496959923533723,1.3964797258377075,4.939339866861701
18.719128,0.24388403,0.06513932,6275,100,0.0027591996,632000,2.6876702,2000.0,0.18823096,316,381.51,0.001953125,0.22173243761062622,1e-05,3150,-0.019677262206096204,0.2,5.6581048e-05,-0.00015260261279763653,3.1325628757476807,5.331052063405513
18.72699,0.2538925,0.09211129,6295,100,0.0034016161,634000,2.723953,2000.0,0.17948921,317,381.6,0.0001953125,0.22428488731384277,1e-05,3160,-0.01834963604051154,0.2,3.779275e-05,-0.00013907144893892108,2.0007660388946533,5.5649568464607
18.189377,0.18490674,0.08038881,6314,100,0.003079568,636000,2.6640851,2000.0,0.17985696,318,381.34,0.000634765625,0.22877895832061768,1e-05,3170,-0.018814858866971918,0.2,4.9582857e-05,-7.031203858787194e-05,1.3296468257904053,5.671206176653504
18.278156,0.20693107,0.08803646,6334,100,0.0021418608,638000,2.6505854,2000.0,0.18021701,319,381.29,4.8828125e-05,0.19602173566818237,1e-05,3180,-0.01770722942892462,0.2,4.9918046e-05,-9.58803721005097e-05,1.511765480041504,5.572903570532799
18.697697,0.20425488,0.065381296,6354,100,0.0023579556,640000,2.6090431,2000.0,0.18267146,320,382.24,0.000732421875,0.3735682964324951,1e-05,3190,-0.014883205262594856,0.2,2.5883346e-05,-0.00024212969292420895,1.9913899898529053,4.353781240433454
18.532265,0.27503228,0.080726475,6374,100,0.0034275444,642000,2.5713377,2000.0,0.18245329,321,380.4,0.000341796875,0.3071919083595276,1e-05,3200,-0.014353059000859503,0.2,3.7752267e-05,-0.00013585833075921983,1.8725919723510742,4.621705646812916
17.958921,0.08014516,0.07189438,6393,100,0.0029006905,644000,2.542151,2000.0,0.18290344,322,379.99,0.00166015625,0.22190260887145996,1e-05,3210,-0.015392612986033782,0.2,0.00018290163,-0.0002015236474107951,1.1358319520950317,5.105738864839077
18.1524,0.15372406,0.060523387,6413,100,0.0031065182,646000,2.5532315,2000.0,0.18154095,323,378.85,0.00078125,0.2379310131072998,1e-05,3220,-0.014971635432448237,0.2,4.743741e-05,-0.00022045696096029133,1.3561503887176514,4.8037125170230865
17.68543,0.14146616,0.085845284,6433,100,0.0025395341,648000,2.4431183,2000.0,0.17738928,324,378.9,0.001318359375,0.22869879007339478,1e-05,3230,-0.017890507320407777,0.2,5.371761e-05,-0.0002488765079760924,1.6543548107147217,4.97541731223464
18.166656,0.26168835,0.09667859,6452,100,0.0039418284,650000,2.5580606,2000.0,0.18612501,325,379.68,0.00078125,0.29308396577835083,1e-05,3240,-0.014196320757037029,0.2,7.6125376e-05,-0.0002186923346016556,1.5431230068206787,4.160700173303485
18.311743,0.20929359,0.07425489,6472,100,0.0023986185,652000,2.7514226,2000.0,0.17658155,326,380.38,0.001123046875,0.24225467443466187,1e-05,3250,-0.013307017386250664,0.2,3.9370905e-05,-0.00017411191220162436,1.5306395292282104,4.895027102530003
18.271671,0.25914332,0.06423324,6492,100,0.0028555815,654000,2.3336887,2000.0,0.16936317,327,379.82,0.000927734375,0.1509832739830017,1e-05,3260,-0.01676847068592906,0.2,9.563242e-05,-0.0002456259040627629,2.0071136951446533,6.227942778915167
17.643143,0.14703615,0.07721521,6511,100,0.0032030847,656000,2.4314167,2000.0,0.17811884,328,379.45,0.000146484375,0.08409905433654785,1e-05,3270,-0.018616391687828582,0.2,1.2311852e-05,-1.3351975940167905e-05,1.896971344947815,4.915013936907053
17.190315,0.21826755,0.0885828,6531,100,0.0043162503,658000,2.4591618,2000.0,0.18245472,329,379.0,0.001318359375,0.16562271118164062,1e-05,3280,-0.020310799055732787,0.2,2.4621113e-05,-0.00013005602813791483,1.5673645734786987,4.846386343240738
16.946058,0.25644737,0.07612328,6551,100,0.0040978556,660000,2.36177,2000.0,0.19159657,330,378.6,0.002392578125,0.12821048498153687,1e-05,3290,-0.018045290707959794,0.2,7.288417e-05,-0.0004945813125232235,1.8088574409484863,5.210211679339409
17.412548,0.1862933,0.07530088,6571,100,0.002345566,662000,2.4821177,2000.0,0.18118867,331,378.85,0.00185546875,0.14522784948349,1e-05,3300,-0.01530446959368419,0.2,8.748783e-05,-0.00026671342639019715,1.3541544675827026,4.698442043364048
17.13171,0.16334674,0.099591844,6590,100,0.0027142477,664000,2.5244508,2000.0,0.17987272,332,378.17,0.000390625,0.07370954751968384,1e-05,3310,-0.015200417290907353,0.2,2.6807626e-05,-6.986381631577388e-05,2.1535227298736572,5.649845929443837
16.844534,0.15670913,0.06446796,6610,100,0.003669801,666000,2.5327582,2000.0,0.1831784,333,377.65,0.000390625,0.16073930263519287,1e-05,3320,-0.015637761165271512,0.2,2.094789e-05,-0.0001232327806064859,2.308779001235962,5.314050068706274
17.024187,0.1848342,0.1132122,6630,100,0.001712797,668000,2.4857438,2000.0,0.18291868,334,377.41,0.001025390625,0.18533188104629517,1e-05,3330,-0.013606801821151749,0.2,8.904087e-05,-8.51612348924391e-05,3.79848575592041,5.254495538026094
17.237234,0.13686411,0.083038695,6650,100,0.0023528521,670000,2.6160178,2000.0,0.18495949,335,378.03,0.0001953125,0.17169898748397827,1e-05,3340,-0.012983969082415569,0.2,2.110569e-05,-2.570229407865554e-05,2.1949567794799805,5.137840891629457
17.672266,0.24508314,0.071335465,6669,100,0.003842105,672000,2.465248,2000.0,0.18150975,336,377.86,0.000537109375,0.2294507622718811,1e-05,3350,-0.014768805776839145,0.2,3.274606e-05,-0.00011972683423664421,1.1801666021347046,5.115818237513304
17.630192,0.12333149,0.08467033,6689,100,0.0017134502,674000,2.725977,2000.0,0.17757647,337,377.07,0.0,0.18998104333877563,1e-05,3360,-0.014229613245697692,0.2,2.5854446e-05,-9.271976596210152e-05,1.3756340742111206,4.862322718277573
17.568628,0.22491068,0.057833318,6709,100,0.0036152336,676000,2.5131192,2000.0,0.1810274,338,376.66,0.00087890625,0.14370542764663696,1e-05,3370,-0.015624749852577224,0.2,0.00014494656,-9.928124345606192e-05,0.8155630826950073,6.25853972248733
17.865875,0.2084415,0.083898865,6728,100,0.0029329623,678000,2.8661368,2000.0,0.18366303,339,377.51,0.000341796875,0.34052062034606934,1e-05,3380,-0.014227182370086666,0.2,4.0028448e-05,-8.145662286551669e-05,0.6444941759109497,4.13446920439601
18.508316,0.15095232,0.08705695,6748,100,0.0038425562,680000,2.6581528,2000.0,0.1806385,340,378.73,0.000537109375,0.2536906599998474,1e-05,3390,-0.011770782223902643,0.2,5.275503e-05,-0.00022902841301402076,7.960796356201172,6.1933704420924185
18.148798,0.282802,0.0827942,6768,100,0.004176313,682000,2.7303405,2000.0,0.17735915,341,378.42,0.000146484375,0.24859976768493652,1e-05,3400,-0.011598109707119875,0.2,1.7147802e-05,-1.9241632253397255e-05,1.347529411315918,5.220574390143156
17.888273,0.06970788,0.0723469,6788,100,0.0016157643,684000,2.8559394,2000.0,0.18817137,342,378.14,0.001513671875,0.23560011386871338,1e-05,3410,-0.01499481379869394,0.2,8.3661056e-05,-0.00019385424675419927,1.7723032236099243,5.658484588190913
17.74215,0.22996229,0.07080778,6808,100,0.0045044227,686000,2.7491505,2000.0,0.174797,343,376.98,0.0001953125,0.4422702193260193,1e-05,3420,-0.012428474839543924,0.2,3.6792277e-05,-2.0572102221194656e-05,0.9761463403701782,4.420026125013829
17.178394,0.17605746,0.069182344,6827,100,0.0022548034,688000,2.642636,2000.0,0.17914598,344,376.82,0.0,0.2012176513671875,1e-05,3430,-0.013323111408681143,0.2,1.0868651e-05,-2.450039755785838e-06,1.618778944015503,6.002892097830772
17.417511,0.19965288,0.07156946,6847,100,0.0028561768,690000,2.77983,2000.0,0.17370488,345,377.59,0.00244140625,0.23178237676620483,1e-05,3440,-0.012401800703082699,0.2,0.000608186,-0.0004662984705646522,4.482524871826172,5.272677052021026
17.726267,0.21196045,0.07417133,6867,100,0.0023622545,692000,2.9818914,2000.0,0.18532933,346,378.16,0.00068359375,0.27569717168807983,1e-05,3450,-0.012508993083611131,0.2,2.8994022e-05,-8.769095729803667e-05,7.981539726257324,5.5558895759284495
18.19676,0.26923847,0.08768785,6886,100,0.0035347366,694000,2.5382822,2000.0,0.1788104,347,378.19,0.0001953125,0.23040956258773804,1e-05,3460,-0.013651547083281913,0.2,2.6749825e-05,-2.712016284931451e-05,9.999308586120605,6.797926300764084
17.956055,0.18635733,0.09940319,6906,100,0.0019989703,696000,2.6153634,2000.0,0.1726656,348,378.02,0.00048828125,0.24480938911437988,1e-05,3470,-0.014628977020038292,0.2,4.8829766e-05,-0.00013021036575082688,1.4312944412231445,4.793069937080145
18.238914,0.27065834,0.11126444,6926,100,0.0015708909,698000,2.4886165,2000.0,0.18283287,349,378.46,9.765625e-05,0.24223893880844116,1e-05,3480,-0.016052356465661433,0.2,1.450241e-05,-5.122619913890958e-05,5.378002643585205,5.1213377885520455
17.773989,0.24863373,0.09482607,6946,100,0.004685899,700000,2.298131,2000.0,0.17392161,350,376.87,0.0005859375,0.11344993114471436,1e-05,3490,-0.01506757048482541,0.2,5.7323225e-05,-9.391471539856865e-05,1.727683663368225,5.303998848050833
