short_mean,time/total_timesteps,short_std,return_mean,time/iterations,return_std,long_std,rollout/ep_rew_mean,time/time_elapsed,time/fps,rollout/ep_len_mean,long_mean,train/clip_fraction,train/loss,train/n_updates,train/entropy_loss,train/clip_range,train/explained_variance,train/learning_rate,train/approx_kl,train/policy_gradient_loss,train/value_loss
0.2769988,2048,0.2683703,0.833426,1,0.4914927,2.0126357,2.3897058799999997,36,56,20.0,-0.3858035,,,,,,,,,,
0.3045247,4096,0.28380135,0.93386537,2,0.5656915,1.9819367,2.24823529,68,59,20.0,-0.35823798,0.0001953125,0.03031199425458908,10,-3.5547768115997314,0.2,-0.07238888740539551,1e-05,0.002305168,-0.0058121810972807,0.1592545735416934
0.23684818,6144,0.22431041,1.069066,3,0.6488771,1.9697624,2.5532353300000006,102,59,20.0,-0.38999885,0.004443359375,-0.0048179104924201965,20,-3.5489468298852445,0.2,0.5169981420040131,1e-05,0.0045752646,-0.005956377982511185,0.0912597429996822
0.24355002,8192,0.21376684,1.0772177,4,0.63873535,1.9364558,2.41470587,133,61,20.0,-0.38746288,0.018359375,0.02236894704401493,30,-3.532038427889347,0.2,0.6494307518005371,1e-05,0.008490978,-0.007776523384382017,0.09278612766647712
0.23935242,10240,0.23691995,1.0280445,5,0.649348,2.0025725,2.3555882799999996,165,61,20.0,-0.38300037,0.05029296875,0.060978569090366364,40,-3.501296205073595,0.2,0.7023690640926361,1e-05,0.010645172,-0.011665738592273555,0.08035588636994362
0.24823312,12288,0.24067414,1.1094968,6,0.6828681,2.0030203,2.50382354,197,62,20.0,-0.42369604,0.096875,0.03715353459119797,50,-3.447244334220886,0.2,0.7462516725063324,1e-05,0.011849448,-0.014260348505922593,0.08128158609615639
0.24681771,14336,0.20184603,1.0637783,7,0.66953796,1.9669969,2.4547058899999996,229,62,20.0,-0.38665697,0.092431640625,0.006539776921272278,60,-3.3835290290415285,0.2,0.7488844096660614,1e-05,0.013184471,-0.015975979180075227,0.08788860620697961
0.25094306,16384,0.198925,1.0503979,8,0.69103086,1.9910374,2.3711765299999996,260,62,20.0,-0.4260543,0.05908203125,0.039777010679244995,70,-3.3282938703894613,0.2,0.763375386595726,1e-05,0.011099606,-0.012773031994584017,0.0847508506209124
0.29570583,18432,0.22592857,1.1360543,9,0.71006656,2.058831,2.4999999999999996,291,63,20.0,-0.40481263,0.068798828125,0.0008967090398073196,80,-3.3153721265494824,0.2,0.7564741373062134,1e-05,0.01268859,-0.013587009510956705,0.0898495627916418
0.2936558,20480,0.22443976,1.1399882,10,0.7177941,1.9971703,2.59735295,322,63,20.0,-0.41123796,0.034912109375,0.01378725841641426,90,-3.2544704139232636,0.2,0.7773613929748535,1e-05,0.010757066,-0.009889291851141024,0.08622752233641222
0.31719053,22528,0.22392152,1.1524549,11,0.6847813,2.0260088,2.6238235399999996,354,63,20.0,-0.40919673,0.058642578125,-0.001567937433719635,100,-3.2160173051059244,0.2,0.8060868680477142,1e-05,0.010971064,-0.012505964763113298,0.07614377227728256
0.35535407,24576,0.24966845,1.1873976,12,0.6983227,2.0388665,2.6902941100000004,385,63,20.0,-0.39365304,0.05341796875,-0.011213509365916252,110,-3.180011833459139,0.2,0.8179388344287872,1e-05,0.010180604,-0.011693117485265248,0.062305290543008596
0.2853133,26624,0.22795554,1.1524373,13,0.711565,1.9293823,2.5802940900000007,417,63,20.0,-0.40930024,0.041650390625,-0.002492811530828476,120,-3.2212729930877684,0.2,0.8158948570489883,1e-05,0.010323681,-0.008998243443784304,0.0680450074316468
0.27877873,28672,0.2241309,1.1854572,14,0.7280938,1.9188391,2.6770587999999993,449,63,20.0,-0.3999464,0.035986328125,0.01611381024122238,130,-3.174067224562168,0.2,0.8006708323955536,1e-05,0.010937665,-0.009683181159198284,0.0766227784275543
0.28229666,30720,0.22256508,1.1467725,15,0.7411623,1.9643838,2.62058824,480,63,20.0,-0.38319784,0.026513671875,0.038445986807346344,140,-3.1645962096750737,0.2,0.821248471736908,1e-05,0.009571113,-0.009499772090930492,0.072018542670412
0.28004616,32768,0.21681045,1.1449771,16,0.6970589,2.009352,2.6305881799999997,512,63,20.0,-0.40631646,0.0384765625,-0.02891053631901741,150,-3.1959991060197352,0.2,0.8136795461177826,1e-05,0.00975696,-0.009645205258857458,0.08009094372973777
0.29558593,34816,0.25077727,1.1347977,17,0.6852937,1.9742521,2.5747058199999997,544,63,20.0,-0.39110926,0.0216796875,0.006778104230761528,160,-3.2061153247952463,0.2,0.8015121519565582,1e-05,0.0058245827,-0.006548617075895891,0.06754344106884673
0.26323336,36864,0.19901033,1.1910663,18,0.7099804,1.8523334,2.6929411599999997,575,64,20.0,-0.37694713,0.023486328125,0.007754040881991386,170,-3.235412324219942,0.2,0.8103771954774857,1e-05,0.0076771565,-0.00861007881758269,0.06380137730157003
0.29465005,38912,0.22196531,1.1848804,19,0.70642793,2.016931,2.65029408,607,64,20.0,-0.40012202,0.080078125,0.03813052922487259,180,-3.1373677760362626,0.2,0.8189430236816406,1e-05,0.013872721,-0.01418393689673394,0.06581011245725676
0.3061456,40960,0.22939599,1.1307195,20,0.75359184,1.9642168,2.6038235999999997,639,64,20.0,-0.39718848,0.035986328125,0.007670853286981583,190,-3.132847481220961,0.2,0.8205330967903137,1e-05,0.00944899,-0.011202596688235644,0.06752221577917225
0.27817395,43008,0.2093876,1.1665473,21,0.72906184,1.9775594,2.6338235300000004,671,64,20.0,-0.40401697,0.048046875,0.0028510726988315582,200,-3.1291869916021824,0.2,0.8143643587827682,1e-05,0.008706147,-0.01318305578752188,0.07938878645072692
0.26991314,45056,0.19991077,1.1383426,22,0.70951766,1.9913682,2.5641176100000003,703,64,20.0,-0.41240573,0.04580078125,0.047348689287900925,210,-3.1672509729862215,0.2,0.8172129392623901,1e-05,0.007921524,-0.010406048854929396,0.07439172664307989
0.28327554,47104,0.22825737,1.06845,23,0.6674894,1.8555732,2.45794113,735,64,20.0,-0.3764534,0.0541015625,-0.020725594833493233,220,-3.149274854362011,0.2,0.8181464076042175,1e-05,0.011945017,-0.014759775753191207,0.07031953036785125
0.25371867,49152,0.19053125,1.1668931,24,0.7202722,1.9466914,2.6488235900000006,766,64,20.0,-0.39730197,0.05703125,0.012371845543384552,230,-3.0784315593540668,0.2,0.8255814760923386,1e-05,0.009612512,-0.01384647483646404,0.06217147286515683
0.30197257,51200,0.20205669,1.1716003,25,0.73074746,1.8729478,2.6676470099999987,799,64,20.0,-0.3611834,0.04208984375,0.004412464797496796,240,-3.0396925203502176,0.2,0.8201737105846405,1e-05,0.010566285,-0.013093396471231245,0.06838399270782247
0.26314422,53248,0.21088384,1.2291766,26,0.73893654,1.9446801,2.7841177,831,64,20.0,-0.40316832,0.057666015625,0.0275561660528183,250,-3.0542390294373036,0.2,0.8300695270299911,1e-05,0.011559467,-0.01500015182828065,0.06793920842465014
0.22800365,55296,0.17534891,1.2031366,27,0.74063325,1.8740815,2.7244117799999996,865,63,20.0,-0.4127589,0.04873046875,0.0035389158874750137,260,-3.051768398284912,0.2,0.8293276429176331,1e-05,0.009255382,-0.012860087267472408,0.06763254390098154
0.2292006,57344,0.16864891,1.2060676,28,0.7462771,1.9152167,2.77764707,899,63,20.0,-0.39711657,0.033154296875,0.004018431529402733,270,-3.065330317616463,0.2,0.8430187106132507,1e-05,0.008937872,-0.01007474222278688,0.06523100614431314
0.22582155,59392,0.17628627,1.2760785,29,0.77223605,1.9995364,2.8826470000000004,932,63,20.0,-0.39898562,0.0765625,0.02754315733909607,280,-3.068723962455988,0.2,0.845958486199379,1e-05,0.01225352,-0.014343854288745206,0.06577432465855963
0.22508049,61440,0.16660057,1.2093837,30,0.7215199,1.8821608,2.7305882500000007,965,63,20.0,-0.38212752,0.06826171875,-0.005454657599329948,290,-2.994998548179865,0.2,0.8131648451089859,1e-05,0.009872685,-0.013977748071192763,0.07843304885900579
0.19242986,63488,0.17130792,1.2394865,31,0.76549923,1.8394463,2.80147057,997,63,20.0,-0.39640644,0.048046875,-0.002707313746213913,300,-2.933153346180916,0.2,0.8384010046720505,1e-05,0.01205798,-0.012327512379852124,0.06483411990338936
0.2169567,65536,0.17635846,1.2275295,32,0.76025367,1.9330199,2.7744117800000003,1030,63,20.0,-0.41721612,0.11796875,-0.018843617290258408,310,-2.8363928332924844,0.2,0.8458200395107269,1e-05,0.011477577,-0.01930686515988782,0.06895247762440704
0.19711192,67584,0.14697772,1.2579536,33,0.7612792,1.7839735,2.85999997,1062,63,20.0,-0.39124316,0.03759765625,-0.0006906241178512573,320,-2.799697558581829,0.2,0.8413759022951126,1e-05,0.012211569,-0.013387030398007482,0.07416075348155574
0.19492954,69632,0.14654052,1.2780582,34,0.7702147,1.8406471,2.8941176599999996,1093,63,20.0,-0.39904273,0.102197265625,0.014486856758594513,330,-2.6988574013113977,0.2,0.8484701216220856,1e-05,0.012380509,-0.01724959982384462,0.06723568217712454
0.20738602,71680,0.16312258,1.2955072,35,0.7821248,1.915239,2.9638235399999995,1124,63,20.0,-0.42972004,0.08916015625,0.01865100860595703,340,-2.703406324237585,0.2,0.8437369167804718,1e-05,0.010450433,-0.016290600746287964,0.0691030174435582
0.19738525,73728,0.15971325,1.3380322,36,0.7822106,1.8507254,2.98088234,1155,63,20.0,-0.39438492,0.08740234375,0.014180649071931839,350,-2.6117008179426193,0.2,0.858722910284996,1e-05,0.014000775,-0.015189888223540038,0.06422137506306172
0.20442846,75776,0.1680999,1.2715155,37,0.7919489,1.8253292,2.9408823500000008,1187,63,20.0,-0.40923128,0.073095703125,-0.004576686769723892,360,-2.544875391572714,0.2,0.8482062518596649,1e-05,0.010601498,-0.01489161153731402,0.07185470481053927
0.19094828,77824,0.15334503,1.3254147,38,0.83913785,1.8028694,3.0049999800000005,1217,63,20.0,-0.3949566,0.0830078125,0.05508553981781006,370,-2.3984410367906093,0.2,0.8459147214889526,1e-05,0.013494836,-0.013358990743290633,0.07655390031868592
0.19839585,79872,0.1350118,1.2655811,39,0.7813869,1.8641062,2.8897058399999995,1248,63,20.0,-0.3782805,0.08955078125,0.02854352444410324,380,-2.1763791613280774,0.2,0.8418853282928467,1e-05,0.010069385,-0.01402718056924641,0.09137072563171386
0.19388115,81920,0.14040326,1.3032167,40,0.8181283,1.8323331,3.0288235600000006,1280,63,20.0,-0.3967989,0.095751953125,-0.01398283801972866,390,-1.9860174540430307,0.2,0.8640709817409515,1e-05,0.012208046,-0.015015761167160236,0.06640867012902163
0.18292665,83968,0.13430497,1.3537419,41,0.8150388,1.854202,3.0720588200000005,1312,63,20.0,-0.40639582,0.127001953125,0.020997215062379837,400,-1.728884568810463,0.2,0.8653677105903625,1e-05,0.0115252035,-0.01614156895375345,0.07572595890378579
0.21024475,86016,0.16403988,1.4130212,42,0.9067689,1.8809701,3.2079411600000003,1343,64,20.0,-0.3989391,0.095849609375,0.03500078245997429,410,-1.557959721982479,0.2,0.8509046137332916,1e-05,0.009915572,-0.01386235496320296,0.07286751283099875
0.20364094,88064,0.12344877,1.4136139,43,0.8783852,1.7779884,3.24147062,1375,64,20.0,-0.37918872,0.071142578125,0.011955589056015015,420,-1.4569184575229883,0.2,0.8581954091787338,1e-05,0.0068915733,-0.015587957866955549,0.09411917115794495
0.19493133,90112,0.12902662,1.4097607,44,0.8649617,1.8600647,3.1911765199999995,1406,64,20.0,-0.3978855,0.070166015625,0.023892376571893692,430,-1.3622548662126064,0.2,0.865050807595253,1e-05,0.006801766,-0.012531220834353008,0.0857239214994479
0.20254758,92160,0.13827567,1.4942338,45,0.92022234,1.8240331,3.344117640000001,1437,64,20.0,-0.40699124,0.055859375,0.03429868817329407,440,-1.3130964018404483,0.2,0.86018405854702,1e-05,0.0048986874,-0.011924051190726459,0.08562537574907765
0.17631379,94208,0.12759271,1.4140043,46,0.86714923,1.7872674,3.199117660000001,1466,64,20.0,-0.39212716,0.051318359375,0.04136853665113449,450,-1.2559831196442246,0.2,0.8628011792898178,1e-05,0.005018916,-0.01295527171168942,0.09353270886931568
0.19764213,96256,0.1242329,1.4722935,47,0.8987947,1.7544049,3.31911769,1497,64,20.0,-0.37898523,0.05341796875,0.013884466141462326,460,-1.1622634286060929,0.2,0.8676259517669678,1e-05,0.0056959474,-0.010733314324170351,0.08125085186911747
0.19063891,98304,0.12820585,1.4791253,48,0.93782455,1.7894846,3.3391176499999995,1527,64,20.0,-0.41808355,0.06650390625,-0.014385715126991272,470,-1.1675880743190645,0.2,0.8511978685855865,1e-05,0.0051661413,-0.012589004091569222,0.09739900230197236
0.19266866,100352,0.12942803,1.559159,49,0.97225636,1.8024007,3.4979412399999994,1557,64,20.0,-0.41834176,0.03447265625,0.0131230428814888,480,-1.1314428377896548,0.2,0.8688855469226837,1e-05,0.004189773,-0.008475899741461035,0.09437174188205973
0.18919381,102400,0.13551153,1.5480106,50,0.9488328,1.7462071,3.5029411999999995,1589,64,20.0,-0.39981586,0.0486328125,0.09221542626619339,490,-1.1668946638703346,0.2,0.8636458069086075,1e-05,0.0049771024,-0.011618268463644199,0.09951172372093424
0.17777112,104448,0.12609121,1.6164527,51,0.96734387,1.7463628,3.504411769999999,1620,64,20.0,-0.4057046,0.042138671875,0.05366374924778938,500,-1.109729080274701,0.2,0.8780539184808731,1e-05,0.00452457,-0.008304253965616227,0.09386034836643375
0.19480795,106496,0.12963784,1.5058336,52,0.8919104,1.7783744,3.35764703,1651,64,20.0,-0.38662747,0.048291015625,-0.003153011202812195,510,-1.1169250566512345,0.2,0.880847617983818,1e-05,0.004663113,-0.010284465315635316,0.0891277612769045
0.18548924,108544,0.114345014,1.5216608,53,0.90792406,1.8580009,3.39294118,1680,64,20.0,-0.39857975,0.04833984375,0.030942093580961227,520,-1.0039393343031406,0.2,0.8845348879694939,1e-05,0.003403694,-0.009149982454255223,0.07233760137460195
0.19016606,110592,0.123426944,1.529036,54,0.9107885,1.7573435,3.40058827,1710,64,20.0,-0.40451965,0.048388671875,0.009058126248419285,530,-0.8982298877090216,0.2,0.8870713412761688,1e-05,0.004288023,-0.010694121716369409,0.07835698559065349
0.20271413,112640,0.11276759,1.5213428,55,0.92783695,1.7857548,3.4485294300000002,1739,64,20.0,-0.41609314,0.025244140625,0.024406222626566887,540,-0.8557359211146831,0.2,0.8898963183164597,1e-05,0.0025812453,-0.007173985551344231,0.07820101560209877
0.17611632,114688,0.10895313,1.5502558,56,0.8962985,1.8072262,3.4850000199999998,1768,64,20.0,-0.3802687,0.02001953125,0.041078031063079834,550,-0.8030103309080004,0.2,0.8943919092416763,1e-05,0.0022453866,-0.0054653951898217205,0.07625170951359905
0.15779833,116736,0.11214725,1.4783782,57,0.88563526,1.7264355,3.31470595,1797,64,20.0,-0.42747742,0.031396484375,0.03566334396600723,560,-0.7997489845380187,0.2,0.9014680907130241,1e-05,0.0026503736,-0.007159799730288796,0.06790420671459288
0.17118123,118784,0.11512967,1.4907007,58,0.90962,1.7523614,3.39294116,1826,65,20.0,-0.39050704,0.029638671875,0.001621943898499012,570,-0.793748190253973,0.2,0.8972529917955399,1e-05,0.0029072957,-0.008932249913050328,0.06959298033034429
0.1723682,120832,0.11541882,1.5521923,59,0.89340115,1.7407339,3.47588237,1855,65,20.0,-0.42222103,0.0265625,0.015006227418780327,580,-0.7809968268498778,0.2,0.8782976120710373,1e-05,0.0026324168,-0.00786047342553502,0.08625770590733736
0.18701665,122880,0.11836553,1.5628874,60,0.88493466,1.7712014,3.5055882299999994,1884,65,20.0,-0.40837413,0.030078125,0.021351728588342667,590,-0.7391115428879858,0.2,0.8895068094134331,1e-05,0.0027318122,-0.007783473041490652,0.06808110571000725
0.17868805,124928,0.11243093,1.5569906,61,0.92594665,1.7917534,3.45382355,1913,65,20.0,-0.4383905,0.04384765625,0.00918595865368843,600,-0.667760920431465,0.2,0.9004585668444633,1e-05,0.003062862,-0.0079936565933167,0.06713904018397443
0.17418277,126976,0.10036722,1.475526,62,0.91033876,1.7458761,3.34058827,1943,65,20.0,-0.40505263,0.03623046875,0.055659085512161255,610,-0.6201727401465178,0.2,0.8922129124403,1e-05,0.0026118523,-0.008188383118249477,0.07886131172417662
0.17333764,129024,0.11486443,1.5258827,63,0.91069925,1.8466539,3.48911765,1972,65,20.0,-0.41784972,0.02978515625,0.006735416129231453,620,-0.6184725209139288,0.2,0.8762791603803635,1e-05,0.0045557576,-0.0074136990660917945,0.08161360672675073
0.18956716,131072,0.10765,1.5562942,64,0.93569624,1.8309584,3.55323534,2001,65,20.0,-0.4035144,0.060693359375,-0.0030183587223291397,630,-0.6278871893882751,0.2,0.8884768337011337,1e-05,0.004260275,-0.014093960484024138,0.07883758945972659
0.16953447,133120,0.10942752,1.600156,65,0.96083546,1.7853706,3.58411759,2030,65,20.0,-0.4229678,0.059619140625,0.03220248967409134,640,-0.5771308763884008,0.2,0.8879525139927864,1e-05,0.0047637145,-0.009916171617805957,0.08232530079549179
0.18266025,135168,0.11183548,1.5884013,66,0.9688185,1.74964,3.5538235300000003,2059,65,20.0,-0.38752502,0.0353515625,0.03466253727674484,650,-0.5453256577253341,0.2,0.8936142101883888,1e-05,0.0031182093,-0.007850483698712196,0.08328823894844391
0.17463309,137216,0.111300424,1.5989552,67,0.9145451,1.8069879,3.566176500000001,2087,65,20.0,-0.40176678,0.038037109375,0.026560457423329353,660,-0.5275789839215577,0.2,0.8896205127239227,1e-05,0.0037407577,-0.009084273391636088,0.08994855136261322
0.16589689,139264,0.11916976,1.5496435,68,0.91407555,1.8403172,3.42647058,2116,65,20.0,-0.43874973,0.01982421875,0.012916594743728638,670,-0.505402878113091,0.2,0.9065494760870934,1e-05,0.0022534034,-0.005095083081687335,0.0680579225125257
0.16738853,141312,0.10088493,1.5152404,69,0.91338116,1.8327686,3.4099999699999994,2145,65,20.0,-0.4122449,0.021875,0.009121596813201904,680,-0.4830083394423127,0.2,0.8991893902420998,1e-05,0.002333236,-0.005958217197621707,0.0729241261840798
0.17373113,143360,0.10670284,1.5633826,70,0.9217937,1.6995008,3.5064705999999997,2174,65,20.0,-0.39750284,0.034619140625,0.03056301921606064,690,-0.4521826434880495,0.2,0.8846443891525269,1e-05,0.0027021896,-0.00856788151722867,0.08239625048008747
0.18957281,145408,0.11517108,1.588823,71,0.91854304,1.7617347,3.56852937,2203,65,20.0,-0.4071649,0.023046875,0.0187215618789196,700,-0.45777654759585856,0.2,0.8963570669293404,1e-05,0.0017912196,-0.005193248600699007,0.074397405073978
0.18797642,147456,0.11059892,1.6157334,72,0.9477652,1.7944305,3.5935294300000002,2232,66,20.0,-0.3993435,0.0275390625,0.020452961325645447,710,-0.45725582404993476,0.2,0.9141260758042336,1e-05,0.002076712,-0.005653785567847081,0.06571426196605898
0.19450457,149504,0.117627814,1.6363947,73,0.9568431,1.7969142,3.6602941400000004,2262,66,20.0,-0.42183375,0.014404296875,0.025465209037065506,720,-0.46275418093428017,0.2,0.9006372019648552,1e-05,0.0013681583,-0.005136622898862697,0.07763381220865995
0.19411871,151552,0.11293628,1.545192,74,0.88112813,1.8322437,3.4370587599999998,2295,66,20.0,-0.40729436,0.019482421875,0.022721128538250923,730,-0.44387233452871444,0.2,0.9016155749559402,1e-05,0.0033091474,-0.004442703229142353,0.07581126063596458
0.1946493,153600,0.09619993,1.6213886,75,0.9243077,1.7854713,3.6105882599999997,2326,66,20.0,-0.38931406,0.03740234375,0.026170672848820686,740,-0.40996269723400475,0.2,0.9070090353488922,1e-05,0.0025555207,-0.00922731401224155,0.06046865319949575
0.17881674,155648,0.09906906,1.5518528,76,0.90805715,1.7273034,3.4738235400000006,2357,66,20.0,-0.40612447,0.029248046875,0.014491895213723183,750,-0.4140128502622247,0.2,0.9085064977407455,1e-05,0.0027348048,-0.0072869160794653,0.06407204652205109
0.18154362,157696,0.0980613,1.6530516,77,0.9550246,1.6831836,3.6273529300000003,2388,66,20.0,-0.41624886,0.02197265625,0.029768094420433044,760,-0.39023327608592806,0.2,0.9033357948064804,1e-05,0.0018991163,-0.0049498985201353205,0.06812836008612067
0.17624824,159744,0.10583676,1.5743072,78,0.9193421,1.8066539,3.52764706,2420,66,20.0,-0.41159466,0.02578125,0.012252859771251678,770,-0.4208491161465645,0.2,0.9061984792351723,1e-05,0.0020223623,-0.00628821732243523,0.07045863915700465
0.18047905,161792,0.09572937,1.6108516,79,0.941824,1.7270716,3.5967647,2451,65,20.0,-0.41400832,0.034619140625,0.017403390258550644,780,-0.3668651703279465,0.2,0.9045619145035744,1e-05,0.0026010175,-0.008092429518001154,0.0674834342324175
0.18753691,163840,0.10040474,1.6590059,80,0.98072004,1.7394644,3.72764712,2483,65,20.0,-0.3945148,0.022412109375,0.023853428661823273,790,-0.3828353145625442,0.2,0.8993026688694954,1e-05,0.0022870994,-0.005382663763884921,0.0754832440870814
0.1891799,165888,0.10179751,1.6148372,81,0.93999946,1.7271785,3.61970584,2513,66,20.0,-0.3948639,0.023486328125,0.046215787529945374,800,-0.4063885477837175,0.2,0.902878500521183,1e-05,0.002014618,-0.005419771908782423,0.08232419054256752
0.15472734,167936,0.09187416,1.441603,82,0.874291,1.759208,3.22147059,2543,66,20.0,-0.4068633,0.0333984375,0.014322087168693542,810,-0.43393385196104645,0.2,0.8964972048997879,1e-05,0.0061455127,-0.007368173793656752,0.07933274786919356
0.16704056,169984,0.10760464,1.4770234,83,0.8888786,1.7866236,3.35529412,2574,66,20.0,-0.3998048,0.036181640625,0.03491174802184105,820,-0.4476583431474864,0.2,0.8746985346078873,1e-05,0.002770428,-0.011347211996326222,0.07477214344544336
0.16413523,172032,0.10210973,1.5329516,84,0.8856905,1.6412587,3.441176429999999,2604,66,20.0,-0.39232367,0.05126953125,0.03495686873793602,830,-0.47352760229259727,0.2,0.8919495344161987,1e-05,0.0043270914,-0.011812101051327772,0.07360166002763435
0.17641163,174080,0.10941993,1.5802927,85,0.9640178,1.7631053,3.5323529700000007,2634,66,20.0,-0.40003663,0.040771484375,0.014470979571342468,840,-0.5687921963632107,0.2,0.8996995389461517,1e-05,0.0030452884,-0.010356928265537135,0.06925967173883692
0.17184094,176128,0.11957899,1.6757917,86,0.9607512,1.7184594,3.66411761,2665,66,20.0,-0.4092412,0.03271484375,0.02493637055158615,850,-0.5502194673754275,0.2,0.8891618996858597,1e-05,0.0040726746,-0.008912327690632082,0.08559398145298473
0.1721133,178176,0.10150187,1.5741837,87,0.93996406,1.71011,3.51000003,2696,66,20.0,-0.41638327,0.04794921875,0.012740708887577057,860,-0.5818654080852866,0.2,0.887418583035469,1e-05,0.0041822395,-0.009545756498118863,0.08352309770416469
0.16083615,180224,0.1260274,1.647716,88,0.96993977,1.6912518,3.6226471000000005,2726,66,20.0,-0.39741242,0.05517578125,0.023919500410556793,870,-0.54783098641783,0.2,0.894578143954277,1e-05,0.00365787,-0.011296326213050633,0.07627539539826103
0.15932938,182272,0.10763673,1.5958761,89,0.9341291,1.7311482,3.5720588199999996,2757,66,20.0,-0.39550847,0.047607421875,0.04644038900732994,880,-0.5663949090987443,0.2,0.8833413273096085,1e-05,0.004156608,-0.007551888679154217,0.09135545160388574
0.14468144,184320,0.11053989,1.5491328,90,0.9236043,1.7137786,3.469999960000001,2788,66,20.0,-0.38682422,0.040380859375,-0.0018163453787565231,890,-0.5577473793178797,0.2,0.9101819917559624,1e-05,0.0035113432,-0.010612857501837426,0.06655832129181363
0.15472488,186368,0.11285092,1.5681386,91,0.9001642,1.7433572,3.4720587799999993,2820,66,20.0,-0.4082566,0.02783203125,0.004632040858268738,900,-0.5104308183304965,0.2,0.9039926305413246,1e-05,0.0021774387,-0.006585578725207597,0.06808233560295776
0.18767954,188416,0.18692502,1.7744552,92,1.0060859,1.7207054,3.8908823500000005,2851,66,20.0,-0.4121143,0.027490234375,0.014575313776731491,910,-0.5018126457929611,0.2,0.9024736508727074,1e-05,0.002969895,-0.007074441449367442,0.06779059392865747
0.16748616,190464,0.11097842,1.6669657,93,0.9845647,1.7825509,3.7041176700000005,2882,66,20.0,-0.40207237,0.035400390625,-0.0031850170344114304,920,-0.47756477296352384,0.2,0.9024610742926598,1e-05,0.0034484242,-0.007038342283340171,0.07774298586882651
0.16703027,192512,0.11220269,1.6270564,94,0.96791583,1.8156792,3.5688235600000002,2913,66,20.0,-0.4191051,0.05048828125,0.012651842087507248,930,-0.40854655536822976,0.2,0.8992504104971886,1e-05,0.003584833,-0.01136694725137204,0.08567502145888284
0.17855613,194560,0.10348889,1.5777123,95,0.94452685,1.7742078,3.5658823200000005,2944,66,20.0,-0.40366018,0.025537109375,0.04593023657798767,940,-0.4138039994053543,0.2,0.9007229954004288,1e-05,0.0018864861,-0.007346955171669833,0.08048819346586242
0.18484437,196608,0.117787756,1.6851515,96,0.96694136,1.7581135,3.7182353099999994,2974,66,20.0,-0.4014164,0.02099609375,0.019474603235721588,950,-0.42325453856028616,0.2,0.9064545407891273,1e-05,0.0022928987,-0.005674886441556737,0.07125631674425677
0.17377655,198656,0.118531205,1.6262363,97,0.9619795,1.7203208,3.6332352899999996,3005,66,20.0,-0.3987176,0.034423828125,0.026336830109357834,960,-0.4325650441925973,0.2,0.9104689657688141,1e-05,0.0029236898,-0.007471147080650553,0.0728774985531345
0.1720342,200704,0.11121283,1.6377134,98,0.96274966,1.7658855,3.68852938,3035,66,20.0,-0.38611034,0.024658203125,0.0019417814910411835,970,-0.41336722755804656,0.2,0.9122356697916985,1e-05,0.0021379981,-0.006090687766845804,0.07095425819861703
0.1691561,202752,0.11425198,1.6742988,99,0.95705575,1.7631354,3.7073529300000003,3067,66,20.0,-0.40686816,0.0318359375,0.03798028081655502,980,-0.40748512507416307,0.2,0.9118303433060646,1e-05,0.0022833347,-0.006322098222153727,0.07043340224190615
0.17078689,204800,0.107853204,1.6098075,100,0.9348123,1.7536229,3.5652941299999994,3099,66,20.0,-0.38798887,0.03291015625,0.030649421736598015,990,-0.38011419367976484,0.2,0.9082254320383072,1e-05,0.0028618514,-0.0064642263314453885,0.07315196093986742
0.18419644,206848,0.11944081,1.7171814,101,0.9751106,1.8358475,3.7852940999999993,3129,66,20.0,-0.40322536,0.03515625,0.016559768468141556,1000,-0.3709082018584013,0.2,0.919609472155571,1e-05,0.003608254,-0.00855651746824151,0.06246347186388448
0.17671233,208896,0.113579385,1.7345243,102,0.96735805,1.7308316,3.7829411599999996,3160,66,20.0,-0.40865785,0.0240234375,0.018645837903022766,1010,-0.4125485048629344,0.2,0.90810976177454,1e-05,0.0026158695,-0.006233270949451253,0.07465027645230293
0.17217124,210944,0.10962921,1.6968246,103,1.0007917,1.7303759,3.7691176399999993,3191,66,20.0,-0.40029758,0.027392578125,0.015027657151222229,1020,-0.4117615167517215,0.2,0.9140390232205391,1e-05,0.0029077006,-0.006166855807532556,0.06782223916379734
0.18569073,212992,0.09881377,1.67624,104,0.965906,1.7210506,3.6876470599999993,3222,66,20.0,-0.37503657,0.044287109375,0.021261347457766533,1030,-0.37717058495618405,0.2,0.9160520285367966,1e-05,0.0043666633,-0.008171689877053722,0.06907008568523451
0.16351971,215040,0.1057587,1.7158682,105,0.97570527,1.8260144,3.8058823500000005,3252,66,20.0,-0.40016174,0.04580078125,0.02932533249258995,1040,-0.34015160161070523,0.2,0.9017352685332298,1e-05,0.0028283885,-0.010494865111832041,0.07563097699894569
0.18902966,217088,0.11143222,1.6435795,106,0.94337934,1.8296456,3.6741176599999994,3283,66,20.0,-0.41552442,0.023779296875,0.02847066894173622,1050,-0.36271565025672314,0.2,0.9084057211875916,1e-05,0.0029292647,-0.005564915732247755,0.07488991164136678
0.18010892,219136,0.11343842,1.744472,107,0.9868221,1.7489908,3.8326470600000007,3314,66,20.0,-0.3763801,0.02548828125,-0.010677877813577652,1060,-0.3704964595846832,0.2,0.9089068174362183,1e-05,0.0034023724,-0.00602251236414304,0.06509775270824321
0.19347408,221184,0.1065652,1.6567852,108,0.9495615,1.8486468,3.6891176600000004,3345,66,20.0,-0.43267423,0.032421875,0.02317674085497856,1070,-0.3958391683641821,0.2,0.8990361094474792,1e-05,0.003744479,-0.006666127128119115,0.08155914342496544
0.18393071,223232,0.11340198,1.7313781,109,0.98140395,1.8496948,3.7873529399999994,3377,66,20.0,-0.39698482,0.02451171875,0.023670971393585205,1080,-0.3844770785886794,0.2,0.917626366019249,1e-05,0.0037484812,-0.005540287629992235,0.062115224928129466
0.18849546,225280,0.10645719,1.6602288,110,0.96375,1.7379165,3.6947058699999995,3410,66,20.0,-0.38561106,0.02626953125,0.02115684002637863,1090,-0.36456638760864735,0.2,0.9133005291223526,1e-05,0.0025082338,-0.003512770574889146,0.06975729824043811
0.19256881,227328,0.110175006,1.6581125,111,0.93101835,1.7218997,3.64147063,3439,66,20.0,-0.38628328,0.014794921875,0.007139179855585098,1100,-0.3630087203811854,0.2,0.9039550349116325,1e-05,0.001419878,-0.003974034018756356,0.07736890162923374
0.18096937,229376,0.10072954,1.6640928,112,0.95843583,1.8261523,3.66176469,3471,66,20.0,-0.40991658,0.019287109375,0.03550222888588905,1110,-0.3612318394705653,0.2,0.9085067138075829,1e-05,0.0017272595,-0.005882651743013412,0.07011379551840946
0.18569714,231424,0.10647738,1.6642942,113,0.9497351,1.7742637,3.6991176499999994,3504,66,20.0,-0.3868956,0.021044921875,0.03254880756139755,1120,-0.3432923146057874,0.2,0.9086613282561302,1e-05,0.0022376915,-0.007066352166293655,0.07182707548490726
0.19770297,233472,0.10947328,1.676877,114,0.9539695,1.850134,3.69823525,3536,66,20.0,-0.3961412,0.02421875,0.008604573085904121,1130,-0.32468622610904274,0.2,0.9185744598507881,1e-05,0.0023558624,-0.005972247708996292,0.06761424128781073
0.16698125,235520,0.10690504,1.702794,115,0.9708875,1.8319685,3.7102941300000003,3566,66,20.0,-0.37392443,0.02451171875,0.03366727754473686,1140,-0.3248928135726601,0.2,0.9147331714630127,1e-05,0.0015950833,-0.0058740591019159185,0.06283166802022606
0.17491233,237568,0.106605776,1.7396641,116,0.9885231,1.8113136,3.77264704,3597,66,20.0,-0.40902692,0.02236328125,0.004575543105602264,1150,-0.31827111770398914,0.2,0.9179502502083778,1e-05,0.0018584955,-0.005115877439675387,0.06602107062353753
0.17986622,239616,0.105748706,1.6720481,117,0.9707324,1.739935,3.69499998,3627,66,20.0,-0.41544044,0.026025390625,0.03449171781539917,1160,-0.3263886567670852,0.2,0.9085895046591759,1e-05,0.0022987635,-0.005144506118085701,0.08039567321538925
0.16451554,241664,0.10028969,1.6665796,118,0.9755308,1.8335711,3.67176472,3657,66,20.0,-0.40441868,0.02890625,0.004907606169581413,1170,-0.2983649976551533,0.2,0.9142999947071075,1e-05,0.0025820327,-0.006117663811892271,0.06882164946291595
0.18510869,243712,0.120839894,1.6001599,119,0.9157809,1.8490074,3.5511764599999998,3687,66,20.0,-0.39843744,0.022314453125,0.012201905250549316,1180,-0.3122478118631989,0.2,0.9078056737780571,1e-05,0.0023907633,-0.005539433765807189,0.07391151950578205
0.21466097,245760,0.120161325,1.7013452,120,1.0001044,1.6535877,3.82470588,3718,66,20.0,-0.39000595,0.02451171875,0.03717851638793945,1190,-0.32640226893126967,0.2,0.9045938476920128,1e-05,0.0027173432,-0.00471564207400661,0.06463850528816692
0.18605693,247808,0.105398685,1.6362809,121,0.93995404,1.722624,3.59882356,3752,66,20.0,-0.4108094,0.02626953125,0.03271496295928955,1200,-0.3577006775420159,0.2,0.9037003740668297,1e-05,0.0025745288,-0.005856771215621848,0.08327999562025071
0.17788418,249856,0.10502344,1.7373604,122,0.9951229,1.712961,3.81735296,3783,66,20.0,-0.39108378,0.036328125,0.02359846979379654,1210,-0.3414006589446217,0.2,0.9198650121688843,1e-05,0.0029761982,-0.008198971017554868,0.06372324166004546
0.18182516,251904,0.11323146,1.688367,123,0.98842824,1.7511313,3.72529413,3815,66,20.0,-0.4131496,0.0310546875,0.0127792377024889,1220,-0.3235279545886442,0.2,0.913773201406002,1e-05,0.0026301034,-0.006281361637229565,0.07513012547278777
0.17800228,253952,0.103803016,1.7271154,124,0.9779932,1.7881705,3.77294118,3846,66,20.0,-0.41303605,0.02919921875,0.03337565064430237,1230,-0.3288678655866534,0.2,0.9062793701887131,1e-05,0.0020231828,-0.00778716405184241,0.08032168779755011
0.18959874,256000,0.11351984,1.6131837,125,0.9618544,1.7779447,3.57588237,3876,66,20.0,-0.41838026,0.0330078125,0.03149818629026413,1240,-0.3107194871641695,0.2,0.9225019365549088,1e-05,0.0036304642,-0.006441381393233314,0.0631866783311125
0.18861172,258048,0.117102236,1.6662073,126,0.97549176,1.6805928,3.73705879,3906,66,20.0,-0.39060757,0.028466796875,0.015578221529722214,1250,-0.3237106806132942,0.2,0.9108803272247314,1e-05,0.0025894353,-0.006784731688094325,0.0687084575125482
0.19161545,260096,0.121188395,1.6452963,127,0.9938885,1.7790651,3.71382351,3936,66,20.0,-0.41769853,0.026220703125,0.014832703396677971,1260,-0.3445251797325909,0.2,0.9134664237499237,1e-05,0.0020016308,-0.005539715694612824,0.07339541428955272
0.17317979,262144,0.104567446,1.6258909,128,0.9449823,1.7609748,3.6641176,3967,66,20.0,-0.4087435,0.035693359375,0.0049559734761714935,1270,-0.3660831146873534,0.2,0.8942844122648239,1e-05,0.0028861067,-0.008289876137860119,0.08761213516118005
0.18201739,264192,0.12556869,1.5735726,129,1.0473351,1.8116665,3.5132352499999997,3997,66,20.0,-0.39339757,0.037646484375,0.07441344112157822,1280,-0.34453369500115516,0.2,0.9043383151292801,1e-05,0.0070277937,-0.0070161215000553055,0.07084740012069232
0.19408552,266240,0.13960367,1.5550637,130,0.9790745,1.7281759,3.45529413,4029,66,20.0,-0.4052863,0.04423828125,0.01888391748070717,1290,-0.36942037092521784,0.2,0.8681642413139343,1e-05,0.002674872,-0.014879678332363255,0.1230672602308914
0.18636756,268288,0.12047155,1.6301775,131,0.990652,1.7054918,3.62558827,4061,66,20.0,-0.401697,0.042236328125,0.03120364248752594,1300,-0.37232804638333616,0.2,0.885930210351944,1e-05,0.004373753,-0.01128680165275,0.09627495429012925
0.20996043,270336,0.1281271,1.7425728,132,1.0121887,1.7900499,3.8502940700000012,4092,66,20.0,-0.3993268,0.038671875,0.028574425727128983,1310,-0.3757730602286756,0.2,0.9001175165176392,1e-05,0.0031695447,-0.008516050450270995,0.08585524036898277
0.20404716,272384,0.1185263,1.6782762,133,1.0025814,1.6692702,3.7158822899999997,4122,66,20.0,-0.39321446,0.0212890625,0.07133755087852478,1320,-0.3923251780215651,0.2,0.9026704132556915,1e-05,0.0017812941,-0.005140262798522599,0.08863704376854002
0.1974156,274432,0.12836048,1.7613637,134,1.0381087,1.767274,3.89088237,4153,66,20.0,-0.3671165,0.026318359375,0.011282794177532196,1330,-0.3728629938326776,0.2,0.9006111100316048,1e-05,0.002338313,-0.006447985701379366,0.0844612767745275
0.20383589,276480,0.12208496,1.7068865,135,1.0227977,1.7962155,3.7926470699999992,4184,66,20.0,-0.39314157,0.02607421875,0.048989973962306976,1340,-0.40278416997753086,0.2,0.9057320430874825,1e-05,0.0023238622,-0.005503717687679455,0.08890071640489623
0.17576957,278528,0.112928346,1.6975781,136,0.97665805,1.7726192,3.7211765,4214,66,20.0,-0.3887121,0.03330078125,0.04972362145781517,1350,-0.4046763808000833,0.2,0.90865658223629,1e-05,0.0030082795,-0.007297240085608792,0.08666639728471637
0.1783343,280576,0.113214314,1.680532,137,0.9855167,1.7375828,3.7194117700000002,4245,66,20.0,-0.4158495,0.032421875,0.005227336660027504,1360,-0.4199819013476372,0.2,0.9110591411590576,1e-05,0.002316482,-0.006856665600207634,0.07388175813830458
0.18346503,282624,0.13081782,1.7641807,138,1.0060114,1.8465705,3.88499998,4275,66,20.0,-0.41456255,0.050341796875,0.027234535664319992,1370,-0.4436024664901197,0.2,0.9031192436814308,1e-05,0.0045337547,-0.011609117724583484,0.08294650842435658
0.1883873,284672,0.12430551,1.7250638,139,0.9952047,1.6993217,3.7288235699999994,4306,66,20.0,-0.3947111,0.031689453125,0.035742223262786865,1380,-0.4457639425992966,0.2,0.9181667640805244,1e-05,0.0032234974,-0.006160767012625001,0.07070668686064892
0.18482527,286720,0.11718964,1.6761096,140,0.9786057,1.8640649,3.74558822,4336,66,20.0,-0.4051419,0.034521484375,0.024833418428897858,1390,-0.4598493629600853,0.2,0.9159299284219742,1e-05,0.0031339386,-0.007577961956849321,0.07251864192658104
0.17165062,288768,0.11888542,1.686487,141,0.9540285,1.8076057,3.7073529299999994,4368,66,20.0,-0.40824747,0.03154296875,0.02791624516248703,1400,-0.438542018737644,0.2,0.9053069725632668,1e-05,0.0030304943,-0.007731026351393666,0.07444145721383393
0.19108675,290816,0.13711715,1.7079351,142,1.045768,1.7869846,3.7929411699999998,4397,66,20.0,-0.39735383,0.036279296875,0.021203435957431793,1410,-0.451832262147218,0.2,0.9043064415454865,1e-05,0.002803554,-0.00849906629155157,0.07442695833742619
0.17654483,292864,0.12896827,1.745981,143,1.011242,1.7516147,3.821176519999999,4426,66,20.0,-0.39576307,0.0306640625,0.028053700923919678,1420,-0.46405551824718716,0.2,0.9081226512789726,1e-05,0.0027228813,-0.006770957421394996,0.08907368100481108
0.16820395,294912,0.11100349,1.6315422,144,0.94292575,1.7587389,3.6279411899999996,4455,66,20.0,-0.4129678,0.02822265625,0.03421855717897415,1430,-0.4346347616519779,0.2,0.9035327062010765,1e-05,0.003196306,-0.00759763534006197,0.08391570557141677
0.16349697,296960,0.113204546,1.757652,145,1.0085891,1.764794,3.904705860000001,4484,66,20.0,-0.38781735,0.02373046875,0.02434501051902771,1440,-0.40823109820485115,0.2,0.9154123365879059,1e-05,0.0022042673,-0.0052654104889370505,0.06464024239685387
0.17532833,299008,0.11652244,1.731807,146,0.9805452,1.7339873,3.792058860000001,4513,66,20.0,-0.3935207,0.037548828125,0.04351966828107834,1450,-0.4370420539751649,0.2,0.9161202684044838,1e-05,0.0032690305,-0.0075629993400070815,0.07491497314767911
0.16478266,301056,0.10910225,1.6929868,147,0.9818441,1.6713238,3.7155881699999997,4544,66,20.0,-0.43139386,0.030712890625,0.029209423810243607,1460,-0.40657902816310526,0.2,0.9170764461159706,1e-05,0.0024038893,-0.005315653161960654,0.06855218229466117
0.19223136,303104,0.11417983,1.7373364,148,1.0016091,1.7168328,3.80294113,4573,66,20.0,-0.3967619,0.025732421875,0.01947774551808834,1470,-0.40138854649849237,0.2,0.9100986495614052,1e-05,0.0028998514,-0.0051890687755076215,0.07591012761695311
0.17518851,305152,0.10750709,1.6159637,149,0.93966025,1.7722379,3.60264713,4601,66,20.0,-0.3728567,0.0333984375,0.021446406841278076,1480,-0.42474888972938063,0.2,0.9104140922427177,1e-05,0.0045919474,-0.006903104786761105,0.0786019831430167
0.1687991,307200,0.11281153,1.731578,150,0.9845285,1.6269059,3.85264706,4631,66,20.0,-0.39274397,0.032666015625,0.03195447847247124,1490,-0.3773344164248556,0.2,0.9173875749111176,1e-05,0.0023629116,-0.005137600930174813,0.06270264286431484
0.16811787,309248,0.11057873,1.7194628,151,0.98693043,1.8011374,3.77323533,4659,66,20.0,-0.40155533,0.041650390625,0.02497764676809311,1500,-0.37607716526836155,0.2,0.9194351807236671,1e-05,0.0034790216,-0.008678733595297672,0.06758480475400575
0.16901006,311296,0.11241168,1.7078965,152,0.9802022,1.73998,3.779705810000001,4688,66,20.0,-0.3957549,0.03447265625,0.006464226171374321,1510,-0.35776457665488126,0.2,0.9166931286454201,1e-05,0.0026839839,-0.006233286010683514,0.07244171759812161
0.16990393,313344,0.13070531,1.6517885,153,0.95913744,1.6990365,3.6602941200000005,4717,66,20.0,-0.40706506,0.03505859375,0.035564567893743515,1520,-0.3691882903687656,0.2,0.9090782552957535,1e-05,0.0024725292,-0.00717793068906758,0.07471983954310417
0.1593599,315392,0.11595751,1.6955631,154,1.0027305,1.8159628,3.7564705800000007,4746,66,20.0,-0.40262008,0.03759765625,0.0265287384390831,1530,-0.37603122387081384,0.2,0.9117478728294373,1e-05,0.006128649,-0.007356478269502986,0.07330386605462991
0.17860895,317440,0.110874474,1.7204163,155,1.0475751,1.7335467,3.8099999700000002,4775,66,20.0,-0.3856296,0.035888671875,0.022673703730106354,1540,-0.40006842697039247,0.2,0.9127161502838135,1e-05,0.004169183,-0.0074714259535539895,0.07414167643291876
0.19578777,319488,0.13180162,1.7909036,156,1.1042681,1.69798,3.86500003,4804,66,20.0,-0.4054604,0.0392578125,0.016929395496845245,1550,-0.3580456748139113,0.2,0.901130236685276,1e-05,0.0023355791,-0.006591099064098671,0.09685886700171978
0.19683176,321536,0.14768894,1.8093553,157,1.131925,1.7104017,3.98205882,4833,66,20.0,-0.37973908,0.034814453125,0.005090247839689255,1560,-0.38939009453170004,0.2,0.9052741229534149,1e-05,0.0025361385,-0.009070114381029271,0.10165016467799433
0.20583588,323584,0.12144254,1.8571235,158,1.1115601,1.7187514,4.0947058499999995,4862,66,20.0,-0.36989355,0.03583984375,0.0659031793475151,1570,-0.3878915356704965,0.2,0.9031275510787964,1e-05,0.002699532,-0.007752055046876194,0.10995995320263319
0.1998766,325632,0.13446316,1.8240964,159,1.1384327,1.7520456,3.96029411,4895,66,20.0,-0.36319417,0.053564453125,0.04131295531988144,1580,-0.41448790659196677,0.2,0.904902882874012,1e-05,0.0054853666,-0.010706006619147956,0.10209721216815523
0.1748778,327680,0.13737129,1.6567758,160,1.0736943,1.6941738,3.6588235099999995,4927,66,20.0,-0.3923123,0.077294921875,-0.015187792479991913,1590,-0.47797598051838575,0.2,0.9138412028551102,1e-05,0.0059856176,-0.016538995603332295,0.10072156806709245
0.22755024,329728,0.17836879,1.8758957,161,1.2776468,1.7076323,4.103823510000001,4958,66,20.0,-0.36318466,0.06376953125,0.03628255054354668,1600,-0.45338859683834015,0.2,0.8913271427154541,1e-05,0.0052418457,-0.013107700264663435,0.10814055894734338
0.2258004,331776,0.15978557,1.8580871,162,1.2339845,1.6752833,4.02764706,4991,66,20.0,-0.34416622,0.04638671875,0.11851630359888077,1610,-0.5726965189911425,0.2,0.8946496695280075,1e-05,0.004106799,-0.010383160495257471,0.15011089293984697
0.2054745,333824,0.14367184,1.794894,163,1.2098715,1.6799811,3.91264703,5023,66,20.0,-0.36512658,0.050048828125,0.046357735991477966,1620,-0.5290991006419062,0.2,0.892804279923439,1e-05,0.004800828,-0.009872383452602662,0.13989182090153918
0.19512013,335872,0.18247037,1.8372741,164,1.2935483,1.6154139,3.9947058899999996,5054,66,20.0,-0.35402393,0.048193359375,0.027921907603740692,1630,-0.5436131459660828,0.2,0.8980026096105576,1e-05,0.0046224785,-0.010224045254290104,0.13211631946032867
0.18426171,337920,0.1614386,1.8928154,165,1.3227484,1.6576622,4.0767646499999985,5086,66,20.0,-0.37244847,0.076171875,0.05330315977334976,1640,-0.6023288745433092,0.2,0.8907874226570129,1e-05,0.0069467383,-0.012830443924758583,0.16534047649474815
0.19362672,339968,0.16681665,2.0147567,166,1.3374258,1.6730165,4.27205879,5119,66,20.0,-0.33711314,0.06650390625,0.05125129595398903,1650,-0.6273159245029092,0.2,0.9030357748270035,1e-05,0.0052259974,-0.012256774032721296,0.15200284961028956
0.20052594,342016,0.16314308,2.1044178,167,1.4612324,1.5929024,4.47529413,5150,66,20.0,-0.34396672,0.042822265625,0.10380218923091888,1660,-0.6780807198025286,0.2,0.9186979681253433,1e-05,0.00459743,-0.008971326446044259,0.12776943197241053
0.21193862,344064,0.19848609,2.049284,168,1.4588181,1.6598117,4.43264705,5179,66,20.0,-0.34339446,0.061083984375,0.09755921363830566,1670,-0.6930167547427117,0.2,0.9191259890794754,1e-05,0.0048471624,-0.010217934455431532,0.1478470510453917
0.17154478,346112,0.19976835,1.8572055,169,1.3016052,1.6029553,4.01235292,5209,66,20.0,-0.34294835,0.06064453125,0.06497212499380112,1680,-0.6577206255868078,0.2,0.907224640250206,1e-05,0.0036414387,-0.010431041530682705,0.17747836803318934
0.20520386,348160,0.17715909,2.1680822,170,1.4620929,1.5934179,4.61794118,5241,66,20.0,-0.3208593,0.066943359375,0.059699125587940216,1690,-0.5516567305661738,0.2,0.8949771225452423,1e-05,0.004999185,-0.008723764764727093,0.1528499398729764
0.17033406,350208,0.15396534,1.868458,171,1.3168935,1.698897,3.9800000200000003,5272,66,20.0,-0.3611901,0.053466796875,0.057462241500616074,1700,-0.6729784983210265,0.2,0.9098775535821915,1e-05,0.004308684,-0.00742282097635325,0.15221090449485927
0.1870951,352256,0.16411448,1.8175591,172,1.3640625,1.7513682,4.03500002,5306,66,20.0,-0.3563907,0.059130859375,0.031660132110118866,1710,-0.5470183461904525,0.2,0.9023873284459114,1e-05,0.010917666,-0.012125242294860072,0.13851395385572687
0.17314923,354304,0.16566508,1.900502,173,1.3867587,1.6849388,4.10529412,5338,66,20.0,-0.34194893,0.057275390625,0.007982200011610985,1720,-0.621837287954986,0.2,0.9155235663056374,1e-05,0.005399036,-0.01401282948500011,0.13850537899998017
0.19172311,356352,0.18927847,2.039692,174,1.3951935,1.6267039,4.3482353,5370,66,20.0,-0.3517875,0.06025390625,0.07499852776527405,1730,-0.5791697895154357,0.2,0.9057585820555687,1e-05,0.014021751,-0.016961274761706592,0.16080089092138222
0.18612759,358400,0.16118726,2.1583107,175,1.4557619,1.5696939,4.57764704,5404,66,20.0,-0.3125676,0.039404296875,0.028431538492441177,1740,-0.6284510673955083,0.2,0.9175922572612762,1e-05,0.0031720612,-0.00701327103015501,0.14170566939283163
0.19035116,360448,0.1948632,2.0694013,176,1.4264315,1.6261547,4.362941180000001,5437,66,20.0,-0.32020783,0.05068359375,0.07317766547203064,1750,-0.6322548758238554,0.2,0.9219015017151833,1e-05,0.005612926,-0.0075803030777024105,0.1475928549596574
0.18353611,362496,0.15801625,2.0839934,177,1.4193186,1.5920559,4.40852942,5468,66,20.0,-0.31895027,0.0537109375,0.06694839894771576,1760,-0.6258160860277713,0.2,0.9207113310694695,1e-05,0.0043468615,-0.006862337177153677,0.14493278432637452
0.17773826,364544,0.20273386,1.9991716,178,1.3469684,1.5453804,4.29735301,5500,66,20.0,-0.35444856,0.05703125,0.01973409205675125,1770,-0.581840449757874,0.2,0.9234694689512253,1e-05,0.0045009507,-0.006279805037775077,0.13392783597810193
0.16959974,366592,0.16382928,1.9864593,179,1.3674017,1.6404107,4.232058839999999,5531,66,20.0,-0.3602534,0.052734375,0.15268664062023163,1780,-0.5289485048968345,0.2,0.9240176305174828,1e-05,0.0037614978,-0.007915620456333271,0.12259956909692846
0.17296416,368640,0.13630454,2.0869112,180,1.4121193,1.5610608,4.466470589999999,5564,66,20.0,-0.32143587,0.050341796875,0.05790853872895241,1790,-0.5618881391361356,0.2,0.9199909716844559,1e-05,0.00411667,-0.00961477674136404,0.13395957516040652
0.18260695,370688,0.15845053,2.12616,181,1.4376128,1.5539563,4.5782353,5597,66,20.0,-0.30078417,0.04765625,0.03336620330810547,1800,-0.5823546410072595,0.2,0.9250182881951332,1e-05,0.0035739734,-0.009288737675524317,0.12899171834578738
0.17417459,372736,0.14014351,1.9984616,182,1.3720033,1.5604866,4.2608823,5630,66,20.0,-0.36961472,0.043798828125,0.01319877803325653,1810,-0.6089510378893465,0.2,0.9343031495809555,1e-05,0.007552685,-0.007705492002423852,0.12194042155751958
0.17843594,374784,0.18802883,2.2365952,183,1.492098,1.6204479,4.714411780000001,5663,66,20.0,-0.35849512,0.047119140625,0.10135781764984131,1820,-0.5327339929062873,0.2,0.921355850994587,1e-05,0.003794686,-0.008708654204383492,0.1284813056467101
0.19636884,376832,0.19904134,2.1107707,184,1.4174451,1.5841192,4.522058819999999,5695,66,20.0,-0.35767123,0.045703125,0.049646321684122086,1830,-0.5897723336704075,0.2,0.9174128845334053,1e-05,0.0031551535,-0.00658872081694426,0.1561492500011809
0.19685914,378880,0.19034043,2.175388,185,1.4816256,1.5949324,4.6191176899999995,5729,66,20.0,-0.33460367,0.039990234375,0.01051001250743866,1840,-0.5948980871587992,0.2,0.9304707050323486,1e-05,0.0040133954,-0.005929352538078092,0.12498398172319866
0.18479055,380928,0.16407946,2.262705,186,1.5366163,1.6103917,4.756470620000001,5763,66,20.0,-0.36339462,0.040234375,0.007189227268099785,1850,-0.6181525849737227,0.2,0.9195465967059135,1e-05,0.00381246,-0.006984612232190557,0.15551739056827502
0.20028467,382976,0.20895734,2.0582342,187,1.4296169,1.5983781,4.38970587,5795,66,20.0,-0.34009302,0.05654296875,0.08379224687814713,1860,-0.6884318048134446,0.2,0.9372074753046036,1e-05,0.005027117,-0.008537160638661589,0.12727976369205862
0.19995703,385024,0.18453962,2.1746528,188,1.502254,1.6323837,4.6502940599999985,5828,66,20.0,-0.32885012,0.066259765625,0.04043824225664139,1870,-0.6462031056173145,0.2,0.9222845956683159,1e-05,0.0049666697,-0.010653191548772156,0.13689006149070337
0.18365708,387072,0.15947543,2.1190267,189,1.4606789,1.6262136,4.533529400000001,5861,66,20.0,-0.34102598,0.05947265625,0.07397622615098953,1880,-0.6771353578194976,0.2,0.9297673031687737,1e-05,0.0041722124,-0.010981659215758555,0.1414267051499337
0.2120846,389120,0.19609891,2.2024941,190,1.520566,1.5480983,4.75588232,5894,66,20.0,-0.31118986,0.040185546875,0.04992104694247246,1890,-0.5970519354566932,0.2,0.9314800128340721,1e-05,0.0033393567,-0.005892548125120811,0.12943213948747143
0.19305743,391168,0.1598895,2.0976014,191,1.4381258,1.6464415,4.46029411,5927,65,20.0,-0.33835924,0.079931640625,0.024246934801340103,1900,-0.6869795772247016,0.2,0.9345026612281799,1e-05,0.012134174,-0.010624159179860726,0.13128646011464298
0.17924616,393216,0.14963219,2.149238,192,1.4504932,1.6152995,4.584705860000001,5960,65,20.0,-0.33343232,0.051904296875,0.015676315873861313,1910,-0.5865816179662943,0.2,0.9149766117334366,1e-05,0.0040544868,-0.00865040599310305,0.15817665287759156
0.18170176,395264,0.17162223,2.001892,193,1.3666899,1.5659674,4.31647064,5992,65,20.0,-0.34765083,0.057763671875,0.014444686472415924,1920,-0.5156288981437683,0.2,0.927243672311306,1e-05,0.0045379866,-0.008430392725858837,0.13650997262448072
0.18250608,397312,0.16807826,2.1724267,194,1.4626873,1.6246573,4.62941176,6024,65,20.0,-0.3272075,0.05166015625,0.02572553977370262,1930,-0.5289789436385035,0.2,0.9286281764507294,1e-05,0.0050664386,-0.008573768381029367,0.1201628725626506
0.17290387,399360,0.14517301,2.1496854,195,1.4635781,1.6021312,4.58176473,6056,65,20.0,-0.3213748,0.039453125,0.10005364567041397,1940,-0.5866634974256157,0.2,0.9271621331572533,1e-05,0.003654824,-0.006932318203325849,0.13778403542237355
0.17073223,401408,0.14434409,2.1000795,196,1.4447224,1.5897895,4.45176476,6091,65,20.0,-0.32811219,0.051806640625,0.029053956270217896,1950,-0.6004208328202367,0.2,0.9257943257689476,1e-05,0.0058509335,-0.0027525997735210694,0.1429393758997321
0.18272424,403456,0.18488842,1.9831412,197,1.378824,1.6111609,4.302058809999999,6124,65,20.0,-0.34230736,0.04892578125,0.02213660627603531,1960,-0.505512142367661,0.2,0.9326031282544136,1e-05,0.00381588,-0.010963435462326743,0.12507823266787454
0.1645813,405504,0.13584447,2.1592424,198,1.5240675,1.5499334,4.62264706,6157,65,20.0,-0.3027506,0.0501953125,0.03593496233224869,1970,-0.45352370352484284,0.2,0.9071424379944801,1e-05,0.0044349125,-0.011684468404564542,0.15327332552988082
0.16633603,407552,0.14328542,2.129099,199,1.4300033,1.6266457,4.50323525,6190,65,20.0,-0.3073857,0.043701171875,0.07812656462192535,1980,-0.49710468933917584,0.2,0.9250504672527313,1e-05,0.010232292,-0.01136775474442402,0.1497439911472611
0.18760149,409600,0.17728816,2.1712322,200,1.5395572,1.6359111,4.63264709,6222,65,20.0,-0.3261789,0.04072265625,0.010944018140435219,1990,-0.45652262307703495,0.2,0.9318563118577003,1e-05,0.004992552,-0.005275308230193332,0.12161793892155401
0.20030512,411648,0.15016712,2.427024,201,1.5811487,1.6092924,5.068235299999999,6254,65,20.0,-0.3262412,0.039501953125,0.019350506365299225,2000,-0.4703902737237513,0.2,0.9356656819581985,1e-05,0.002626773,-0.005426133403670974,0.13551388726336883
0.20245834,413696,0.20922127,2.1804504,202,1.4719422,1.5550678,4.69558826,6286,65,20.0,-0.33503613,0.066064453125,0.010914243757724762,2010,-0.5676119065377861,0.2,0.9403983354568481,1e-05,0.005478507,-0.008654387721617241,0.12946260310709476
0.15320362,415744,0.117145866,2.0204506,203,1.4078991,1.6392999,4.31558827,6318,65,20.0,-0.3331836,0.060986328125,0.010692737065255642,2020,-0.517413770686835,0.2,0.9231970459222794,1e-05,0.0043640016,-0.008183433173689992,0.13826012958888895
0.15629224,417792,0.14793268,2.069973,204,1.3926564,1.6840563,4.397352929999999,6350,65,20.0,-0.34338376,0.05078125,-0.001682724803686142,2030,-0.4213491115253419,0.2,0.9297840818762779,1e-05,0.0034976588,-0.0068841986852930855,0.11736770187271758
0.17608905,419840,0.14498208,2.1081283,205,1.4225383,1.5615665,4.5150000299999995,6381,65,20.0,-0.3280792,0.048291015625,0.009516216814517975,2040,-0.4530803348403424,0.2,0.9216936379671097,1e-05,0.016828885,-0.008128366751770954,0.13167969532078133
0.17169447,421888,0.15396543,2.1168203,206,1.4066868,1.5547235,4.546470609999999,6413,65,20.0,-0.32465208,0.062109375,0.0064008235931396484,2050,-0.5362120680510998,0.2,0.9241672307252884,1e-05,0.0070491126,-0.011272565282706638,0.13272875045659022
0.17596692,423936,0.15171398,2.0106945,207,1.3792744,1.5192982,4.3161765,6444,65,20.0,-0.3436016,0.0431640625,0.041194524616003036,2060,-0.47386819077655673,0.2,0.9270892217755318,1e-05,0.0039837095,-0.008744745465810411,0.12496668365201913
0.16485444,425984,0.15432787,2.1905282,208,1.4557325,1.5877259,4.65588237,6477,65,20.0,-0.3318683,0.0390625,0.04385560750961304,2070,-0.4029688452836126,0.2,0.9178871810436249,1e-05,0.00348069,-0.00813683951710118,0.14143515818286687
0.18670216,428032,0.1505598,2.2048278,209,1.4633477,1.5796739,4.695000039999999,6508,65,20.0,-0.29767472,0.065576171875,0.027288688346743584,2080,-0.5297341510653496,0.2,0.9331498295068741,1e-05,0.0076570804,-0.010107170068658888,0.12498341696336865
0.19404612,430080,0.15312988,2.2928605,210,1.5401146,1.610518,4.83764706,6538,65,20.0,-0.3260137,0.03623046875,0.09646867215633392,2090,-0.5126772555988282,0.2,0.9423554874956608,1e-05,0.0034834347,-0.006246082192228641,0.11012695991666988
0.19159462,432128,0.1531692,2.159255,211,1.4068841,1.5848236,4.6111764299999995,6568,65,20.0,-0.3208804,0.046142578125,0.09269401431083679,2100,-0.5342673648614437,0.2,0.9337621256709099,1e-05,0.0031661605,-0.006115139744360931,0.14038099694880657
0.17577675,434176,0.13633958,2.1949162,212,1.4889699,1.5998114,4.626764769999999,6599,65,20.0,-0.33878237,0.046435546875,0.036092836409807205,2110,-0.4882994819898158,0.2,0.9243422299623489,1e-05,0.004751354,-0.00904521831398597,0.12893610069295391
0.1779429,436224,0.16047391,2.093546,213,1.4190414,1.5756551,4.41588235,6629,65,20.0,-0.34348455,0.03125,0.02713058516383171,2120,-0.44818581505678595,0.2,0.937252901494503,1e-05,0.0048727253,-0.004284876861493103,0.11960885634762235
0.1695412,438272,0.16186689,2.0213675,214,1.3286461,1.6403288,4.274117650000001,6660,65,20.0,-0.337571,0.037548828125,0.03122897446155548,2130,-0.43668869775719943,0.2,0.9276431128382683,1e-05,0.0031533348,-0.009341894317185507,0.1320180806913413
0.17249717,440320,0.13882133,2.1305132,215,1.4431468,1.5629022,4.52441174,6691,65,20.0,-0.31778902,0.041552734375,0.009946445003151894,2140,-0.3743798225186765,0.2,0.9290274083614349,1e-05,0.0042073866,-0.008332040545064956,0.1102743684023153
0.17087667,442368,0.14375864,2.2136335,216,1.4776728,1.6400616,4.73617649,6724,65,20.0,-0.29186195,0.046728515625,0.01633283868432045,2150,-0.40556200365535916,0.2,0.9298912882804871,1e-05,0.005511312,-0.007023477277834899,0.125229288963601
0.15204255,444416,0.1477548,2.103302,217,1.3628204,1.5768304,4.47441177,6756,65,20.0,-0.31985945,0.03486328125,0.12131821364164352,2160,-0.37072006249800327,0.2,0.9254822954535484,1e-05,0.002815607,-0.005774741011555307,0.1424049150198698
0.17158091,446464,0.19146404,2.160007,218,1.5070827,1.6208314,4.57235292,6789,65,20.0,-0.3366251,0.035595703125,0.05238194763660431,2170,-0.3563407740090042,0.2,0.9316889569163322,1e-05,0.0062231314,-0.007706610740569886,0.10906188968219795
0.15240079,448512,0.12764747,2.1611378,219,1.4436584,1.655415,4.63999999,6821,65,20.0,-0.33595634,0.039208984375,0.014790136367082596,2180,-0.4003667511977255,0.2,0.9220927432179451,1e-05,0.0035463832,-0.01122539850184694,0.1557812746730633
0.16075915,450560,0.16167109,2.0708637,220,1.4114478,1.5987993,4.3738234899999995,6854,65,20.0,-0.33191532,0.04599609375,0.03790033236145973,2190,-0.3488988955039531,0.2,0.9325646758079529,1e-05,0.0033672885,-0.010397969203768297,0.1267580568208359
0.1513597,452608,0.14675477,2.1830354,221,1.5143716,1.5834277,4.62117646,6887,65,20.0,-0.34500557,0.047412109375,0.004156557843089104,2200,-0.3044800826814026,0.2,0.9244830757379532,1e-05,0.0029616905,-0.008961054182145744,0.13027312986669132
0.12700719,454656,0.13884127,1.9246104,222,1.3174577,1.6205934,4.142352949999999,6919,65,20.0,-0.34878093,0.040625,0.08457871526479721,2210,-0.34062509606592356,0.2,0.9292093440890312,1e-05,0.002906234,-0.005170245286717545,0.1446370208170265
0.14111498,456704,0.136067,2.0939744,223,1.4387043,1.6065027,4.4658824,6951,65,20.0,-0.31681472,0.023583984375,0.04173634946346283,2220,-0.2504222205141559,0.2,0.9119950011372566,1e-05,0.0021148636,-0.006139735426404514,0.13006388981011696
0.1433179,458752,0.12345677,2.1277385,224,1.4245205,1.5587817,4.4858823600000015,6984,65,20.0,-0.3107997,0.0376953125,0.0443708598613739,2230,-0.2955153596587479,0.2,0.9214067980647087,1e-05,0.0032726084,-0.004627112757589202,0.1364123617298901
0.14407647,460800,0.13335985,2.1512876,225,1.4561881,1.6129823,4.58617647,7017,65,20.0,-0.30699003,0.035546875,0.07285037636756897,2240,-0.3047628727741539,0.2,0.9341544955968857,1e-05,0.008796794,-0.003633636095037218,0.1175247280683834
0.14635126,462848,0.11567875,2.041497,226,1.4554551,1.5639164,4.404117650000001,7050,65,20.0,-0.3407848,0.042724609375,0.11101030558347702,2250,-0.3105143087450415,0.2,0.9267455339431763,1e-05,0.0038758956,-0.009606158078531735,0.14060109053971245
0.15784295,464896,0.12840055,2.0881536,227,1.4108071,1.6811367,4.514411719999999,7084,65,20.0,-0.33735716,0.048876953125,0.04177146404981613,2260,-0.31931815850548445,0.2,0.9248478338122368,1e-05,0.19725172,-0.011130054581735748,0.13794461462530308
0.1625976,466944,0.14913365,2.2162714,228,1.4945631,1.5523562,4.6602941200000005,7117,65,20.0,-0.31823003,0.054052734375,0.002299252897500992,2270,-0.3161223015282303,0.2,0.915734313428402,1e-05,0.004313051,-0.009601255113375373,0.1513892843737267
0.1355515,468992,0.11109316,2.1304023,229,1.4462701,1.5002562,4.53735297,7148,65,20.0,-0.33823416,0.049365234375,0.08950836211442947,2280,-0.31159142677206547,0.2,0.9216591790318489,1e-05,0.0036696517,-0.010573116508021485,0.15444839982083067
0.15568393,471040,0.1314312,2.2729483,230,1.5044194,1.5230954,4.822352919999999,7181,65,20.0,-0.30652884,0.03388671875,0.0730838030576706,2290,-0.28234162770677357,0.2,0.9279761165380478,1e-05,0.0029841047,-0.005080426734639332,0.13436419743811712
0.14572755,473088,0.120206706,2.0309381,231,1.3873166,1.6404034,4.308529419999999,7211,65,20.0,-0.3416486,0.028369140625,0.023608557879924774,2300,-0.301700376230292,0.2,0.9375458024442196,1e-05,0.0017967856,-0.005357207632914651,0.12326651948387735
0.17285833,475136,0.13791354,2.166335,232,1.4974687,1.6301736,4.6373529499999995,7244,65,20.0,-0.3130169,0.035986328125,-0.0018863771110773087,2310,-0.2677458232734352,0.2,0.9229188859462738,1e-05,0.004159794,-0.00511372660548659,0.13017937389668077
0.15295589,477184,0.12746023,2.2387867,233,1.4712515,1.5289167,4.760882390000001,7276,65,20.0,-0.3327726,0.0412109375,0.048856113106012344,2320,-0.30395654023159296,0.2,0.9254387319087982,1e-05,0.0045448225,-0.008041055795911235,0.15378368672099896
0.15165657,479232,0.11641432,2.1120915,234,1.3843572,1.6721245,4.44911764,7309,65,20.0,-0.32078302,0.0443359375,0.07031027972698212,2330,-0.3210485696326941,0.2,0.9338574111461639,1e-05,0.013514191,-0.003985715715680271,0.12800714845070615
0.16822988,481280,0.13861093,2.0507717,235,1.3962691,1.6463588,4.38588232,7342,65,20.0,-0.33712488,0.050439453125,0.05596287548542023,2340,-0.3000037258025259,0.2,0.9240563437342644,1e-05,0.0052201576,-0.011958545024390333,0.13107308569015003
0.14837864,483328,0.120077826,2.0415635,236,1.4155943,1.591778,4.435,7374,65,20.0,-0.34693784,0.03798828125,0.04952383041381836,2350,-0.26687101973220706,0.2,0.9212497249245644,1e-05,0.0031982188,-0.011444216730888001,0.1360964550753124
0.13385981,485376,0.12118089,2.080384,237,1.4083636,1.6558707,4.45911768,7407,65,20.0,-0.32409906,0.0453125,0.04930444061756134,2360,-0.25494084365200254,0.2,0.9223051816225052,1e-05,0.004107507,-0.009767865380854345,0.13972263308241964
0.14328107,487424,0.12742858,2.156816,238,1.4254405,1.6507541,4.517058809999999,7440,65,20.0,-0.30843908,0.02060546875,0.11260861158370972,2370,-0.21325721596367658,0.2,0.9300790205597878,1e-05,0.0016199916,-0.005242138671746943,0.12464308758499101
0.1348273,489472,0.12632,2.108843,239,1.3876972,1.6305314,4.464705899999999,7472,65,20.0,-0.34844926,0.033154296875,0.12024088948965073,2380,-0.2134094740729779,0.2,0.9321468248963356,1e-05,0.0026854037,-0.006682810751954094,0.12295880458550527
0.15374023,491520,0.14338681,2.1676786,240,1.5294772,1.6590942,4.594411750000001,7504,65,20.0,-0.32899147,0.03388671875,0.050851549953222275,2390,-0.21858786882366985,0.2,0.9328980669379234,1e-05,0.0074809417,0.0015460586044355295,0.11359903818229214
0.1412091,493568,0.12426938,2.164147,241,1.4514793,1.5410213,4.50852939,7534,65,20.0,-0.3313402,0.033056640625,0.015080224722623825,2400,-0.2458744576899335,0.2,0.9239357560873032,1e-05,0.0026791575,-0.009415204051765613,0.1554277659743093
0.13460109,495616,0.11848078,2.0038457,242,1.365006,1.6839774,4.256176479999999,7565,65,20.0,-0.3324967,0.019873046875,0.05253049358725548,2410,-0.24933404559269548,0.2,0.9196320399641991,1e-05,0.0020351338,-0.006872099997417535,0.14959883649717085
0.1451089,497664,0.12792306,2.1104326,243,1.4740231,1.6647234,4.5835294,7597,65,20.0,-0.32386363,0.024365234375,0.030224274843931198,2420,-0.21369199412874879,0.2,0.9108035787940025,1e-05,0.002380181,-0.006117249300586991,0.14935818215599284
0.1405085,499712,0.12222469,2.1293123,244,1.4026847,1.5854034,4.592941210000001,7631,65,20.0,-0.30756578,0.026953125,0.05168939381837845,2430,-0.23963930453173815,0.2,0.9244639649987221,1e-05,0.0017778652,-0.006501202896470204,0.14942465932108462
0.14658873,501760,0.13603483,2.0592477,245,1.406325,1.6125265,4.4147058800000005,7665,65,20.0,-0.3347304,0.029541015625,0.04595070332288742,2440,-0.23082170281559228,0.2,0.9339352622628212,1e-05,0.002526378,-0.00420123635121854,0.11567401713691652
