short_mean,return_mean,long_mean,rollout/ep_len_mean,rollout/ep_rew_mean,long_std,short_std,return_std,time/iterations,time/time_elapsed,time/fps,time/total_timesteps,train/loss,train/value_loss,train/learning_rate,train/entropy_loss,train/n_updates,train/policy_gradient_loss,train/approx_kl,train/explained_variance,train/clip_range,train/clip_fraction
0.2769988,0.833426,-0.3858035,20.0,2.3897058799999997,2.0126357,0.2683703,0.4914927,1,34,58,2048,,,,,,,,,,
0.31333154,0.93417335,-0.3717682,20.0,2.24588233,1.9821502,0.28451702,0.5475743,2,66,61,4096,0.03963414579629898,0.1586884921649471,1e-05,-3.555073729157448,10,-0.003600359399570152,0.0010607356,-0.07238888740539551,0.2,0.0
0.2986616,1.071808,-0.38793087,20.0,2.5467646999999998,2.0570416,0.29836535,0.6562391,3,98,62,6144,0.0082060806453228,0.08299124095356092,1e-05,-3.5535951323807238,20,-0.0028341382276266813,0.0009995475,0.5110780000686646,0.2,0.0
0.3048928,1.0996578,-0.3942114,20.0,2.47176467,2.023894,0.26435378,0.65228605,4,129,63,8192,0.018224723637104034,0.08743559862487019,1e-05,-3.549547290802002,30,-0.005883116275072098,0.0040108897,0.6658821702003479,0.2,0.00458984375
0.27884886,0.99587166,-0.40125135,20.0,2.2685294099999997,2.0000184,0.26585832,0.6339411,5,161,63,10240,0.04877784103155136,0.07922462838469073,1e-05,-3.539227128773928,40,-0.005358957799035125,0.0042401934,0.711139053106308,0.2,0.0048828125
0.2810478,1.0532649,-0.38896716,20.0,2.4035294,2.0260284,0.26981005,0.6749615,6,194,63,12288,0.03055707737803459,0.07828133831499144,1e-05,-3.520184352248907,50,-0.006255653919652104,0.006968307,0.7320340573787689,0.2,0.01640625
0.24604943,1.0772295,-0.38013574,20.0,2.4317647200000003,2.0105793,0.26085824,0.64915514,7,227,62,14336,0.009371139109134674,0.08767493456834927,1e-05,-3.4852630153298376,60,-0.008044737378077116,0.0080582695,0.7421782612800598,0.2,0.03818359375
0.2277119,1.069591,-0.41166908,20.0,2.4629411699999997,2.0495417,0.23690312,0.6992979,8,260,62,16384,0.012850422412157059,0.06668110613245518,1e-05,-3.433451468497515,70,-0.008410534693393857,0.010580778,0.7874025702476501,0.2,0.03603515625
0.23410502,1.1393139,-0.39894187,20.0,2.53147062,1.9661798,0.23571353,0.6850364,9,291,63,18432,0.048183053731918335,0.08237279927707278,1e-05,-3.4105668887495995,80,-0.009073312077089214,0.0070662936,0.7648451626300812,0.2,0.027978515625
0.24032128,1.1062032,-0.40235823,20.0,2.4894117799999997,1.9505458,0.21782732,0.6975998,10,323,63,20480,0.01005828008055687,0.07952625431353226,1e-05,-3.3619793355464935,90,-0.014460316102486104,0.013069764,0.7738609611988068,0.2,0.070751953125
0.22149175,1.0936643,-0.410243,20.0,2.4432352699999997,2.1194634,0.1995841,0.6795405,11,354,63,22528,-0.0013035386800765991,0.07887136118370108,1e-05,-3.2990380086004736,100,-0.00987110359565122,0.008578239,0.7839556634426117,0.2,0.031884765625
0.22546154,1.1525729,-0.40735972,20.0,2.6411764699999996,2.0277848,0.19503847,0.719169,12,385,63,24576,-0.00612221471965313,0.07161140614189207,1e-05,-3.220511960983276,110,-0.010137051192577929,0.011973485,0.8022396862506866,0.2,0.049853515625
0.22620763,1.113343,-0.38399893,20.0,2.55264708,2.0206757,0.20256786,0.70206636,13,416,63,26624,0.03696253523230553,0.07998644530307501,1e-05,-3.1354312181472777,120,-0.01175088555610273,0.010012803,0.795049786567688,0.2,0.063037109375
0.25650927,1.1748359,-0.40143448,20.0,2.6314705600000003,1.9041144,0.21642862,0.6939607,14,448,63,28672,0.01352299377322197,0.07479019751772284,1e-05,-3.0754842914640905,130,-0.017249979678308592,0.011790739,0.7975558340549469,0.2,0.1068359375
0.3182089,1.1539218,-0.39227417,20.0,2.6008823100000003,1.9015335,0.24996912,0.71580213,15,479,64,30720,0.04275901988148689,0.0667920297011733,1e-05,-2.9741446390748023,140,-0.011773403960978613,0.013021678,0.8202913403511047,0.2,0.066552734375
0.34957594,1.1910517,-0.40353143,20.0,2.6720587900000004,1.9340749,0.25745922,0.735727,16,510,64,32768,-0.021339282393455505,0.0652858929010108,1e-05,-2.917517926543951,150,-0.01295391099556582,0.011476422,0.8265083283185959,0.2,0.0744140625
0.35507238,1.1747993,-0.4016444,20.0,2.6523529200000002,2.0104113,0.25480646,0.7202109,17,541,64,34816,0.023425932973623276,0.08399489806615748,1e-05,-2.8996191933751105,160,-0.008531174575909971,0.008498607,0.8003866523504257,0.2,0.03056640625
0.34959102,1.2420907,-0.40690845,20.0,2.73411767,1.932123,0.26490527,0.69966453,18,571,64,36864,-0.01664431393146515,0.06589797507622279,1e-05,-2.8932975113391874,170,-0.008375676276045851,0.00905213,0.8388134092092514,0.2,0.04384765625
0.33305764,1.1729666,-0.391369,20.0,2.62441172,1.9124699,0.2571342,0.7014488,19,602,64,38912,0.013504669070243835,0.06109855246613734,1e-05,-2.850861103087664,180,-0.00645660338923335,0.010842662,0.8300543427467346,0.2,0.029248046875
0.38994697,1.1653208,-0.39725745,20.0,2.6097058399999997,1.9556177,0.26399076,0.72340375,20,633,64,40960,0.01648169569671154,0.06868149213842116,1e-05,-2.814992342144251,190,-0.010814584282343276,0.009060532,0.8205380588769913,0.2,0.05546875
0.35409844,1.2305696,-0.41402614,20.0,2.7564705599999995,1.9888626,0.26718393,0.7296702,21,663,64,43008,0.029054835438728333,0.06949329571798443,1e-05,-2.753950820118189,200,-0.005951670334616211,0.0055066566,0.8253338485956192,0.2,0.03125
0.35167187,1.1884608,-0.42519647,20.0,2.66735296,1.9905744,0.25277144,0.7345637,22,693,64,45056,0.01388988271355629,0.06762156678014435,1e-05,-2.8097529381513597,210,-0.010764908796409145,0.013048459,0.8337024748325348,0.2,0.073876953125
0.37445143,1.1753068,-0.3941575,20.0,2.63058825,1.957943,0.27339742,0.7065569,23,723,65,47104,-0.010731559246778488,0.06753164767287671,1e-05,-2.8169652082026007,220,-0.010598871466936544,0.011980476,0.8366573303937912,0.2,0.051220703125
0.3782571,1.2388389,-0.40447938,20.0,2.7664706,1.9009098,0.26405743,0.76479053,24,754,65,49152,0.008955506607890129,0.06355618225643411,1e-05,-2.834268143773079,230,-0.009236885531572625,0.0111244,0.8343690484762192,0.2,0.04990234375
0.42538828,1.233472,-0.40122682,20.0,2.7758823900000005,1.8514026,0.28095427,0.7481041,25,786,65,51200,-0.012854184955358505,0.07716394003364258,1e-05,-2.848553008586168,240,-0.00906823989644181,0.010398354,0.825553834438324,0.2,0.061474609375
0.4073402,1.2760324,-0.3976761,20.0,2.8764706099999997,1.9223299,0.2912956,0.7690107,26,817,65,53248,0.00047160498797893524,0.06811489879037254,1e-05,-2.8045414857566358,250,-0.013453470118110999,0.011462246,0.8419705629348755,0.2,0.108740234375
0.38320222,1.1980181,-0.4145378,20.0,2.71794115,1.967537,0.26972178,0.7530219,27,847,65,55296,-0.009164765477180481,0.0773102817533072,1e-05,-2.800187550485134,260,-0.009721090926905162,0.011122485,0.8250338733196259,0.2,0.05703125
0.43801633,1.1929696,-0.41349962,20.0,2.6855882099999997,1.9808481,0.2888741,0.71572965,28,878,65,57344,0.011729825288057327,0.07537869514198973,1e-05,-2.7656798511743546,270,-0.008292627059563528,0.008107356,0.8274012804031372,0.2,0.046240234375
0.42894706,1.2164469,-0.39007398,20.0,2.7411764599999997,1.9391062,0.29210532,0.7085025,29,909,65,59392,-0.007824738509953022,0.06647873165784404,1e-05,-2.7323339506983757,280,-0.014695483728428372,0.0151010975,0.8269704282283783,0.2,0.098046875
0.44238183,1.2084314,-0.3923415,20.0,2.686176479999999,1.9092764,0.2918885,0.717656,30,939,65,61440,-0.0032988227903842926,0.061955030087847265,1e-05,-2.7150594629347324,290,-0.008661366431624629,0.012388563,0.8331520557403564,0.2,0.04775390625
0.4079844,1.1637131,-0.39788672,20.0,2.57794121,2.0159535,0.28369635,0.71219844,31,970,65,63488,-0.0069333650171756744,0.05821280347299762,1e-05,-2.7623531073331833,300,-0.0129729099891847,0.0146735525,0.8475512713193893,0.2,0.097216796875
0.41159928,1.2025579,-0.37129998,20.0,2.650588219999999,1.9522545,0.2863164,0.72915435,32,1001,65,65536,0.003117963671684265,0.06647505019209347,1e-05,-2.785974828898907,310,-0.009212587695219553,0.012594678,0.8259934335947037,0.2,0.055859375
0.47189766,1.2535853,-0.4026269,20.0,2.80705886,1.928957,0.29341182,0.7468408,33,1033,65,67584,0.020130962133407593,0.06910843513906002,1e-05,-2.745175428688526,320,-0.008284023831947707,0.010883613,0.8293159604072571,0.2,0.03857421875
0.456628,1.2547202,-0.4030314,20.0,2.7511764999999997,1.9685647,0.29519546,0.728608,34,1063,65,69632,0.00937906838953495,0.061144683056045326,1e-05,-2.729341473430395,330,-0.00963257530820556,0.009995205,0.8517556935548782,0.2,0.052099609375
0.4864757,1.3141366,-0.3768105,20.0,2.8826470999999994,1.973876,0.308829,0.7676017,35,1094,65,71680,0.010341769084334373,0.05954827971290797,1e-05,-2.6994182504713535,340,-0.009449379236320965,0.009555648,0.8482596725225449,0.2,0.048828125
0.49207795,1.3110371,-0.39252645,20.0,2.8597058399999997,1.9638563,0.29715604,0.77171224,36,1124,65,73728,0.042381953448057175,0.06292928062030115,1e-05,-2.692705987393856,350,-0.008625577040947973,0.009003181,0.857618048787117,0.2,0.04267578125
0.4826744,1.3252888,-0.3818054,20.0,2.9450000099999993,1.9151832,0.3080027,0.7878187,37,1155,65,75776,0.022142307832837105,0.07466258303611539,1e-05,-2.6842204339802267,360,-0.00917750723892823,0.010420056,0.8441666066646576,0.2,0.0513671875
0.44457936,1.1893792,-0.40042025,20.0,2.6405882800000002,1.8774283,0.2949258,0.7356853,38,1187,65,77824,0.014156825840473175,0.07725170842604712,1e-05,-2.7237255059182646,370,-0.007505531000788324,0.009665076,0.8433828353881836,0.2,0.03173828125
0.4913543,1.2806635,-0.39715427,20.0,2.87000003,1.936268,0.30396274,0.7401599,39,1218,65,79872,-0.003795590251684189,0.06374077490763738,1e-05,-2.725014279037714,380,-0.011968754688859917,0.012173115,0.8431638032197952,0.2,0.07080078125
0.510406,1.2634821,-0.39259297,20.0,2.7908823900000006,1.9140011,0.31654078,0.750183,40,1248,65,81920,-0.004709513857960701,0.058310740924207495,1e-05,-2.6781537875533106,390,-0.008744142143405043,0.010953398,0.851477861404419,0.2,0.054443359375
0.49002337,1.2450392,-0.4170357,20.0,2.789705839999999,1.9858502,0.30322725,0.7310558,41,1279,65,83968,0.024689529091119766,0.0606903993873857,1e-05,-2.627151946723461,400,-0.00829465985589195,0.012955317,0.8628935217857361,0.2,0.046142578125
0.5338278,1.3407078,-0.38788626,20.0,3.0047059299999996,1.9534757,0.32115805,0.78380954,42,1310,65,86016,0.03512084484100342,0.060273271781625226,1e-05,-2.610923428833485,410,-0.006708067667204887,0.008860051,0.8535633981227875,0.2,0.0408203125
0.51072234,1.280219,-0.40810066,20.0,2.8720587900000005,1.9947621,0.31098527,0.7875024,43,1341,65,88064,0.02269817516207695,0.07147276781033725,1e-05,-2.6204565569758413,420,-0.008010767116502393,0.008341329,0.8387754261493683,0.2,0.036328125
0.52852446,1.3133776,-0.41166863,20.0,2.91647061,1.9108291,0.32165954,0.84488565,44,1372,65,90112,0.0060789696872234344,0.07419570091878995,1e-05,-2.6090748332440854,430,-0.00854476956592407,0.0091731865,0.8434283882379532,0.2,0.0484375
0.5338058,1.2886884,-0.40752897,20.0,2.90176471,1.940377,0.32529378,0.7691246,45,1403,65,92160,0.018536414951086044,0.09157306937268003,1e-05,-2.5528842955827713,440,-0.00992508621129673,0.011797895,0.8404593914747238,0.2,0.047216796875
0.5520677,1.2701943,-0.4168984,20.0,2.8058823799999995,1.9559323,0.32912728,0.7437528,46,1434,65,94208,0.0077581629157066345,0.07035843263729476,1e-05,-2.56709251254797,450,-0.0066580074810190125,0.009783899,0.8492496609687805,0.2,0.02890625
0.5494431,1.3017871,-0.38087955,20.0,2.9199999400000003,1.894602,0.32809255,0.77955145,47,1465,65,96256,0.04664958640933037,0.06647081585251727,1e-05,-2.5357809640467166,460,-0.00794990123831667,0.009110961,0.8460888117551804,0.2,0.04140625
0.5445857,1.237939,-0.40722135,20.0,2.7620588100000005,1.9424992,0.32428864,0.77177453,48,1497,65,98304,0.04344522953033447,0.07212983295903541,1e-05,-2.511635709553957,470,-0.010795162993599661,0.012159039,0.8466098457574844,0.2,0.055908203125
0.57224846,1.2942798,-0.40888298,20.0,2.9085294500000005,1.9533386,0.33070368,0.81934285,49,1528,65,100352,0.005209028720855713,0.06532763640861958,1e-05,-2.4643587470054626,480,-0.011128591391025112,0.011350878,0.8694798797369003,0.2,0.0578125
0.56119084,1.2830288,-0.42205215,20.0,2.8667647300000003,1.9352335,0.3321379,0.7820993,50,1561,65,102400,0.0092622060328722,0.09179394881939515,1e-05,-2.3938264533877374,490,-0.012137633658130653,0.01528535,0.8285461813211441,0.2,0.074853515625
0.5804502,1.3795581,-0.42630658,20.0,3.042352920000001,1.8556108,0.33965197,0.80593073,51,1594,65,104448,0.027715176343917847,0.07790926537709311,1e-05,-2.3688930980861187,500,-0.006803758304158691,0.0073900074,0.84100241959095,0.2,0.037646484375
0.60159945,1.4221288,-0.4038537,20.0,3.11088237,1.8097404,0.34905246,0.86657006,52,1625,65,106496,0.018137671053409576,0.07091536250663921,1e-05,-2.319029577076435,510,-0.011988888634368778,0.009509663,0.8594376593828201,0.2,0.06689453125
0.59296757,1.3765085,-0.3847279,20.0,3.0229411699999997,1.8536812,0.3472815,0.8464023,53,1656,65,108544,0.0004520602524280548,0.0845952068164479,1e-05,-2.2896309927105905,520,-0.013962476498272735,0.010754798,0.8574565500020981,0.2,0.076953125
0.6099564,1.4796486,-0.37542295,20.0,3.2538235400000004,1.8620415,0.35089967,0.8923778,54,1689,65,110592,0.036452218890190125,0.07937544342130423,1e-05,-2.256436721235514,530,-0.01197055438242387,0.009714062,0.8609064072370529,0.2,0.0556640625
0.6043577,1.4177276,-0.38233206,20.0,3.1629411299999997,1.75231,0.3426121,0.84434134,55,1721,65,112640,0.010909784585237503,0.08127071172348224,1e-05,-2.200243431329727,540,-0.013846414198633283,0.011694512,0.8704827427864075,0.2,0.07138671875
0.5958197,1.4106723,-0.39331162,20.0,3.1561764599999997,1.856624,0.34455767,0.8302876,56,1753,65,114688,0.011395571753382683,0.06971424552612007,1e-05,-2.1769068643450735,550,-0.008524321840377524,0.012051081,0.8789636194705963,0.2,0.036181640625
0.6102762,1.4246421,-0.3771433,20.0,3.2235294400000005,1.72394,0.34674135,0.889367,57,1784,65,116736,0.013103378936648369,0.06733611321542413,1e-05,-2.10942450016737,560,-0.00924591146176681,0.012988349,0.8807083666324615,0.2,0.0529296875
0.59883773,1.340934,-0.39007187,20.0,3.0338235099999995,1.8472829,0.34771913,0.81317574,58,1816,65,118784,0.022479314357042313,0.08351925683673471,1e-05,-2.0654558692127467,570,-0.011811170374858192,0.010252619,0.8708125352859497,0.2,0.07353515625
0.6178055,1.4443573,-0.39339617,20.0,3.2432352900000008,1.7775633,0.35844952,0.85170007,59,1848,65,120832,0.02257537841796875,0.07000427364255302,1e-05,-2.036325015127659,580,-0.011117601969453971,0.009569172,0.8707449436187744,0.2,0.05166015625
0.6254642,1.5497159,-0.37159055,20.0,3.4829411899999996,1.7610557,0.35396317,0.8832677,60,1880,65,122880,0.027836402878165245,0.06894199187518098,1e-05,-1.9779540546238423,590,-0.008607186438166537,0.008147754,0.8872526735067368,0.2,0.0396484375
0.63019013,1.4622668,-0.39818972,20.0,3.2567646800000007,1.8255664,0.35731384,0.88789624,61,1912,65,124928,0.008502468466758728,0.06357958493754268,1e-05,-1.982874944806099,600,-0.010236867907224223,0.012321429,0.9032239466905594,0.2,0.078466796875
0.6224604,1.4785998,-0.3588747,20.0,3.28235293,1.8611823,0.3528261,0.88433045,62,1944,65,126976,0.030474239960312843,0.08084918286767788,1e-05,-1.9657481502741576,610,-0.01021633615164319,0.010893242,0.8760110512375832,0.2,0.05703125
0.62391824,1.5544716,-0.4043435,20.0,3.4926470999999992,1.7876995,0.3514912,0.92491484,63,1975,65,129024,0.0038074329495429993,0.06805939710466191,1e-05,-1.9890085585415362,620,-0.006779875155189075,0.009734788,0.8919385448098183,0.2,0.027734375
0.6238613,1.5578963,-0.37734848,20.0,3.51147059,1.785542,0.34907195,0.9386355,64,2005,65,131072,0.002603519707918167,0.08357422964181752,1e-05,-2.009379156306386,630,-0.00750504025927512,0.009152774,0.8803847432136536,0.2,0.05009765625
0.6288128,1.5547085,-0.3741123,20.0,3.49882353,1.8606936,0.35718894,0.913224,65,2034,65,133120,0.038433149456977844,0.07712402538745664,1e-05,-1.993869825080037,640,-0.004359934301464819,0.0065811677,0.893945962190628,0.2,0.03056640625
0.62677276,1.580037,-0.4183426,20.0,3.5029411599999998,1.824256,0.3577659,0.9278147,66,2064,65,135168,0.019870854914188385,0.07760757259675302,1e-05,-1.9890017859637736,650,-0.009083112713415175,0.010203276,0.8905340954661369,0.2,0.0521484375
0.6235397,1.5650587,-0.36581236,20.0,3.514411760000001,1.7912815,0.35278106,0.9209207,67,2093,65,137216,0.07139803469181061,0.07923499070457182,1e-05,-1.9885558515787125,660,-0.009296376985730603,0.0129495,0.8869496211409569,0.2,0.064208984375
0.631845,1.5576701,-0.4023101,20.0,3.44941173,1.7964307,0.35666937,0.9304395,68,2123,65,139264,0.02383972331881523,0.0747047521872446,1e-05,-1.9662311252206564,670,-0.008688649421674199,0.0068377564,0.8937470838427544,0.2,0.05419921875
0.63365746,1.5803124,-0.38893998,20.0,3.53411765,1.7675173,0.3595962,0.95088524,69,2156,65,141312,0.060534559190273285,0.08215763297048398,1e-05,-1.9586371686309576,680,-0.0059000718523748216,0.01066741,0.8843267560005188,0.2,0.037353515625
0.636065,1.5565324,-0.3675278,20.0,3.4579411799999997,1.7369808,0.36051175,0.93720746,70,2188,65,143360,0.004426034167408943,0.08494227611226961,1e-05,-1.9092676162719726,690,-0.012792416306911036,0.01240083,0.8874243870377541,0.2,0.09501953125
0.6366557,1.5786967,-0.384865,20.0,3.57235293,1.8382311,0.3584657,0.91888714,71,2220,65,145408,0.03723977133631706,0.07969906848738902,1e-05,-1.881350824981928,700,-0.006506731112312991,0.008351073,0.8952572420239449,0.2,0.0484375
0.6384824,1.5839059,-0.37712446,20.0,3.5470588199999997,1.7861682,0.3644715,0.9239776,72,2251,65,147456,0.024511320516467094,0.06821908906567842,1e-05,-1.856715089827776,710,-0.005607585812686011,0.004887825,0.9054660350084305,0.2,0.02578125
0.64826065,1.670511,-0.42490748,20.0,3.6832353,1.8670086,0.36572462,0.9517181,73,2283,65,149504,0.045634686946868896,0.08551332360948435,1e-05,-1.8156011272221804,720,-0.004683476706850343,0.005667107,0.8794696852564812,0.2,0.022998046875
0.64730275,1.6160958,-0.39403108,20.0,3.58294117,1.8292443,0.36839005,0.9560172,74,2315,65,151552,0.019468938931822777,0.07079546876484528,1e-05,-1.7774645987898112,730,-0.004659095846000128,0.0065056095,0.9079217836260796,0.2,0.043896484375
0.65097034,1.5990051,-0.38546038,20.0,3.5691176199999997,1.8026527,0.36564362,0.9430813,75,2346,65,153600,0.0020215772092342377,0.08291197913931683,1e-05,-1.8064941484481096,740,-0.004800768254790455,0.009424415,0.8933151066303253,0.2,0.038818359375
0.63267934,1.61238,-0.39034027,20.0,3.6138235300000003,1.7925284,0.35744277,0.9379637,76,2379,65,155648,0.017522141337394714,0.0760321055422537,1e-05,-1.8225133810192347,750,-0.005076575414568652,0.0058915587,0.8993078917264938,0.2,0.0318359375
0.6319815,1.5499053,-0.38126597,20.0,3.4991176499999996,1.7725332,0.35786557,0.90948665,77,2413,65,157696,0.045260969549417496,0.07576006384333596,1e-05,-1.8278323024511338,760,-0.006340712100791279,0.008975612,0.9019442647695541,0.2,0.0419921875
0.63774157,1.564353,-0.39419436,20.0,3.48588238,1.72749,0.36044067,0.9328644,78,2443,65,159744,0.021081535145640373,0.07153219626634381,1e-05,-1.8437552966177464,770,-0.00766684914851794,0.009276593,0.8984864428639412,0.2,0.053466796875
0.64113283,1.651561,-0.38190645,20.0,3.67411765,1.701663,0.362246,0.9525824,79,2474,65,161792,0.01610354706645012,0.07945527994888835,1e-05,-1.8786426909267901,780,-0.005669037249754183,0.0075184717,0.8888591825962067,0.2,0.045263671875
0.6552408,1.5907569,-0.38157657,20.0,3.57323533,1.7165616,0.36801547,0.9389328,80,2505,65,163840,0.06968407332897186,0.07785434159450233,1e-05,-1.8675448164343833,790,-0.008080021082423627,0.01157866,0.9025020599365234,0.2,0.067919921875
0.6510621,1.6227322,-0.37746343,20.0,3.62911764,1.8115053,0.3645094,0.9347422,81,2536,65,165888,0.020626146346330643,0.07136660784017294,1e-05,-1.879396803677082,800,-0.00808738508494571,0.010277558,0.8946348577737808,0.2,0.064111328125
0.63322157,1.595401,-0.40632525,20.0,3.6149999999999993,1.8695921,0.35206243,0.93571436,82,2568,65,167936,0.028207607567310333,0.07168906512088143,1e-05,-1.884538732841611,810,-0.00617644886369817,0.009922508,0.9039101302623749,0.2,0.046142578125
0.6357192,1.5587388,-0.3924481,20.0,3.49235296,1.8055667,0.36242083,0.9267874,83,2600,65,169984,0.017169639468193054,0.06896047100308351,1e-05,-1.8521794363856317,820,-0.009338857428519986,0.011038615,0.909032367169857,0.2,0.0798828125
0.6457781,1.6695981,-0.38557014,20.0,3.7147058900000003,1.7704893,0.36140066,0.9809541,84,2632,65,172032,0.008633922785520554,0.07844982458627783,1e-05,-1.8215271551162004,830,-0.005872586247278377,0.006039906,0.8950221389532089,0.2,0.037890625
0.6523498,1.6638575,-0.3901567,20.0,3.7550000200000007,1.7981522,0.36573482,0.95982796,85,2663,65,174080,0.018328595906496048,0.0835867598769255,1e-05,-1.7560110434889793,840,-0.007149021413351875,0.011609992,0.8948931619524956,0.2,0.048291015625
0.6499091,1.6570289,-0.38050026,20.0,3.68205875,1.8742146,0.37036422,0.94381684,86,2694,65,176128,0.02086765132844448,0.0728591805556789,1e-05,-1.697837556153536,850,-0.00821687467105221,0.008264461,0.9082148224115372,0.2,0.084814453125
0.6509503,1.6738536,-0.37619257,20.0,3.7123529100000003,1.7909116,0.3662829,0.97755504,87,2726,65,178176,0.026986118406057358,0.07355802059173584,1e-05,-1.694327438250184,860,-0.006127054715761915,0.006410416,0.9048306494951248,0.2,0.048828125
0.6594085,1.7018051,-0.3597378,20.0,3.7049999800000006,1.6713697,0.37522846,0.9596607,88,2757,65,180224,0.03939220309257507,0.08150536399916745,1e-05,-1.7009528681635857,870,-0.0061765925289364535,0.0070496215,0.9027304127812386,0.2,0.0478515625
0.65549815,1.6442325,-0.37595296,20.0,3.6261764999999997,1.8000284,0.36712903,0.94850856,89,2789,65,182272,0.002189449965953827,0.06494807181879877,1e-05,-1.684366662800312,880,-0.007693541116896086,0.009790143,0.9182380810379982,0.2,0.062109375
0.6518698,1.6387427,-0.37125435,20.0,3.6020588499999997,1.7908416,0.36840224,0.9675595,90,2821,65,184320,0.026139521971344948,0.07406345648923889,1e-05,-1.7223484829068183,890,-0.008694990996445995,0.010003874,0.9042775630950928,0.2,0.062060546875
0.65467376,1.723927,-0.35932767,20.0,3.7611764899999995,1.8184484,0.3722307,0.97955596,91,2852,65,186368,0.005981467664241791,0.0782640702847857,1e-05,-1.7604081872850657,900,-0.010117617252399213,0.013053406,0.9049442410469055,0.2,0.083203125
0.65661013,1.7117139,-0.39542583,20.0,3.765294130000001,1.7601291,0.369967,0.9571103,92,2884,65,188416,0.037923216819763184,0.07695268271490932,1e-05,-1.781962164863944,910,-0.005696750697097741,0.008039398,0.9055991247296333,0.2,0.05146484375
0.64862514,1.6875145,-0.38768524,20.0,3.76911763,1.7930694,0.36324862,0.995695,93,2916,65,190464,0.006415620446205139,0.07012863990967162,1e-05,-1.784139096736908,920,-0.007681804375897628,0.012156421,0.911960132420063,0.2,0.068896484375
0.66610587,1.6279154,-0.34220877,20.0,3.59470588,1.7212931,0.37915957,0.9539316,94,2950,65,192512,0.04171595349907875,0.08837774940766394,1e-05,-1.7894762098789214,930,-0.0073325801873579625,0.008261674,0.8940229788422585,0.2,0.060986328125
0.6473994,1.7106283,-0.3723454,20.0,3.7820588399999995,1.8700404,0.36839,0.9683166,95,2983,65,194560,0.017525769770145416,0.07196389769669623,1e-05,-1.7770278569310904,940,-0.006576099811354652,0.008485053,0.907905824482441,0.2,0.052880859375
0.66113615,1.7059591,-0.39368534,20.0,3.8029412299999996,1.7733386,0.37355673,0.9744958,96,3015,65,196608,0.02107052691280842,0.07113485455629416,1e-05,-1.7363234970718622,950,-0.007368380788830109,0.011757441,0.9111880883574486,0.2,0.0626953125
0.654866,1.6848288,-0.35445952,20.0,3.7247058799999997,1.8107837,0.37157115,0.9751666,97,3045,65,198656,0.010430604219436646,0.07084022269700654,1e-05,-1.7572048768401145,960,-0.007896381668979302,0.011481428,0.9139810875058174,0.2,0.058544921875
0.647231,1.637332,-0.36841613,20.0,3.62470588,1.781044,0.36626017,0.9622936,98,3076,65,200704,0.038566358387470245,0.07825158399064094,1e-05,-1.80414177775383,970,-0.009859438915736974,0.011935424,0.9043665304780006,0.2,0.05703125
0.6662883,1.7303786,-0.38244322,20.0,3.8541176399999997,1.7154818,0.37469512,0.98533046,99,3107,65,202752,0.029590995982289314,0.0647347993159201,1e-05,-1.778438799455762,980,-0.0041889819345669824,0.0044736145,0.9206910505890846,0.2,0.018994140625
0.6552573,1.7341466,-0.3655054,20.0,3.7688235100000003,1.7667372,0.37257892,0.98746514,100,3139,65,204800,0.01924421451985836,0.07362362463609315,1e-05,-1.7688660770654678,990,-0.005927471889299341,0.0071492107,0.9129603952169418,0.2,0.038134765625
0.6604944,1.7113397,-0.3991701,20.0,3.7044118,1.760034,0.3770538,0.9801933,101,3170,65,206848,0.01872776448726654,0.08782414738088846,1e-05,-1.7677864022552967,1000,-0.008965093723963946,0.010799101,0.893712654709816,0.2,0.0966796875
0.65071166,1.6705956,-0.3930627,20.0,3.6794117699999997,1.7757274,0.3722567,0.94089013,102,3200,65,208896,0.02124239131808281,0.07716405913233756,1e-05,-1.7430357355624437,1010,-0.006302643707022071,0.0088096345,0.9018733501434326,0.2,0.04638671875
0.6588685,1.7156997,-0.41216838,20.0,3.75529409,1.7490845,0.37497243,0.97776777,103,3232,65,210944,0.026532582938671112,0.06286026124143973,1e-05,-1.6903547260910272,1020,-0.00365211855241796,0.0040830853,0.9169379398226738,0.2,0.021337890625
0.6662198,1.7106705,-0.37262553,20.0,3.6488235299999996,1.8181015,0.38060892,0.9795013,104,3263,65,212992,0.048179589211940765,0.07341560843633488,1e-05,-1.6978393290191889,1030,-0.007364647355279886,0.007455097,0.9089431837201118,0.2,0.04599609375
0.6665022,1.7638386,-0.39645138,20.0,3.8491176899999995,1.6828558,0.3786743,1.0124066,105,3294,65,215040,0.024294767528772354,0.07777646180475131,1e-05,-1.696911756321788,1040,-0.007418822011095472,0.0066807624,0.9087704420089722,0.2,0.046923828125
0.65301996,1.6862016,-0.39851135,20.0,3.7376470500000005,1.8017917,0.37068364,0.9833808,106,3325,65,217088,0.026692409068346024,0.07652181468438357,1e-05,-1.6425046928226947,1050,-0.003253495675744489,0.007024559,0.9124856367707253,0.2,0.02470703125
0.6703118,1.7659891,-0.36279362,20.0,3.8452940800000004,1.7525977,0.37946796,1.0003451,107,3357,65,219136,0.009511977434158325,0.0746934811817482,1e-05,-1.6211186677217484,1060,-0.008580786859965883,0.012008472,0.9066266268491745,0.2,0.077197265625
0.66455954,1.643036,-0.3901093,20.0,3.62411763,1.8237544,0.37790588,0.9711286,108,3387,65,221184,0.029685135930776596,0.06991682951920666,1e-05,-1.5839288834482432,1070,-0.00528486285766121,0.0071648313,0.9185876846313477,0.2,0.04501953125
0.67011523,1.6995636,-0.4007256,20.0,3.75205881,1.8547397,0.38196766,0.953062,109,3416,65,223232,-0.01808241382241249,0.07739666563575157,1e-05,-1.6194468587636948,1080,-0.008134023015736602,0.0057227947,0.8978704586625099,0.2,0.051025390625
0.6757374,1.7434496,-0.374758,20.0,3.859705860000001,1.7617576,0.3823303,0.9938856,110,3445,65,225280,0.0028211474418640137,0.06866521568736061,1e-05,-1.6272206246852874,1090,-0.005211856136156712,0.00739492,0.909862220287323,0.2,0.0396484375
0.67257184,1.736339,-0.3766432,20.0,3.7744118099999997,1.8368847,0.3832677,0.9924977,111,3474,65,227328,-0.012005044147372246,0.07153458981774748,1e-05,-1.5979499705135822,1100,-0.006342371585196816,0.008614869,0.9151735305786133,0.2,0.036279296875
0.6745075,1.7193499,-0.41873103,20.0,3.7729411999999996,1.8119575,0.38130158,0.9698366,112,3503,65,229376,0.022937413305044174,0.0759230672963895,1e-05,-1.5682139556854964,1110,-0.00484386759926565,0.008033097,0.9068645611405373,0.2,0.049658203125
0.66534317,1.7884779,-0.41277087,20.0,3.88176466,1.7371042,0.37818205,1.0000153,113,3532,65,231424,0.0029952898621559143,0.06779106036992744,1e-05,-1.5455489862710237,1120,-0.005315143025654834,0.006933911,0.9164907559752464,0.2,0.034814453125
0.68153024,1.7713658,-0.37336096,20.0,3.8229411600000005,1.7828017,0.38790658,1.0240571,114,3561,65,233472,0.0045067742466926575,0.0637991635594517,1e-05,-1.5444638006389142,1130,-0.006003531804890372,0.011677398,0.9261997193098068,0.2,0.053662109375
0.6781612,1.7090435,-0.3945951,20.0,3.7305881899999993,1.6858835,0.39009857,0.967087,115,3590,65,235520,0.02497590333223343,0.08150845405762083,1e-05,-1.5216327980160713,1140,-0.011773276858730242,0.013229583,0.9102843999862671,0.2,0.107666015625
0.6705878,1.6711016,-0.39758143,20.0,3.6873529599999997,1.6470124,0.38160297,0.95108294,116,3618,65,237568,0.024961749091744423,0.07088586478494108,1e-05,-1.4849469605833292,1150,-0.0044816767796874045,0.009641388,0.9140898659825325,0.2,0.03515625
0.67993236,1.7994195,-0.39319295,20.0,3.922647079999999,1.7513616,0.38479716,1.0242321,117,3647,65,239616,0.020668216049671173,0.061346864112420005,1e-05,-1.4633827269077302,1160,-0.005833515281847212,0.0091395,0.9227795228362083,0.2,0.0357421875
0.6758647,1.759562,-0.40389255,20.0,3.8908823800000003,1.7695901,0.38293508,1.0295715,118,3677,65,241664,0.020542098209261894,0.0819823693833314,1e-05,-1.4483993172645568,1170,-0.006433188240043819,0.008660994,0.9081839174032211,0.2,0.055029296875
0.68069273,1.7187433,-0.39874393,20.0,3.80499998,1.6979661,0.38584575,0.9936689,119,3706,65,243712,0.02980562299489975,0.07405217913910747,1e-05,-1.4259108986705542,1180,-0.006450675032101572,0.013385912,0.9117553532123566,0.2,0.071533203125
0.68244404,1.8025382,-0.38189343,20.0,3.9332352399999997,1.84643,0.38842013,1.0225642,120,3734,65,245760,0.02839544042944908,0.07759756079176441,1e-05,-1.4331117745488882,1190,-0.004573274185531773,0.0042849723,0.9096320569515228,0.2,0.0271484375
0.67432106,1.8106068,-0.3837679,20.0,3.8944117400000007,1.7797046,0.38418394,1.0347171,121,3763,65,247808,0.031423419713974,0.07550003444775939,1e-05,-1.466134962439537,1200,-0.0042928484821459275,0.0065154815,0.9161501526832581,0.2,0.027490234375
0.6862255,1.8384137,-0.3560761,20.0,3.96294117,1.663447,0.39099446,1.0414844,122,3792,65,249856,0.04708429425954819,0.08567083964007907,1e-05,-1.4410118877887725,1210,-0.0038834176521049812,0.006031396,0.9091747030615807,0.2,0.027978515625
0.6860761,1.7477376,-0.35118493,20.0,3.824411730000001,1.6536645,0.39231327,0.98227614,123,3821,65,251904,0.046175517141819,0.07982436557067558,1e-05,-1.4457590449601412,1220,-0.002412419095344376,0.006295996,0.9173146039247513,0.2,0.026611328125
0.6702888,1.7017548,-0.38155532,20.0,3.794705879999999,1.7752273,0.379922,0.9685759,124,3850,65,253952,0.04220002517104149,0.06261247119400651,1e-05,-1.4547543071210385,1230,-0.006708453127066605,0.009340101,0.9249685779213905,0.2,0.04853515625
0.67081344,1.6728851,-0.3894285,20.0,3.7567647500000003,1.7354271,0.38190988,0.9794363,125,3879,65,256000,0.014030300080776215,0.06374649740755559,1e-05,-1.466714121773839,1240,-0.009391845246136654,0.009527295,0.9178256615996361,0.2,0.075341796875
0.6766727,1.7220706,-0.37965417,20.0,3.8276470400000004,1.6118656,0.3859172,1.0060087,126,3908,66,258048,0.0423661470413208,0.07156716545578093,1e-05,-1.4499561011791229,1250,-0.005951029156858567,0.0120712,0.9151115119457245,0.2,0.060791015625
0.6799251,1.7848566,-0.3814474,20.0,3.97676468,1.8324159,0.3810415,1.0356143,127,3937,66,260096,0.03426801413297653,0.08786055301898159,1e-05,-1.4490407779812813,1260,-0.003961549440282397,0.008367604,0.8989641442894936,0.2,0.030712890625
0.6808012,1.7108207,-0.3920803,20.0,3.7752941200000008,1.7088324,0.38914463,0.99400175,128,3966,66,262144,-0.0024406537413597107,0.07115503438399173,1e-05,-1.4462445594370366,1270,-0.005150605585367884,0.007592671,0.9253773093223572,0.2,0.03896484375
0.6728164,1.7689626,-0.4017308,20.0,3.85058828,1.7570803,0.3837323,0.9931228,129,3998,66,264192,0.0437898226082325,0.07334292950108648,1e-05,-1.4053731489926578,1280,-0.004939788789488375,0.008155065,0.914114698767662,0.2,0.04873046875
0.6858739,1.7725776,-0.38389534,20.0,3.84,1.769331,0.39238724,1.0044978,130,4029,66,266240,0.02822529897093773,0.06778204552829266,1e-05,-1.3874835535883903,1290,-0.003011976834386587,0.009252431,0.9204081371426582,0.2,0.03642578125
0.6820035,1.7489185,-0.39471197,20.0,3.817941180000001,1.7183329,0.38729188,1.0133698,131,4061,66,268288,0.032305337488651276,0.07789979578810743,1e-05,-1.3971328053623437,1300,-0.003972556549706496,0.007892938,0.9130429178476334,0.2,0.0314453125
0.6874901,1.7756714,-0.36424053,20.0,3.9070588399999995,1.7520158,0.38937488,1.0196078,132,4092,66,270336,0.01809651032090187,0.07710038468940184,1e-05,-1.3901165321469307,1310,-0.0039526950276922435,0.008911717,0.9157525599002838,0.2,0.0498046875
0.6780316,1.7700967,-0.36829162,20.0,3.8614706,1.7725246,0.38448346,0.99519295,133,4124,66,272384,0.02373027428984642,0.08584296428598463,1e-05,-1.3870525021106004,1320,-0.004136298003140837,0.0043676742,0.9083507135510445,0.2,0.035302734375
0.6882379,1.8451214,-0.4114039,20.0,3.9502941300000005,1.7095963,0.39161968,1.031855,134,4156,66,274432,0.024376284331083298,0.06976519384770655,1e-05,-1.3793152246624232,1330,-0.004784154634398874,0.010964317,0.9199444055557251,0.2,0.04892578125
0.6832385,1.7875208,-0.39644367,20.0,3.8820588099999993,1.7603651,0.38724044,1.0100815,135,4187,66,276480,0.014439834281802177,0.0790040111867711,1e-05,-1.4068993132561445,1340,-0.008482668246142567,0.008816007,0.9155969172716141,0.2,0.070166015625
0.6863473,1.8957603,-0.36275607,20.0,4.05764703,1.7318064,0.39287773,1.0542383,136,4218,66,278528,-0.0004448629915714264,0.07277153304894454,1e-05,-1.4185753889381885,1350,-0.008757067896658555,0.011013761,0.9206406027078629,0.2,0.08896484375
0.6926743,1.7408999,-0.38402724,20.0,3.8367647199999997,1.7098274,0.39419845,1.0180427,137,4248,66,280576,0.029560811817646027,0.08502264447160997,1e-05,-1.4093302864581347,1360,-0.005415961524704471,0.007872639,0.9106371477246284,0.2,0.043701171875
0.68650067,1.7708019,-0.41409862,20.0,3.91823528,1.8472368,0.38782698,1.0131752,138,4279,66,282624,0.015362970530986786,0.07572863884270191,1e-05,-1.403436465188861,1370,-0.0071418101520976055,0.009362106,0.9096688106656075,0.2,0.091943359375
0.6909435,1.8392,-0.3596367,20.0,4.014117700000001,1.7429036,0.39129344,1.057666,139,4313,65,284672,0.03102659061551094,0.0711405473353807,1e-05,-1.3980940964072943,1380,-0.004900316706334706,0.008211065,0.9211006164550781,0.2,0.044189453125
0.6865108,1.8029447,-0.3902558,20.0,3.94852941,1.713049,0.38872063,1.0057092,140,4345,65,286720,0.02332763560116291,0.07966209513833747,1e-05,-1.3812331568449736,1390,-0.005288359118276275,0.0068164463,0.9175732582807541,0.2,0.044677734375
0.67975795,1.7563874,-0.43148065,20.0,3.84882362,1.8296268,0.38295615,1.0093329,141,4377,65,288768,0.021758655086159706,0.06276529883034528,1e-05,-1.3929686069488525,1400,-0.002328793570632115,0.005201072,0.9256680607795715,0.2,0.025537109375
0.67467344,1.7221794,-0.40333143,20.0,3.7894117599999992,1.7544203,0.38382474,0.9802249,142,4409,65,290816,0.04419600963592529,0.07048361769411712,1e-05,-1.3839550085365773,1410,-0.0066588805770152245,0.008825411,0.9229941815137863,0.2,0.064453125
0.6892177,1.8756144,-0.3771597,20.0,4.16205882,1.663577,0.39102006,1.0402449,143,4440,65,292864,0.022541454061865807,0.06457432986353524,1e-05,-1.360740489885211,1420,-0.004460384951380547,0.0055420697,0.924745112657547,0.2,0.029150390625
0.69089204,1.7743926,-0.37970304,20.0,3.8808823599999998,1.742913,0.3937294,0.9977003,144,4472,65,294912,0.04184381291270256,0.06799766788026318,1e-05,-1.3488714419305325,1430,-0.003736953722545877,0.0063103917,0.9258149564266205,0.2,0.03720703125
0.69876236,1.8628715,-0.36821193,20.0,4.07764701,1.8045794,0.39658275,1.0526953,145,4503,65,296960,0.008914615958929062,0.06122312237857841,1e-05,-1.3457386579364539,1440,-0.011172361226635985,0.009896966,0.9301279783248901,0.2,0.1001953125
0.67211473,1.7521131,-0.40574646,20.0,3.77294115,1.7256699,0.3870241,0.987267,146,4534,65,299008,0.011514268815517426,0.06832546346122399,1e-05,-1.3363319784402847,1450,-0.007908168266294525,0.007721867,0.9270322993397713,0.2,0.058251953125
0.6820708,1.7754736,-0.3976841,20.0,3.894117619999999,1.7358042,0.38621795,1.0248245,147,4567,65,301056,0.02446446754038334,0.07288247063406743,1e-05,-1.3511949110776187,1460,-0.0056506455424823795,0.008917015,0.9150848537683487,0.2,0.046826171875
0.6823008,1.785097,-0.4041652,20.0,3.91558819,1.8171573,0.38916108,1.0222429,148,4601,65,303104,0.020067472010850906,0.06712322586099617,1e-05,-1.3743698552250863,1470,-0.004526816675206646,0.0053800866,0.9287900626659393,0.2,0.042724609375
0.6692603,1.7808366,-0.42072996,20.0,3.9182352499999995,1.8913534,0.3757344,0.99726486,149,4631,65,305152,0.03005044162273407,0.08012298370013013,1e-05,-1.3340528886765242,1480,-0.00851178238808643,0.011359316,0.9126176163554192,0.2,0.0826171875
0.68381745,1.8364264,-0.37671316,20.0,3.9873529399999996,1.7613245,0.38847086,1.0376688,150,4662,65,307200,0.015565168112516403,0.06775275488034822,1e-05,-1.326575194299221,1490,-0.005532518215477467,0.009246599,0.9232744574546814,0.2,0.055615234375
0.6834098,1.6711749,-0.40681577,20.0,3.7088235399999996,1.6633868,0.39391953,0.9623752,151,4693,65,309248,0.03787299990653992,0.07335582068772055,1e-05,-1.285138700529933,1500,-0.0036687994084786623,0.0050419644,0.9252200797200203,0.2,0.041552734375
0.6866205,1.7240393,-0.3901925,20.0,3.8214705799999997,1.7371734,0.39139992,0.98057693,152,4724,65,311296,0.04405546188354492,0.05800879277521744,1e-05,-1.244120028242469,1510,-0.00338953278696863,0.0060399757,0.9253615140914917,0.2,0.035302734375
0.6856018,1.7968652,-0.3942108,20.0,3.9679411700000005,1.7101204,0.3907598,1.0275775,153,4755,65,313344,0.006087683141231537,0.06848995837499387,1e-05,-1.2231505479663611,1520,-0.006079676329682116,0.007353322,0.9197391122579575,0.2,0.05126953125
0.6872518,1.8039906,-0.3827247,20.0,3.9855881899999996,1.7280096,0.38875484,1.0221756,154,4787,65,315392,0.011392686516046524,0.06534983657184057,1e-05,-1.1804802171885966,1530,-0.005657032382441684,0.0056759026,0.9260778725147247,0.2,0.06513671875
0.6889414,1.8196232,-0.39097476,20.0,4.00147059,1.7182213,0.3911861,1.0351369,155,4819,65,317440,0.01907581463456154,0.07163077037548646,1e-05,-1.1741624500602483,1540,-0.0034468877885956315,0.007649354,0.9201419726014137,0.2,0.031201171875
0.685426,1.7927394,-0.39469233,20.0,3.9111764600000005,1.7017611,0.39200112,0.9969756,156,4850,65,319488,0.027659516781568527,0.07843725272687152,1e-05,-1.1675737431272863,1550,-0.004899882592144422,0.007262001,0.9189527630805969,0.2,0.040380859375
0.698802,1.8388672,-0.38226393,20.0,3.993823509999999,1.6820498,0.3986219,1.0427148,157,4881,65,321536,0.0017011528834700584,0.06429362884955481,1e-05,-1.1889400526881218,1560,-0.004515521641587838,0.0048733316,0.9211313873529434,0.2,0.03056640625
0.6952536,1.8155096,-0.34873548,20.0,3.95088229,1.7031341,0.39481196,1.0060685,158,4913,65,323584,0.023437587544322014,0.07549375091330149,1e-05,-1.1930390801280737,1570,-0.004878918440954294,0.0037648329,0.9221381694078445,0.2,0.039794921875
0.6886474,1.8574164,-0.375005,20.0,4.01852942,1.7611979,0.39334193,1.0112828,159,4944,65,325632,0.01718616485595703,0.05237251444486901,1e-05,-1.1964773658663035,1580,-0.0025097892168560064,0.0039735297,0.9428200572729111,0.2,0.026904296875
0.6901101,1.8259175,-0.3877163,20.0,3.93882353,1.7161798,0.39479065,1.0047345,160,4977,65,327680,0.02356996387243271,0.06333178788772784,1e-05,-1.2057575464248658,1590,-0.007203926163492724,0.008893064,0.9293334856629372,0.2,0.07216796875
0.69162047,1.8492155,-0.38165313,20.0,3.9661764799999997,1.7651321,0.39580536,1.0305896,161,5009,65,329728,0.022281920537352562,0.06564330298569984,1e-05,-1.1753573827445507,1600,-0.0038038994985981843,0.009190856,0.9249424263834953,0.2,0.036328125
0.6852119,1.7844105,-0.4014107,20.0,3.8952940999999996,1.7792935,0.3862358,1.0161027,162,5041,65,331776,0.01724911853671074,0.07568633866030723,1e-05,-1.1860061723738908,1610,-0.006716937143937685,0.006608871,0.9212411418557167,0.2,0.0740234375
0.69443214,1.8101559,-0.3897056,20.0,3.9341177099999993,1.7209979,0.39444542,1.0181593,163,5073,65,333824,0.032937631011009216,0.0669116539764218,1e-05,-1.200000475719571,1620,-0.004278905189130456,0.0068818303,0.9274702370166779,0.2,0.035986328125
0.6929661,1.9195797,-0.40960464,20.0,4.168529360000001,1.8247508,0.39189708,1.0832868,164,5103,65,335872,0.03414781764149666,0.06749454720411449,1e-05,-1.1646031124517322,1630,-0.00472296853113221,0.0057458184,0.9273211434483528,0.2,0.05810546875
0.684845,1.771501,-0.39932802,20.0,3.9082353,1.7091146,0.38601437,1.0231125,165,5134,65,337920,0.010973881930112839,0.0752847081515938,1e-05,-1.1630165670067072,1640,-0.004388114626635797,0.007720348,0.9264559969305992,0.2,0.063720703125
0.69341266,1.8131442,-0.3909148,20.0,3.9585293999999998,1.6059384,0.39694312,1.0184335,166,5165,65,339968,0.06338649988174438,0.07486111263860948,1e-05,-1.15023432970047,1650,-0.0040344458204344845,0.0048956047,0.9157006070017815,0.2,0.034130859375
0.6870345,1.8221967,-0.3923638,20.0,4.0455882800000005,1.7148613,0.38838837,1.0177077,167,5195,65,342016,0.023871012032032013,0.06995030941907317,1e-05,-1.1360794818028808,1660,-0.005546915098966565,0.0049805874,0.9240016713738441,0.2,0.03056640625
0.69228387,1.7794521,-0.38500756,20.0,3.91294118,1.7466643,0.39253387,1.0253928,168,5226,65,344064,0.03396569937467575,0.06690277325105853,1e-05,-1.1124105704948306,1670,-0.006503111556230579,0.007968673,0.9244324564933777,0.2,0.06044921875
0.6889211,1.7719983,-0.41072732,20.0,3.8735294199999997,1.7512695,0.3926021,0.9822926,169,5257,65,346112,0.03509671986103058,0.06342487304355018,1e-05,-1.1129415510222316,1680,-0.007921022018126677,0.007903099,0.9318927377462387,0.2,0.06591796875
0.68811035,1.7490649,-0.41210228,20.0,3.8808823500000007,1.8310825,0.389234,1.0144153,170,5289,65,348160,0.02272900566458702,0.05728501510457136,1e-05,-1.1306828279048204,1690,-0.0036778630965272896,0.0062498953,0.9325161129236221,0.2,0.03291015625
0.6853913,1.7946618,-0.38550812,20.0,3.89323533,1.806968,0.3932644,1.0274894,171,5322,65,350208,0.053999681025743484,0.07562415183056145,1e-05,-1.1412851210683583,1700,-0.00829904338097549,0.007835507,0.9148557186126709,0.2,0.065380859375
0.69140285,1.8546278,-0.38395575,20.0,4.0364706,1.765856,0.39134383,1.0606155,172,5353,65,352256,0.016536347568035126,0.07526016690535471,1e-05,-1.1556679299101233,1710,-0.006020615718443878,0.007876764,0.9176455140113831,0.2,0.0607421875
0.694353,1.80577,-0.37464184,20.0,3.9541176600000005,1.7385395,0.3966105,1.0131991,173,5384,65,354304,0.0071982890367507935,0.0922389720857609,1e-05,-1.16914569362998,1720,-0.0035900040238630027,0.005090042,0.9098288044333458,0.2,0.0291015625
0.696872,1.8343062,-0.39937842,20.0,3.9823529399999997,1.8085442,0.39438087,1.0348326,174,5415,65,356352,0.02184792421758175,0.0675821314973291,1e-05,-1.1499644577503205,1730,-0.004533220318262465,0.006105995,0.9258685484528542,0.2,0.04501953125
0.70012105,1.7938952,-0.39620715,20.0,3.9294117400000004,1.8444752,0.39688703,0.996194,175,5446,65,358400,0.030424587428569794,0.07809467866318301,1e-05,-1.146602811664343,1740,-0.007731912634335458,0.009882024,0.9197467491030693,0.2,0.09658203125
0.6931504,1.8253112,-0.41622937,20.0,3.9341177100000007,1.7556294,0.3976414,1.0307932,176,5478,65,360448,0.021148256957530975,0.06395013448782265,1e-05,-1.1150416681542992,1750,-0.005440560607530643,0.0072393822,0.9288600087165833,0.2,0.051953125
0.6913754,1.8270159,-0.3936854,20.0,3.9749999900000006,1.725334,0.3899457,1.0167652,177,5509,65,362496,0.02613941952586174,0.07305027836700902,1e-05,-1.1447938572615386,1760,-0.004908735817298293,0.003631026,0.9246210157871246,0.2,0.03896484375
0.69929785,1.8322564,-0.3815989,20.0,3.9997058599999997,1.7423143,0.39802852,1.0219868,178,5541,65,364544,0.011893253773450851,0.05739507569815032,1e-05,-1.145087879896164,1770,-0.0041047516337130215,0.0072733695,0.9377349391579628,0.2,0.036474609375
0.6828191,1.7534962,-0.38591623,20.0,3.7897058500000003,1.7526098,0.3907379,1.0002236,179,5573,65,366592,0.02771259844303131,0.0604997918533627,1e-05,-1.1685790602117776,1780,-0.005831424483039882,0.007886247,0.9362042024731636,0.2,0.049853515625
0.69840467,1.8670928,-0.3819762,20.0,4.08205886,1.7374383,0.4004206,1.0467998,180,5605,65,368640,0.01038440689444542,0.07102082325145602,1e-05,-1.2077479183673858,1790,-0.0060953866195632145,0.0063945227,0.9197687804698944,0.2,0.055419921875
0.69028074,1.8072783,-0.38008025,20.0,3.9652941600000005,1.7238728,0.39353248,1.0250158,181,5636,65,370688,0.06510454416275024,0.0879759270523209,1e-05,-1.1852107796818019,1800,-0.006676333908399101,0.00810506,0.9110309705138206,0.2,0.057421875
0.6927492,1.7761579,-0.37347555,20.0,3.8635293799999992,1.7323163,0.39512068,1.0152465,182,5668,65,372736,0.006047725677490234,0.06645322155673057,1e-05,-1.1612081475555898,1810,-0.005011078104143962,0.0046495115,0.9282100722193718,0.2,0.056005859375
0.69725204,1.8868132,-0.39598158,20.0,4.022647109999999,1.790712,0.39875677,1.0447907,183,5701,65,374784,0.09415420144796371,0.07233974931878037,1e-05,-1.1692098893225193,1820,-0.005312242193031125,0.008275948,0.9208323508501053,0.2,0.05322265625
0.69203436,1.8191371,-0.3756521,20.0,3.95294118,1.7695658,0.3949645,1.0337652,184,5733,65,376832,0.005976555868983269,0.06984292186098173,1e-05,-1.1892921764403581,1830,-0.00464290664094733,0.005883158,0.9225169271230698,0.2,0.05732421875
0.69284976,1.8266231,-0.38360456,20.0,3.9411764999999996,1.7704632,0.39659387,1.0208964,185,5764,65,378880,0.007274465635418892,0.06474196328781545,1e-05,-1.1810302525758742,1840,-0.004961649289180059,0.008197721,0.9282654151320457,0.2,0.05
0.6892145,1.8211584,-0.39975205,20.0,3.9758823000000008,1.7381743,0.3927736,1.0152578,186,5796,65,380928,0.010864315554499626,0.06383711892412976,1e-05,-1.1985222190618514,1850,-0.007409052160801366,0.006749323,0.9300453662872314,0.2,0.05771484375
0.7006919,1.8015778,-0.36662948,20.0,3.9344117600000006,1.6769778,0.39913207,1.0159402,187,5829,65,382976,-0.00332660973072052,0.06701084685628303,1e-05,-1.2022235542535782,1860,-0.0045618690404808145,0.00449678,0.9271983504295349,0.2,0.062353515625
0.6860827,1.8310945,-0.39512342,20.0,3.9602940899999997,1.717446,0.39050263,1.0192022,188,5861,65,385024,0.02289794757962227,0.0651425108721014,1e-05,-1.189554464817047,1870,-0.0033341084301355293,0.002451667,0.9302062094211578,0.2,0.01611328125
0.69247603,1.8411385,-0.3750238,20.0,3.9699999799999994,1.773894,0.3958117,1.0391302,189,5892,65,387072,0.039718400686979294,0.06713883650372736,1e-05,-1.1702216148376465,1880,-0.004698034850298427,0.009970257,0.9243784323334694,0.2,0.068994140625
0.7004067,1.8761225,-0.3835877,20.0,4.072058800000001,1.7415465,0.4003818,1.0845715,190,5923,65,389120,0.02201167866587639,0.08089227532618679,1e-05,-1.208321863785386,1890,-0.006151223546476103,0.0068444554,0.9173627719283104,0.2,0.040771484375
0.68843496,1.8354788,-0.38919872,20.0,4.0041176499999995,1.7704796,0.39202747,1.0272232,191,5954,65,391168,0.002021508291363716,0.09222792547079735,1e-05,-1.1657669804990292,1900,-0.00491731713846093,0.0077108108,0.91127610206604,0.2,0.059619140625
0.69680274,1.8902242,-0.36900973,20.0,4.07117647,1.7756404,0.39810446,1.0401738,192,5985,65,393216,0.018388953059911728,0.06304845203412697,1e-05,-1.1478306947275996,1910,-0.0065349249314749615,0.00990943,0.9282870814204216,0.2,0.074951171875
0.69616807,1.8133541,-0.39024413,20.0,3.982352889999999,1.7934003,0.3958481,1.0092974,193,6017,65,395264,0.019104916602373123,0.06951714823953807,1e-05,-1.1102490868419408,1920,-0.005831706165918149,0.009419765,0.9264868199825287,0.2,0.04345703125
0.6938343,1.8319199,-0.35592532,20.0,3.9564705699999996,1.6734912,0.39674702,1.01344,194,6049,65,397312,0.013845223933458328,0.05230428307550028,1e-05,-1.103262260183692,1930,-0.003319515509065241,0.0028441781,0.9399931132793427,0.2,0.031787109375
0.69975364,1.8558853,-0.403766,20.0,4.04882355,1.7950228,0.39952788,1.0412345,195,6081,65,399360,0.02653350494801998,0.05923636603401974,1e-05,-1.1049015222117304,1940,-0.004542154664522968,0.0034937211,0.9357951283454895,0.2,0.036083984375
0.690013,1.8037753,-0.39933062,20.0,3.8935294099999997,1.8166265,0.39243585,1.0270028,196,6113,65,401408,0.039408765733242035,0.06607122839195653,1e-05,-1.1341554392129183,1950,-0.006870645910385065,0.009475606,0.9322488754987717,0.2,0.082177734375
0.69908845,1.8662372,-0.38919988,20.0,4.04441175,1.7216198,0.3990953,1.0645735,197,6144,65,403456,0.018813230097293854,0.06818074295879342,1e-05,-1.1000978229567409,1960,-0.005875291180564091,0.0060910434,0.9265012294054031,0.2,0.049951171875
0.6997928,1.813931,-0.3917548,20.0,4.012647100000001,1.6946193,0.39865425,1.0099046,198,6174,65,405504,-0.0035030581057071686,0.07994582576211542,1e-05,-1.0950937712565065,1970,-0.004404179658740759,0.0056113238,0.9180581495165825,0.2,0.021142578125
0.69349086,1.8298897,-0.39738372,20.0,3.9323529099999996,1.8235449,0.39642477,1.0256013,199,6205,65,407552,0.036756161600351334,0.05388020246755332,1e-05,-1.1154088366776704,1980,-0.0035821256387862377,0.0046438924,0.9395753517746925,0.2,0.043896484375
0.69272876,1.8094201,-0.36789995,20.0,3.9526470500000004,1.8376094,0.3944241,1.0197135,200,6237,65,409600,0.04585059732198715,0.06936866088653915,1e-05,-1.1161655813455582,1990,-0.0037082293682033198,0.0065899612,0.925168052315712,0.2,0.03603515625
0.69986904,1.905432,-0.39826995,20.0,4.02911766,1.7965181,0.3991903,1.0537994,201,6270,65,411648,-0.002476640045642853,0.06722721796249971,1e-05,-1.122927663475275,2000,-0.005450522666797042,0.006340242,0.9292826056480408,0.2,0.039990234375
0.7048046,1.8934133,-0.3788774,20.0,4.08558821,1.7646766,0.4025698,1.057764,202,6301,65,413696,0.025851354002952576,0.0637678836705163,1e-05,-1.1242672059684993,2010,-0.0051136576570570465,0.010074098,0.9295640885829926,0.2,0.05869140625
0.70098126,1.9101369,-0.41237283,20.0,4.091764720000001,1.7384489,0.4005146,1.0565242,203,6332,65,415744,0.019676150754094124,0.0717815856798552,1e-05,-1.135997581295669,2020,-0.0045798211940564215,0.0075022103,0.9294837042689323,0.2,0.052734375
0.70204574,1.8594424,-0.37603953,20.0,4.02911761,1.7566848,0.39915434,1.0460132,204,6363,65,417792,0.05378469079732895,0.07128226075437852,1e-05,-1.1309963015839457,2030,-0.002243398915743455,0.0064328136,0.9293835088610649,0.2,0.032421875
0.70091987,1.8487985,-0.3698245,20.0,4.0479411700000005,1.7263908,0.3972621,1.0307403,205,6393,65,419840,0.04030361771583557,0.06667422447935678,1e-05,-1.1254207216203214,2040,-0.005299350027053151,0.0038848384,0.9316355139017105,0.2,0.05302734375
0.70136654,1.9403603,-0.37796456,20.0,4.2002941400000005,1.7221934,0.39913464,1.0666375,206,6424,65,421888,0.007889185100793839,0.05943948286003433,1e-05,-1.13550766967237,2050,-0.0041819531848886985,0.0070939325,0.9381484612822533,0.2,0.04501953125
0.6921766,1.8676865,-0.4100656,20.0,4.02470588,1.7539083,0.39408758,1.0529531,207,6455,65,423936,0.019999587908387184,0.07091628447524272,1e-05,-1.1033108685165645,2060,-0.006027802493190393,0.006891324,0.9313907027244568,0.2,0.052197265625
0.6939261,1.9260685,-0.39509067,20.0,4.157941190000001,1.7742428,0.39725977,1.0738864,208,6486,65,425984,0.019898641854524612,0.07234074169537053,1e-05,-1.1270253650844098,2070,-0.00585074358532438,0.006236641,0.9279695078730583,0.2,0.04482421875
0.7058962,1.9252263,-0.37597215,20.0,4.14352945,1.6977447,0.40235072,1.091387,209,6517,65,428032,0.018233967944979668,0.07170311405789107,1e-05,-1.1254087587818504,2080,-0.00476582545961719,0.0034860915,0.928971417248249,0.2,0.037255859375
0.6912042,1.85093,-0.37280625,20.0,3.99411762,1.711548,0.39456597,1.0129912,210,6548,65,430080,0.04541941359639168,0.08892398755415343,1e-05,-1.1332899052649736,2090,-0.005049733893247321,0.004469159,0.917294017970562,0.2,0.054931640625
0.69555753,1.835803,-0.35754022,20.0,3.95529408,1.6442951,0.39813256,1.0224648,211,6579,65,432128,0.025179293006658554,0.05825310213840566,1e-05,-1.1453430010005832,2100,-0.005323816789314151,0.0066786525,0.9342159554362297,0.2,0.06904296875
0.70145154,1.8524098,-0.36689192,20.0,4.01617645,1.7630337,0.39985678,1.0268779,212,6610,65,434176,0.048733342438936234,0.0670229151204694,1e-05,-1.128455412760377,2110,-0.0033969480922678486,0.006910585,0.928421325981617,0.2,0.03125
0.6934861,1.8778158,-0.43069807,20.0,4.027058820000001,1.7278281,0.39706585,1.0683244,213,6642,65,436224,0.004637992009520531,0.07429543583421036,1e-05,-1.1244654254987836,2120,-0.005095966115186456,0.0040759346,0.9218685105443001,0.2,0.039892578125
0.6998814,1.919149,-0.39288324,20.0,4.12411768,1.7943873,0.39893886,1.0837767,214,6673,65,438272,0.012196976691484451,0.07649210053496062,1e-05,-1.1241697926074266,2130,-0.005618483806028962,0.0069792112,0.9249129593372345,0.2,0.067041015625
0.70421195,1.7996569,-0.3901768,20.0,3.9085293900000004,1.7330151,0.40277237,1.0332044,215,6704,65,440320,0.055519163608551025,0.08093715312425047,1e-05,-1.086161069571972,2140,-0.005981340131256729,0.007870703,0.92423065751791,0.2,0.071240234375
0.7008257,1.8331544,-0.37674883,20.0,3.9997059000000004,1.6828578,0.40011054,1.0167836,216,6735,65,442368,-0.00619511678814888,0.0662662809190806,1e-05,-1.076112799718976,2150,-0.004938308443524875,0.009543367,0.9315648972988129,0.2,0.071142578125
0.6876735,1.8889117,-0.39175484,20.0,4.0994117999999995,1.7395766,0.39470232,1.0491542,217,6767,65,444416,0.013210602104663849,0.06777718993253075,1e-05,-1.098166086897254,2160,-0.004460908629698679,0.0061555617,0.9259822145104408,0.2,0.046630859375
0.6874792,1.8267522,-0.3875217,20.0,3.9541176500000006,1.7561731,0.39584097,1.0160302,218,6798,65,446464,0.027464866638183594,0.07777754749986343,1e-05,-1.086827901378274,2170,-0.004836892410821747,0.0052994536,0.9189743623137474,0.2,0.038818359375
0.7007016,1.8752728,-0.3876663,20.0,4.03147051,1.7215717,0.3978767,1.0770367,219,6829,65,448512,0.0537407211959362,0.06620762447128073,1e-05,-1.0689423041418196,2180,-0.004425390707910992,0.0038259234,0.9283649772405624,0.2,0.03779296875
0.7035847,1.8290293,-0.37636304,20.0,3.982058799999999,1.6937644,0.40266982,1.0290313,220,6861,65,450560,0.029998494312167168,0.07741922926506958,1e-05,-1.0500555938109755,2190,-0.005065911779820453,0.0037551573,0.9249521866440773,0.2,0.03642578125
0.7002812,1.8801116,-0.39302057,20.0,3.99852937,1.6946123,0.40225777,1.0346115,221,6893,65,452608,-0.008022199384868145,0.062167392956325784,1e-05,-1.0454001436010003,2200,-0.007845893125340809,0.008407446,0.9339569807052612,0.2,0.0701171875
0.68858767,1.8259045,-0.37638515,20.0,3.9470588500000003,1.7750758,0.3907244,1.0366578,222,6924,65,454656,0.0526379756629467,0.063651063881116,1e-05,-1.0639599703252316,2210,-0.0037686844370909967,0.0066216285,0.9327660202980042,0.2,0.053955078125
0.706498,1.8620107,-0.375475,20.0,4.04147059,1.6666663,0.40621,1.0409541,223,6956,65,456704,0.027099549770355225,0.07106528100557626,1e-05,-1.084434949234128,2220,-0.006868119636783377,0.0069966307,0.9237655252218246,0.2,0.065625
0.7117734,1.9253029,-0.37125868,20.0,4.14823532,1.7484725,0.4081689,1.0662485,224,6991,65,458752,0.023513220250606537,0.06889926744624972,1e-05,-1.0513550350442529,2230,-0.0061375176475849,0.005820252,0.9288521856069565,0.2,0.03623046875
0.70891035,1.9525976,-0.37809917,20.0,4.2041176,1.7708044,0.40403104,1.1013632,225,7024,65,460800,0.02391147054731846,0.06233953868504614,1e-05,-1.037115341052413,2240,-0.007742799000698142,0.008475095,0.9370004385709763,0.2,0.07490234375
0.6989404,1.8540633,-0.3673793,20.0,3.9488235499999997,1.7260429,0.3996788,1.0484946,226,7055,65,462848,0.026023229584097862,0.07246208016877062,1e-05,-1.013146215490997,2250,-0.0039696915919194,0.0058599696,0.9338866621255875,0.2,0.039892578125
0.70595753,1.8731117,-0.35979587,20.0,4.0600000000000005,1.6647853,0.4057806,1.0486838,227,7089,65,464896,0.028325432911515236,0.07645805791253224,1e-05,-1.0382152045145632,2260,-0.005789341038325802,0.0044630286,0.9225606843829155,0.2,0.049072265625
0.7070507,1.8930616,-0.35041147,20.0,4.048529390000001,1.7707441,0.405158,1.045888,228,7123,65,466944,0.013866275548934937,0.06869500936591066,1e-05,-1.0456596387550234,2270,-0.006790042377542704,0.0069056815,0.9311341717839241,0.2,0.07626953125
0.6980961,1.9488937,-0.39248952,20.0,4.1782353,1.7865973,0.3982242,1.0793017,229,7155,65,468992,0.021599531173706055,0.06720635661040433,1e-05,-1.0306904982775449,2280,-0.006317919127468485,0.006093016,0.932118833065033,0.2,0.04638671875
0.6964772,1.9037783,-0.36533624,20.0,4.14558825,1.7538967,0.3943496,1.0885983,230,7187,65,471040,0.02998364344239235,0.07582085162866861,1e-05,-1.0062508909031749,2290,-0.003839249862357974,0.0041829576,0.9275145977735519,0.2,0.0337890625
0.6952934,1.8785892,-0.37457407,20.0,4.06352937,1.7795212,0.39774132,1.0399463,231,7219,65,473088,0.019995061680674553,0.07957787858904339,1e-05,-0.99749989900738,2300,-0.0063736030628206205,0.004047339,0.922827310860157,0.2,0.0515625
0.7013018,1.8702488,-0.37204674,20.0,4.016764719999999,1.725247,0.40002894,1.0324142,232,7251,65,475136,0.0016108974814414978,0.06414850795990787,1e-05,-1.0130498606711626,2310,-0.004974132654024288,0.005692223,0.932568334043026,0.2,0.03916015625
0.6982759,1.8552039,-0.36802644,20.0,3.9752941300000004,1.6785839,0.4024591,1.0389829,233,7282,65,477184,0.02502085641026497,0.0612861827830784,1e-05,-1.034306313842535,2320,-0.005408663986600004,0.004627588,0.937758170068264,0.2,0.04384765625
0.70014083,1.9116178,-0.33198377,20.0,4.123823529999999,1.7278132,0.4000905,1.060701,234,7314,65,479232,0.00524180568754673,0.06826432340312749,1e-05,-1.0558258175849915,2330,-0.004729018232319504,0.0060939724,0.929201140999794,0.2,0.043212890625
0.7074691,1.8744333,-0.3474052,20.0,4.02205881,1.7143165,0.40467483,1.0496444,235,7346,65,481280,0.013128813356161118,0.06567427243571729,1e-05,-1.0628473130986094,2340,-0.0060238524514716115,0.0067276144,0.9337955489754677,0.2,0.061083984375
0.69875693,1.8846407,-0.3391714,20.0,4.06352943,1.7684969,0.39873835,1.0557704,236,7378,65,483328,0.011560756713151932,0.06827807377558201,1e-05,-1.0294421777129172,2350,-0.0034411358239594845,0.0049403375,0.9305010661482811,0.2,0.04814453125
0.711089,1.9212601,-0.3826693,20.0,4.16499996,1.7470367,0.40593755,1.0743377,237,7408,65,485376,-0.008110696449875832,0.07433393729152157,1e-05,-1.019663249514997,2360,-0.0052232902351534,0.0033998904,0.9255327805876732,0.2,0.048193359375
0.699873,1.9247235,-0.37954336,20.0,4.147352939999999,1.7414163,0.39764857,1.0737413,238,7439,65,487424,0.041185036301612854,0.07402759324759245,1e-05,-1.019164527207613,2370,-0.007847785690682941,0.009119977,0.9300725162029266,0.2,0.057421875
0.7066278,1.8924336,-0.3475685,20.0,4.07117644,1.673054,0.4075961,1.0585593,239,7469,65,489472,0.06768253445625305,0.06645801218692213,1e-05,-0.996165564097464,2380,-0.006693796021863818,0.0055194004,0.9353415220975876,0.2,0.04423828125
0.7017382,1.916533,-0.36393672,20.0,4.1558823600000006,1.7799796,0.39800158,1.0733552,240,7499,65,491520,0.05505586415529251,0.07264256017515436,1e-05,-1.0119256554171443,2390,-0.007815848398604431,0.0064561185,0.9275287836790085,0.2,0.063427734375
0.6997544,1.8849325,-0.3803351,20.0,4.03000004,1.7053759,0.40428612,1.0751958,241,7529,65,493568,0.013854559510946274,0.0732603982440196,1e-05,-0.9934854386374354,2400,-0.005583722775918431,0.0045597698,0.928677573800087,0.2,0.03916015625
0.7072522,1.940625,-0.3547977,20.0,4.17147062,1.7458029,0.40312117,1.0629214,242,7559,65,495616,0.025576140731573105,0.07502860111417249,1e-05,-0.9416389526799321,2410,-0.00456226900278125,0.0035600408,0.927816316485405,0.2,0.03427734375
0.7009959,1.8508888,-0.34226155,20.0,4.007941160000001,1.7019266,0.40146708,1.0234269,243,7590,65,497664,0.015427101403474808,0.0681847054453101,1e-05,-0.9582405989989639,2420,-0.005213311618717853,0.0046032425,0.9340353608131409,0.2,0.037353515625
0.7070667,1.8610231,-0.35542345,20.0,4.05764703,1.7300056,0.40570697,1.0275917,244,7623,65,499712,0.018522990867495537,0.05469126318348572,1e-05,-0.9727272380143404,2430,-0.004647924756864086,0.0035947307,0.9397026039659977,0.2,0.04345703125
0.7013136,1.8439053,-0.37475652,20.0,4.006176470000001,1.7819786,0.40043777,1.0397384,245,7655,65,501760,0.011109013110399246,0.06278468100354076,1e-05,-0.9565680962055921,2440,-0.003805911386734806,0.0056197126,0.9356928467750549,0.2,0.041162109375
